subject,subj_raw,hand,date,run,ts,src_dir,fname
fgw0917,fgw-0917,left,20260502,3,20260502_104240,fgw0917_0502_left,fgw-0917__20260502-left-3__20260502_104240.npz
fgw0917,fgw-0917,left,20260502,3,20260502_104509,fgw0917_0502_left,fgw-0917__20260502-left-3__20260502_104509.npz
fgw0917,fgw-0917,left,20260502,3,20260502_104725,fgw0917_0502_left,fgw-0917__20260502-left-3__20260502_104725.npz
fgw0917,fgw-0917,left,20260502,3,20260502_104940,fgw0917_0502_left,fgw-0917__20260502-left-3__20260502_104940.npz
fgw0917,fgw-0917,left,20260502,3,20260502_105153,fgw0917_0502_left,fgw-0917__20260502-left-3__20260502_105153.npz
fgw0917,fgw-0917,left,20260502,3,20260502_105406,fgw0917_0502_left,fgw-0917__20260502-left-3__20260502_105406.npz
fgw0917,fgw-0917,left,20260502,3,20260502_105620,fgw0917_0502_left,fgw-0917__20260502-left-3__20260502_105620.npz
fgw0917,fgw-0917,left,20260502,3,20260502_105835,fgw0917_0502_left,fgw-0917__20260502-left-3__20260502_105835.npz
fgw0917,fgw-0917,left,20260502,3,20260502_110050,fgw0917_0502_left,fgw-0917__20260502-left-3__20260502_110050.npz
fgw0917,fgw-0917,left,20260502,3,20260502_110306,fgw0917_0502_left,fgw-0917__20260502-left-3__20260502_110306.npz
fgw0917,fgw-0917,left,20260502,3,20260502_110523,fgw0917_0502_left,fgw-0917__20260502-left-3__20260502_110523.npz
fgw0917,fgw-0917,left,20260502,3,20260502_110738,fgw0917_0502_left,fgw-0917__20260502-left-3__20260502_110738.npz
fgw0917,fgw-0917,left,20260502,3,20260502_110952,fgw0917_0502_left,fgw-0917__20260502-left-3__20260502_110952.npz
fgw0917,fgw-0917,left,20260502,3,20260502_111232,fgw0917_0502_left,fgw-0917__20260502-left-3__20260502_111232.npz
fgw0917,fgw-0917,left,20260502,3,20260502_111447,fgw0917_0502_left,fgw-0917__20260502-left-3__20260502_111447.npz
fgw0917,fgw-0917,left,20260502,3,20260502_111705,fgw0917_0502_left,fgw-0917__20260502-left-3__20260502_111705.npz
fgw0917,fgw-0917,left,20260502,3,20260502_111920,fgw0917_0502_left,fgw-0917__20260502-left-3__20260502_111920.npz
fgw0917,fgw-0917,left,20260502,3,20260502_112135,fgw0917_0502_left,fgw-0917__20260502-left-3__20260502_112135.npz
fgw0917,fgw-0917,left,20260502,3,20260502_112349,fgw0917_0502_left,fgw-0917__20260502-left-3__20260502_112349.npz
fgw0917,fgw-0917,left,20260502,3,20260502_112603,fgw0917_0502_left,fgw-0917__20260502-left-3__20260502_112603.npz
fgw0917,fgw-0917,left,20260502,3,20260502_112818,fgw0917_0502_left,fgw-0917__20260502-left-3__20260502_112818.npz
fgw0917,fgw-0917,left,20260502,3,20260502_113031,fgw0917_0502_left,fgw-0917__20260502-left-3__20260502_113031.npz
fgw0917,fgw-0917,left,20260502,3,20260502_113247,fgw0917_0502_left,fgw-0917__20260502-left-3__20260502_113247.npz
fgw0917,fgw-0917,left,20260502,3,20260502_113503,fgw0917_0502_left,fgw-0917__20260502-left-3__20260502_113503.npz
fgw0917,fgw-0917,left,20260502,3,20260502_113718,fgw0917_0502_left,fgw-0917__20260502-left-3__20260502_113718.npz
fgw0917,fgw-0917,left,20260502,3,20260502_113932,fgw0917_0502_left,fgw-0917__20260502-left-3__20260502_113932.npz
fgw0917,fgw-0917,left,20260502,3,20260502_114146,fgw0917_0502_left,fgw-0917__20260502-left-3__20260502_114146.npz
fgw0917,fgw-0917,left,20260502,3,20260502_114400,fgw0917_0502_left,fgw-0917__20260502-left-3__20260502_114400.npz
fgw0917,fgw-0917,left,20260502,3,20260502_114614,fgw0917_0502_left,fgw-0917__20260502-left-3__20260502_114614.npz
fgw0917,fgw-0917,left,20260502,3,20260502_114827,fgw0917_0502_left,fgw-0917__20260502-left-3__20260502_114827.npz
fgw0917,fgw-0917,left,20260502,4,20260502_131001,fgw0917_0502_left,fgw-0917__20260502-left-4__20260502_131001.npz
fgw0917,fgw-0917,left,20260502,4,20260502_131214,fgw0917_0502_left,fgw-0917__20260502-left-4__20260502_131214.npz
fgw0917,fgw-0917,left,20260502,4,20260502_131505,fgw0917_0502_left,fgw-0917__20260502-left-4__20260502_131505.npz
fgw0917,fgw-0917,left,20260502,4,20260502_131719,fgw0917_0502_left,fgw-0917__20260502-left-4__20260502_131719.npz
fgw0917,fgw-0917,left,20260502,4,20260502_131959,fgw0917_0502_left,fgw-0917__20260502-left-4__20260502_131959.npz
fgw0917,fgw-0917,left,20260502,4,20260502_132214,fgw0917_0502_left,fgw-0917__20260502-left-4__20260502_132214.npz
fgw0917,fgw-0917,left,20260502,4,20260502_132427,fgw0917_0502_left,fgw-0917__20260502-left-4__20260502_132427.npz
fgw0917,fgw-0917,left,20260502,4,20260502_132642,fgw0917_0502_left,fgw-0917__20260502-left-4__20260502_132642.npz
fgw0917,fgw-0917,left,20260502,4,20260502_132857,fgw0917_0502_left,fgw-0917__20260502-left-4__20260502_132857.npz
fgw0917,fgw-0917,left,20260502,4,20260502_133112,fgw0917_0502_left,fgw-0917__20260502-left-4__20260502_133112.npz
fgw0917,fgw-0917,left,20260502,4,20260502_133340,fgw0917_0502_left,fgw-0917__20260502-left-4__20260502_133340.npz
fgw0917,fgw-0917,left,20260502,4,20260502_133553,fgw0917_0502_left,fgw-0917__20260502-left-4__20260502_133553.npz
fgw0917,fgw-0917,left,20260502,4,20260502_133809,fgw0917_0502_left,fgw-0917__20260502-left-4__20260502_133809.npz
fgw0917,fgw-0917,left,20260502,4,20260502_134024,fgw0917_0502_left,fgw-0917__20260502-left-4__20260502_134024.npz
fgw0917,fgw-0917,left,20260502,4,20260502_134238,fgw0917_0502_left,fgw-0917__20260502-left-4__20260502_134238.npz
fgw0917,fgw-0917,left,20260502,4,20260502_134508,fgw0917_0502_left,fgw-0917__20260502-left-4__20260502_134508.npz
fgw0917,fgw-0917,left,20260502,4,20260502_134723,fgw0917_0502_left,fgw-0917__20260502-left-4__20260502_134723.npz
fgw0917,fgw-0917,left,20260502,4,20260502_134940,fgw0917_0502_left,fgw-0917__20260502-left-4__20260502_134940.npz
fgw0917,fgw-0917,left,20260502,4,20260502_135155,fgw0917_0502_left,fgw-0917__20260502-left-4__20260502_135155.npz
fgw0917,fgw-0917,left,20260502,4,20260502_135409,fgw0917_0502_left,fgw-0917__20260502-left-4__20260502_135409.npz
fgw0917,fgw-0917,left,20260502,5,20260502_150009,fgw0917_0502_left,fgw-0917__20260502-left-5__20260502_150009.npz
fgw0917,fgw-0917,left,20260502,5,20260502_150226,fgw0917_0502_left,fgw-0917__20260502-left-5__20260502_150226.npz
fgw0917,fgw-0917,left,20260502,5,20260502_150440,fgw0917_0502_left,fgw-0917__20260502-left-5__20260502_150440.npz
fgw0917,fgw-0917,left,20260502,5,20260502_150653,fgw0917_0502_left,fgw-0917__20260502-left-5__20260502_150653.npz
fgw0917,fgw-0917,left,20260502,5,20260502_150906,fgw0917_0502_left,fgw-0917__20260502-left-5__20260502_150906.npz
fgw0917,fgw-0917,left,20260502,5,20260502_151119,fgw0917_0502_left,fgw-0917__20260502-left-5__20260502_151119.npz
fgw0917,fgw-0917,left,20260502,5,20260502_151333,fgw0917_0502_left,fgw-0917__20260502-left-5__20260502_151333.npz
fgw0917,fgw-0917,left,20260502,5,20260502_151548,fgw0917_0502_left,fgw-0917__20260502-left-5__20260502_151548.npz
fgw0917,fgw-0917,left,20260502,5,20260502_151802,fgw0917_0502_left,fgw-0917__20260502-left-5__20260502_151802.npz
fgw0917,fgw-0917,left,20260502,5,20260502_152028,fgw0917_0502_left,fgw-0917__20260502-left-5__20260502_152028.npz
fgw0917,fgw-0917,left,20260502,5,20260502_152243,fgw0917_0502_left,fgw-0917__20260502-left-5__20260502_152243.npz
fgw0917,fgw-0917,left,20260502,5,20260502_152455,fgw0917_0502_left,fgw-0917__20260502-left-5__20260502_152455.npz
fgw0917,fgw-0917,left,20260502,5,20260502_152710,fgw0917_0502_left,fgw-0917__20260502-left-5__20260502_152710.npz
fgw0917,fgw-0917,left,20260502,5,20260502_152922,fgw0917_0502_left,fgw-0917__20260502-left-5__20260502_152922.npz
fgw0917,fgw-0917,left,20260502,5,20260502_153136,fgw0917_0502_left,fgw-0917__20260502-left-5__20260502_153136.npz
fgw0917,fgw-0917,left,20260502,5,20260502_153359,fgw0917_0502_left,fgw-0917__20260502-left-5__20260502_153359.npz
fgw0917,fgw-0917,left,20260502,5,20260502_153612,fgw0917_0502_left,fgw-0917__20260502-left-5__20260502_153612.npz
fgw0917,fgw-0917,left,20260502,5,20260502_153825,fgw0917_0502_left,fgw-0917__20260502-left-5__20260502_153825.npz
fgw0917,fgw-0917,left,20260502,5,20260502_154038,fgw0917_0502_left,fgw-0917__20260502-left-5__20260502_154038.npz
fgw0917,fgw-0917,left,20260502,5,20260502_154251,fgw0917_0502_left,fgw-0917__20260502-left-5__20260502_154251.npz
fgw0917,fgw-0917,left,20260502,6,20260502_141652,fgw0917_0502_left,fgw-0917__20260502-left-6__20260502_141652.npz
fgw0917,fgw-0917,left,20260502,6,20260502_141923,fgw0917_0502_left,fgw-0917__20260502-left-6__20260502_141923.npz
fgw0917,fgw-0917,left,20260502,6,20260502_142147,fgw0917_0502_left,fgw-0917__20260502-left-6__20260502_142147.npz
fgw0917,fgw-0917,left,20260502,6,20260502_142402,fgw0917_0502_left,fgw-0917__20260502-left-6__20260502_142402.npz
fgw0917,fgw-0917,left,20260502,6,20260502_142617,fgw0917_0502_left,fgw-0917__20260502-left-6__20260502_142617.npz
fgw0917,fgw-0917,left,20260502,6,20260502_142837,fgw0917_0502_left,fgw-0917__20260502-left-6__20260502_142837.npz
fgw0917,fgw-0917,left,20260502,6,20260502_143051,fgw0917_0502_left,fgw-0917__20260502-left-6__20260502_143051.npz
fgw0917,fgw-0917,left,20260502,6,20260502_143304,fgw0917_0502_left,fgw-0917__20260502-left-6__20260502_143304.npz
fgw0917,fgw-0917,left,20260502,6,20260502_143521,fgw0917_0502_left,fgw-0917__20260502-left-6__20260502_143521.npz
fgw0917,fgw-0917,left,20260502,6,20260502_143735,fgw0917_0502_left,fgw-0917__20260502-left-6__20260502_143735.npz
fgw0917,fgw-0917,left,20260502,7,20260502_154516,fgw0917_0502_left,fgw-0917__20260502-left-7__20260502_154516.npz
fgw0917,fgw-0917,left,20260502,7,20260502_154731,fgw0917_0502_left,fgw-0917__20260502-left-7__20260502_154731.npz
fgw0917,fgw-0917,left,20260502,7,20260502_154945,fgw0917_0502_left,fgw-0917__20260502-left-7__20260502_154945.npz
fgw0917,fgw-0917,left,20260502,7,20260502_155159,fgw0917_0502_left,fgw-0917__20260502-left-7__20260502_155159.npz
fgw0917,fgw-0917,left,20260502,7,20260502_155415,fgw0917_0502_left,fgw-0917__20260502-left-7__20260502_155415.npz
fgw0917,fgw-0917,left,20260502,7,20260502_155655,fgw0917_0502_left,fgw-0917__20260502-left-7__20260502_155655.npz
fgw0917,fgw-0917,left,20260502,7,20260502_155909,fgw0917_0502_left,fgw-0917__20260502-left-7__20260502_155909.npz
fgw0917,fgw-0917,left,20260502,7,20260502_160122,fgw0917_0502_left,fgw-0917__20260502-left-7__20260502_160122.npz
fgw0917,fgw-0917,left,20260502,7,20260502_160336,fgw0917_0502_left,fgw-0917__20260502-left-7__20260502_160336.npz
fgw0917,fgw-0917,left,20260502,7,20260502_160551,fgw0917_0502_left,fgw-0917__20260502-left-7__20260502_160551.npz
fgw0917,fgw-0917,left,20260502,8,20260502_160818,fgw0917_0502_left,fgw-0917__20260502-left-8__20260502_160818.npz
fgw0917,fgw-0917,left,20260502,8,20260502_161055,fgw0917_0502_left,fgw-0917__20260502-left-8__20260502_161055.npz
fgw0917,fgw-0917,left,20260502,8,20260502_161429,fgw0917_0502_left,fgw-0917__20260502-left-8__20260502_161429.npz
fgw0917,fgw-0917,left,20260502,8,20260502_161643,fgw0917_0502_left,fgw-0917__20260502-left-8__20260502_161643.npz
fgw0917,fgw-0917,left,20260502,8,20260502_161858,fgw0917_0502_left,fgw-0917__20260502-left-8__20260502_161858.npz
fgw0917,fgw-0917,left,20260502,8,20260502_162112,fgw0917_0502_left,fgw-0917__20260502-left-8__20260502_162112.npz
fgw0917,fgw-0917,left,20260502,8,20260502_162331,fgw0917_0502_left,fgw-0917__20260502-left-8__20260502_162331.npz
fgw0917,fgw-0917,left,20260502,8,20260502_162544,fgw0917_0502_left,fgw-0917__20260502-left-8__20260502_162544.npz
fgw0917,fgw-0917,left,20260502,8,20260502_162757,fgw0917_0502_left,fgw-0917__20260502-left-8__20260502_162757.npz
fgw0917,fgw-0917,left,20260502,8,20260502_163010,fgw0917_0502_left,fgw-0917__20260502-left-8__20260502_163010.npz
fgw0917,fgw-0917,left,20260502,9,20260502_172319,fgw0917_0502_left,fgw-0917__20260502-left-9__20260502_172319.npz
fgw0917,fgw-0917,left,20260502,9,20260502_172533,fgw0917_0502_left,fgw-0917__20260502-left-9__20260502_172533.npz
fgw0917,fgw-0917,left,20260502,9,20260502_172748,fgw0917_0502_left,fgw-0917__20260502-left-9__20260502_172748.npz
fgw0917,fgw-0917,left,20260502,9,20260502_173003,fgw0917_0502_left,fgw-0917__20260502-left-9__20260502_173003.npz
fgw0917,fgw-0917,left,20260502,9,20260502_173229,fgw0917_0502_left,fgw-0917__20260502-left-9__20260502_173229.npz
fgw0917,fgw-0917,left,20260502,9,20260502_173444,fgw0917_0502_left,fgw-0917__20260502-left-9__20260502_173444.npz
fgw0917,fgw-0917,left,20260502,9,20260502_173657,fgw0917_0502_left,fgw-0917__20260502-left-9__20260502_173657.npz
fgw0917,fgw-0917,left,20260502,9,20260502_173919,fgw0917_0502_left,fgw-0917__20260502-left-9__20260502_173919.npz
fgw0917,fgw-0917,left,20260502,9,20260502_174347,fgw0917_0502_left,fgw-0917__20260502-left-9__20260502_174347.npz
fgw0917,fgw-0917,left,20260502,9,20260502_174731,fgw0917_0502_left,fgw-0917__20260502-left-9__20260502_174731.npz
fgw0917,fgw-0917,left,20260502,,20260502_115218,fgw0917_0502_left,fgw-0917__20260502-left__20260502_115218.npz
fgw0917,fgw-0917,left,20260502,,20260502_115432,fgw0917_0502_left,fgw-0917__20260502-left__20260502_115432.npz
fgw0917,fgw-0917,left,20260502,,20260502_115646,fgw0917_0502_left,fgw-0917__20260502-left__20260502_115646.npz
fgw0917,fgw-0917,left,20260502,,20260502_115903,fgw0917_0502_left,fgw-0917__20260502-left__20260502_115903.npz
fgw0917,fgw-0917,left,20260502,,20260502_120116,fgw0917_0502_left,fgw-0917__20260502-left__20260502_120116.npz
fgw0917,fgw-0917,left,20260502,,20260502_140213,fgw0917_0502_left,fgw-0917__20260502-left__20260502_140213.npz
fgw0917,fgw-0917,left,20260502,,20260502_140449,fgw0917_0502_left,fgw-0917__20260502-left__20260502_140449.npz
fgw0917,fgw-0917,left,20260502,,20260502_140702,fgw0917_0502_left,fgw-0917__20260502-left__20260502_140702.npz
fgw0917,fgw-0917,left,20260502,,20260502_140916,fgw0917_0502_left,fgw-0917__20260502-left__20260502_140916.npz
fgw0917,fgw-0917,left,20260502,,20260502_141130,fgw0917_0502_left,fgw-0917__20260502-left__20260502_141130.npz
fgw0917,fgw-0917,left,20260503,2,20260503_165358,fgw0917_0503_left,fgw-0917__20260503-left-2__20260503_165358.npz
fgw0917,fgw-0917,left,20260503,2,20260503_165612,fgw0917_0503_left,fgw-0917__20260503-left-2__20260503_165612.npz
fgw0917,fgw-0917,left,20260503,2,20260503_165830,fgw0917_0503_left,fgw-0917__20260503-left-2__20260503_165830.npz
fgw0917,fgw-0917,left,20260503,2,20260503_170047,fgw0917_0503_left,fgw-0917__20260503-left-2__20260503_170047.npz
fgw0917,fgw-0917,left,20260503,2,20260503_170304,fgw0917_0503_left,fgw-0917__20260503-left-2__20260503_170304.npz
fgw0917,fgw-0917,left,20260503,2,20260503_170520,fgw0917_0503_left,fgw-0917__20260503-left-2__20260503_170520.npz
fgw0917,fgw-0917,left,20260503,2,20260503_170736,fgw0917_0503_left,fgw-0917__20260503-left-2__20260503_170736.npz
fgw0917,fgw-0917,left,20260503,2,20260503_170951,fgw0917_0503_left,fgw-0917__20260503-left-2__20260503_170951.npz
fgw0917,fgw-0917,left,20260503,2,20260503_171217,fgw0917_0503_left,fgw-0917__20260503-left-2__20260503_171217.npz
fgw0917,fgw-0917,left,20260503,2,20260503_171435,fgw0917_0503_left,fgw-0917__20260503-left-2__20260503_171435.npz
fgw0917,fgw-0917,left,20260503,2,20260503_171651,fgw0917_0503_left,fgw-0917__20260503-left-2__20260503_171651.npz
fgw0917,fgw-0917,left,20260503,2,20260503_171911,fgw0917_0503_left,fgw-0917__20260503-left-2__20260503_171911.npz
fgw0917,fgw-0917,left,20260503,2,20260503_172136,fgw0917_0503_left,fgw-0917__20260503-left-2__20260503_172136.npz
fgw0917,fgw-0917,left,20260503,2,20260503_172353,fgw0917_0503_left,fgw-0917__20260503-left-2__20260503_172353.npz
fgw0917,fgw-0917,left,20260503,2,20260503_172610,fgw0917_0503_left,fgw-0917__20260503-left-2__20260503_172610.npz
fgw0917,fgw-0917,left,20260503,2,20260503_172825,fgw0917_0503_left,fgw-0917__20260503-left-2__20260503_172825.npz
fgw0917,fgw-0917,left,20260503,2,20260503_173040,fgw0917_0503_left,fgw-0917__20260503-left-2__20260503_173040.npz
fgw0917,fgw-0917,left,20260503,2,20260503_173256,fgw0917_0503_left,fgw-0917__20260503-left-2__20260503_173256.npz
fgw0917,fgw-0917,left,20260503,2,20260503_173519,fgw0917_0503_left,fgw-0917__20260503-left-2__20260503_173519.npz
fgw0917,fgw-0917,left,20260503,2,20260503_173734,fgw0917_0503_left,fgw-0917__20260503-left-2__20260503_173734.npz
fgw0917,fgw-0917,left,20260503,3,20260503_180816,fgw0917_0503_left,fgw-0917__20260503-left-3__20260503_180816.npz
fgw0917,fgw-0917,left,20260503,3,20260503_181033,fgw0917_0503_left,fgw-0917__20260503-left-3__20260503_181033.npz
fgw0917,fgw-0917,left,20260503,3,20260503_181248,fgw0917_0503_left,fgw-0917__20260503-left-3__20260503_181248.npz
fgw0917,fgw-0917,left,20260503,3,20260503_181502,fgw0917_0503_left,fgw-0917__20260503-left-3__20260503_181502.npz
fgw0917,fgw-0917,left,20260503,3,20260503_181716,fgw0917_0503_left,fgw-0917__20260503-left-3__20260503_181716.npz
fgw0917,fgw-0917,left,20260503,3,20260503_181930,fgw0917_0503_left,fgw-0917__20260503-left-3__20260503_181930.npz
fgw0917,fgw-0917,left,20260503,3,20260503_182144,fgw0917_0503_left,fgw-0917__20260503-left-3__20260503_182144.npz
fgw0917,fgw-0917,left,20260503,3,20260503_182358,fgw0917_0503_left,fgw-0917__20260503-left-3__20260503_182358.npz
fgw0917,fgw-0917,left,20260503,3,20260503_182612,fgw0917_0503_left,fgw-0917__20260503-left-3__20260503_182612.npz
fgw0917,fgw-0917,left,20260503,3,20260503_182826,fgw0917_0503_left,fgw-0917__20260503-left-3__20260503_182826.npz
fgw0917,fgw-0917,left,20260503,,20260503_161424,fgw0917_0503_left,fgw-0917__20260503-left__20260503_161424.npz
fgw0917,fgw-0917,left,20260503,,20260503_161707,fgw0917_0503_left,fgw-0917__20260503-left__20260503_161707.npz
fgw0917,fgw-0917,left,20260503,,20260503_161921,fgw0917_0503_left,fgw-0917__20260503-left__20260503_161921.npz
fgw0917,fgw-0917,left,20260503,,20260503_162143,fgw0917_0503_left,fgw-0917__20260503-left__20260503_162143.npz
fgw0917,fgw-0917,left,20260503,,20260503_162359,fgw0917_0503_left,fgw-0917__20260503-left__20260503_162359.npz
fgw0917,fgw-0917,left,20260503,,20260503_162616,fgw0917_0503_left,fgw-0917__20260503-left__20260503_162616.npz
fgw0917,fgw-0917,left,20260503,,20260503_162833,fgw0917_0503_left,fgw-0917__20260503-left__20260503_162833.npz
fgw0917,fgw-0917,left,20260503,,20260503_163123,fgw0917_0503_left,fgw-0917__20260503-left__20260503_163123.npz
fgw0917,fgw-0917,left,20260503,,20260503_163449,fgw0917_0503_left,fgw-0917__20260503-left__20260503_163449.npz
fgw0917,fgw-0917,left,20260503,,20260503_163828,fgw0917_0503_left,fgw-0917__20260503-left__20260503_163828.npz
fgw0917,fgw-0917,right,20260504,2_v33,20260504_103841,fgw0917_0504_right,fgw-0917__20260504-right-2_v33__20260504_103841.npz
fgw0917,fgw-0917,right,20260504,2_v33,20260504_104100,fgw0917_0504_right,fgw-0917__20260504-right-2_v33__20260504_104100.npz
fgw0917,fgw-0917,right,20260504,2_v33,20260504_104318,fgw0917_0504_right,fgw-0917__20260504-right-2_v33__20260504_104318.npz
fgw0917,fgw-0917,right,20260504,2_v33,20260504_104543,fgw0917_0504_right,fgw-0917__20260504-right-2_v33__20260504_104543.npz
fgw0917,fgw-0917,right,20260504,2_v33,20260504_104801,fgw0917_0504_right,fgw-0917__20260504-right-2_v33__20260504_104801.npz
fgw0917,fgw-0917,right,20260504,2_v33,20260504_105024,fgw0917_0504_right,fgw-0917__20260504-right-2_v33__20260504_105024.npz
fgw0917,fgw-0917,right,20260504,2_v33,20260504_105243,fgw0917_0504_right,fgw-0917__20260504-right-2_v33__20260504_105243.npz
fgw0917,fgw-0917,right,20260504,2_v33,20260504_105507,fgw0917_0504_right,fgw-0917__20260504-right-2_v33__20260504_105507.npz
fgw0917,fgw-0917,right,20260504,2_v33,20260504_105729,fgw0917_0504_right,fgw-0917__20260504-right-2_v33__20260504_105729.npz
fgw0917,fgw-0917,right,20260504,2_v33,20260504_105949,fgw0917_0504_right,fgw-0917__20260504-right-2_v33__20260504_105949.npz
fgw0917,fgw-0917,right,20260504,2_v71,20260504_161640,fgw0917_0504_right,fgw-0917__20260504-right-2_v71__20260504_161640.npz
fgw0917,fgw-0917,right,20260504,2_v71,20260504_161859,fgw0917_0504_right,fgw-0917__20260504-right-2_v71__20260504_161859.npz
fgw0917,fgw-0917,right,20260504,2_v71,20260504_162116,fgw0917_0504_right,fgw-0917__20260504-right-2_v71__20260504_162116.npz
fgw0917,fgw-0917,right,20260504,2_v71,20260504_162335,fgw0917_0504_right,fgw-0917__20260504-right-2_v71__20260504_162335.npz
fgw0917,fgw-0917,right,20260504,2_v71,20260504_162556,fgw0917_0504_right,fgw-0917__20260504-right-2_v71__20260504_162556.npz
fgw0917,fgw-0917,right,20260504,2_v71,20260504_162820,fgw0917_0504_right,fgw-0917__20260504-right-2_v71__20260504_162820.npz
fgw0917,fgw-0917,right,20260504,2_v71,20260504_163041,fgw0917_0504_right,fgw-0917__20260504-right-2_v71__20260504_163041.npz
fgw0917,fgw-0917,right,20260504,2_v71,20260504_163301,fgw0917_0504_right,fgw-0917__20260504-right-2_v71__20260504_163301.npz
fgw0917,fgw-0917,right,20260504,2_v71,20260504_163526,fgw0917_0504_right,fgw-0917__20260504-right-2_v71__20260504_163526.npz
fgw0917,fgw-0917,right,20260504,2_v71,20260504_163745,fgw0917_0504_right,fgw-0917__20260504-right-2_v71__20260504_163745.npz
fgw0917,fgw-0917,right,20260504,2_v71,20260504_164002,fgw0917_0504_right,fgw-0917__20260504-right-2_v71__20260504_164002.npz
fgw0917,fgw-0917,right,20260504,2_v71,20260504_164223,fgw0917_0504_right,fgw-0917__20260504-right-2_v71__20260504_164223.npz
fgw0917,fgw-0917,right,20260504,2_v71,20260504_164441,fgw0917_0504_right,fgw-0917__20260504-right-2_v71__20260504_164441.npz
fgw0917,fgw-0917,right,20260504,2_v71,20260504_164715,fgw0917_0504_right,fgw-0917__20260504-right-2_v71__20260504_164715.npz
fgw0917,fgw-0917,right,20260504,2_v71,20260504_164936,fgw0917_0504_right,fgw-0917__20260504-right-2_v71__20260504_164936.npz
fgw0917,fgw-0917,right,20260504,2_v71,20260504_165202,fgw0917_0504_right,fgw-0917__20260504-right-2_v71__20260504_165202.npz
fgw0917,fgw-0917,right,20260504,2_v71,20260504_165427,fgw0917_0504_right,fgw-0917__20260504-right-2_v71__20260504_165427.npz
fgw0917,fgw-0917,right,20260504,2_v71,20260504_165645,fgw0917_0504_right,fgw-0917__20260504-right-2_v71__20260504_165645.npz
fgw0917,fgw-0917,right,20260504,2_v71,20260504_165903,fgw0917_0504_right,fgw-0917__20260504-right-2_v71__20260504_165903.npz
fgw0917,fgw-0917,right,20260504,2_v71,20260504_170124,fgw0917_0504_right,fgw-0917__20260504-right-2_v71__20260504_170124.npz
fgw0917,fgw-0917,right,20260504,3_v33,20260504_111034,fgw0917_0504_right,fgw-0917__20260504-right-3_v33__20260504_111034.npz
fgw0917,fgw-0917,right,20260504,3_v33,20260504_111252,fgw0917_0504_right,fgw-0917__20260504-right-3_v33__20260504_111252.npz
fgw0917,fgw-0917,right,20260504,3_v33,20260504_111511,fgw0917_0504_right,fgw-0917__20260504-right-3_v33__20260504_111511.npz
fgw0917,fgw-0917,right,20260504,3_v33,20260504_111731,fgw0917_0504_right,fgw-0917__20260504-right-3_v33__20260504_111731.npz
fgw0917,fgw-0917,right,20260504,3_v33,20260504_111953,fgw0917_0504_right,fgw-0917__20260504-right-3_v33__20260504_111953.npz
fgw0917,fgw-0917,right,20260504,3_v33,20260504_112212,fgw0917_0504_right,fgw-0917__20260504-right-3_v33__20260504_112212.npz
fgw0917,fgw-0917,right,20260504,3_v33,20260504_112434,fgw0917_0504_right,fgw-0917__20260504-right-3_v33__20260504_112434.npz
fgw0917,fgw-0917,right,20260504,3_v33,20260504_112656,fgw0917_0504_right,fgw-0917__20260504-right-3_v33__20260504_112656.npz
fgw0917,fgw-0917,right,20260504,3_v33,20260504_112915,fgw0917_0504_right,fgw-0917__20260504-right-3_v33__20260504_112915.npz
fgw0917,fgw-0917,right,20260504,3_v33,20260504_113136,fgw0917_0504_right,fgw-0917__20260504-right-3_v33__20260504_113136.npz
fgw0917,fgw-0917,right,20260504,3_v33,20260504_113501,fgw0917_0504_right,fgw-0917__20260504-right-3_v33__20260504_113501.npz
fgw0917,fgw-0917,right,20260504,3_v33,20260504_113722,fgw0917_0504_right,fgw-0917__20260504-right-3_v33__20260504_113722.npz
fgw0917,fgw-0917,right,20260504,3_v33,20260504_113942,fgw0917_0504_right,fgw-0917__20260504-right-3_v33__20260504_113942.npz
fgw0917,fgw-0917,right,20260504,3_v33,20260504_114239,fgw0917_0504_right,fgw-0917__20260504-right-3_v33__20260504_114239.npz
fgw0917,fgw-0917,right,20260504,3_v33,20260504_114500,fgw0917_0504_right,fgw-0917__20260504-right-3_v33__20260504_114500.npz
fgw0917,fgw-0917,right,20260504,3_v33,20260504_114728,fgw0917_0504_right,fgw-0917__20260504-right-3_v33__20260504_114728.npz
fgw0917,fgw-0917,right,20260504,3_v33,20260504_114948,fgw0917_0504_right,fgw-0917__20260504-right-3_v33__20260504_114948.npz
fgw0917,fgw-0917,right,20260504,3_v33,20260504_115207,fgw0917_0504_right,fgw-0917__20260504-right-3_v33__20260504_115207.npz
fgw0917,fgw-0917,right,20260504,3_v33,20260504_115428,fgw0917_0504_right,fgw-0917__20260504-right-3_v33__20260504_115428.npz
fgw0917,fgw-0917,right,20260504,3_v33,20260504_115648,fgw0917_0504_right,fgw-0917__20260504-right-3_v33__20260504_115648.npz
fgw0917,fgw-0917,right,20260504,3_v71,20260504_172830,fgw0917_0504_right,fgw-0917__20260504-right-3_v71__20260504_172830.npz
fgw0917,fgw-0917,right,20260504,3_v71,20260504_173100,fgw0917_0504_right,fgw-0917__20260504-right-3_v71__20260504_173100.npz
fgw0917,fgw-0917,right,20260504,3_v71,20260504_173316,fgw0917_0504_right,fgw-0917__20260504-right-3_v71__20260504_173316.npz
fgw0917,fgw-0917,right,20260504,3_v71,20260504_173533,fgw0917_0504_right,fgw-0917__20260504-right-3_v71__20260504_173533.npz
fgw0917,fgw-0917,right,20260504,3_v71,20260504_173748,fgw0917_0504_right,fgw-0917__20260504-right-3_v71__20260504_173748.npz
fgw0917,fgw-0917,right,20260504,3_v71,20260504_174006,fgw0917_0504_right,fgw-0917__20260504-right-3_v71__20260504_174006.npz
fgw0917,fgw-0917,right,20260504,3_v71,20260504_174226,fgw0917_0504_right,fgw-0917__20260504-right-3_v71__20260504_174226.npz
fgw0917,fgw-0917,right,20260504,3_v71,20260504_174448,fgw0917_0504_right,fgw-0917__20260504-right-3_v71__20260504_174448.npz
fgw0917,fgw-0917,right,20260504,3_v71,20260504_174720,fgw0917_0504_right,fgw-0917__20260504-right-3_v71__20260504_174720.npz
fgw0917,fgw-0917,right,20260504,3_v71,20260504_174938,fgw0917_0504_right,fgw-0917__20260504-right-3_v71__20260504_174938.npz
fgw0917,fgw-0917,right,20260504,3_v71,20260504_175157,fgw0917_0504_right,fgw-0917__20260504-right-3_v71__20260504_175157.npz
fgw0917,fgw-0917,right,20260504,3_v71,20260504_175415,fgw0917_0504_right,fgw-0917__20260504-right-3_v71__20260504_175415.npz
fgw0917,fgw-0917,right,20260504,3_v71,20260504_175632,fgw0917_0504_right,fgw-0917__20260504-right-3_v71__20260504_175632.npz
fgw0917,fgw-0917,right,20260504,3_v71,20260504_175848,fgw0917_0504_right,fgw-0917__20260504-right-3_v71__20260504_175848.npz
fgw0917,fgw-0917,right,20260504,3_v71,20260504_180107,fgw0917_0504_right,fgw-0917__20260504-right-3_v71__20260504_180107.npz
fgw0917,fgw-0917,right,20260504,3_v71,20260504_180328,fgw0917_0504_right,fgw-0917__20260504-right-3_v71__20260504_180328.npz
fgw0917,fgw-0917,right,20260504,3_v71,20260504_180546,fgw0917_0504_right,fgw-0917__20260504-right-3_v71__20260504_180546.npz
fgw0917,fgw-0917,right,20260504,3_v71,20260504_180802,fgw0917_0504_right,fgw-0917__20260504-right-3_v71__20260504_180802.npz
fgw0917,fgw-0917,right,20260504,3_v71,20260504_181022,fgw0917_0504_right,fgw-0917__20260504-right-3_v71__20260504_181022.npz
fgw0917,fgw-0917,right,20260504,3_v71,20260504_181240,fgw0917_0504_right,fgw-0917__20260504-right-3_v71__20260504_181240.npz
fgw0917,fgw-0917,right,20260504,4_v71,20260504_181922,fgw0917_0504_right,fgw-0917__20260504-right-4_v71__20260504_181922.npz
fgw0917,fgw-0917,right,20260504,4_v71,20260504_182139,fgw0917_0504_right,fgw-0917__20260504-right-4_v71__20260504_182139.npz
fgw0917,fgw-0917,right,20260504,4_v71,20260504_182357,fgw0917_0504_right,fgw-0917__20260504-right-4_v71__20260504_182357.npz
fgw0917,fgw-0917,right,20260504,4_v71,20260504_182613,fgw0917_0504_right,fgw-0917__20260504-right-4_v71__20260504_182613.npz
fgw0917,fgw-0917,right,20260504,4_v71,20260504_182829,fgw0917_0504_right,fgw-0917__20260504-right-4_v71__20260504_182829.npz
fgw0917,fgw-0917,right,20260504,4_v71,20260504_183047,fgw0917_0504_right,fgw-0917__20260504-right-4_v71__20260504_183047.npz
fgw0917,fgw-0917,right,20260504,4_v71,20260504_183305,fgw0917_0504_right,fgw-0917__20260504-right-4_v71__20260504_183305.npz
fgw0917,fgw-0917,right,20260504,4_v71,20260504_183522,fgw0917_0504_right,fgw-0917__20260504-right-4_v71__20260504_183522.npz
fgw0917,fgw-0917,right,20260504,4_v71,20260504_183739,fgw0917_0504_right,fgw-0917__20260504-right-4_v71__20260504_183739.npz
fgw0917,fgw-0917,right,20260504,4_v71,20260504_183957,fgw0917_0504_right,fgw-0917__20260504-right-4_v71__20260504_183957.npz
fgw0917,fgw-0917,right,20260504,5_v33,20260504_132549,fgw0917_0504_right,fgw-0917__20260504-right-5_v33__20260504_132549.npz
fgw0917,fgw-0917,right,20260504,5_v33,20260504_132806,fgw0917_0504_right,fgw-0917__20260504-right-5_v33__20260504_132806.npz
fgw0917,fgw-0917,right,20260504,5_v33,20260504_133024,fgw0917_0504_right,fgw-0917__20260504-right-5_v33__20260504_133024.npz
fgw0917,fgw-0917,right,20260504,5_v33,20260504_133243,fgw0917_0504_right,fgw-0917__20260504-right-5_v33__20260504_133243.npz
fgw0917,fgw-0917,right,20260504,5_v33,20260504_133504,fgw0917_0504_right,fgw-0917__20260504-right-5_v33__20260504_133504.npz
fgw0917,fgw-0917,right,20260504,5_v33,20260504_133724,fgw0917_0504_right,fgw-0917__20260504-right-5_v33__20260504_133724.npz
fgw0917,fgw-0917,right,20260504,5_v33,20260504_133944,fgw0917_0504_right,fgw-0917__20260504-right-5_v33__20260504_133944.npz
fgw0917,fgw-0917,right,20260504,5_v33,20260504_134202,fgw0917_0504_right,fgw-0917__20260504-right-5_v33__20260504_134202.npz
fgw0917,fgw-0917,right,20260504,5_v33,20260504_134424,fgw0917_0504_right,fgw-0917__20260504-right-5_v33__20260504_134424.npz
fgw0917,fgw-0917,right,20260504,5_v33,20260504_134723,fgw0917_0504_right,fgw-0917__20260504-right-5_v33__20260504_134723.npz
fgw0917,fgw-0917,right,20260504,5_v33,20260504_135313,fgw0917_0504_right,fgw-0917__20260504-right-5_v33__20260504_135313.npz
fgw0917,fgw-0917,right,20260504,5_v33,20260504_135615,fgw0917_0504_right,fgw-0917__20260504-right-5_v33__20260504_135615.npz
fgw0917,fgw-0917,right,20260504,5_v33,20260504_140036,fgw0917_0504_right,fgw-0917__20260504-right-5_v33__20260504_140036.npz
fgw0917,fgw-0917,right,20260504,5_v33,20260504_140259,fgw0917_0504_right,fgw-0917__20260504-right-5_v33__20260504_140259.npz
fgw0917,fgw-0917,right,20260504,5_v33,20260504_140728,fgw0917_0504_right,fgw-0917__20260504-right-5_v33__20260504_140728.npz
fgw0917,fgw-0917,right,20260504,5_v33,20260504_140949,fgw0917_0504_right,fgw-0917__20260504-right-5_v33__20260504_140949.npz
fgw0917,fgw-0917,right,20260504,5_v33,20260504_141207,fgw0917_0504_right,fgw-0917__20260504-right-5_v33__20260504_141207.npz
fgw0917,fgw-0917,right,20260504,5_v33,20260504_141428,fgw0917_0504_right,fgw-0917__20260504-right-5_v33__20260504_141428.npz
fgw0917,fgw-0917,right,20260504,5_v33,20260504_141649,fgw0917_0504_right,fgw-0917__20260504-right-5_v33__20260504_141649.npz
fgw0917,fgw-0917,right,20260504,5_v33,20260504_141911,fgw0917_0504_right,fgw-0917__20260504-right-5_v33__20260504_141911.npz
fgw0917,fgw-0917,right_v71,20260504,,20260504_150151,fgw0917_0504_right,fgw-0917__20260504-right_v71__20260504_150151.npz
fgw0917,fgw-0917,right_v71,20260504,,20260504_150407,fgw0917_0504_right,fgw-0917__20260504-right_v71__20260504_150407.npz
fgw0917,fgw-0917,right_v71,20260504,,20260504_150632,fgw0917_0504_right,fgw-0917__20260504-right_v71__20260504_150632.npz
fgw0917,fgw-0917,right_v71,20260504,,20260504_150850,fgw0917_0504_right,fgw-0917__20260504-right_v71__20260504_150850.npz
fgw0917,fgw-0917,right_v71,20260504,,20260504_151108,fgw0917_0504_right,fgw-0917__20260504-right_v71__20260504_151108.npz
fgw0917,fgw-0917,right_v71,20260504,,20260504_151544,fgw0917_0504_right,fgw-0917__20260504-right_v71__20260504_151544.npz
fgw0917,fgw-0917,right_v71,20260504,,20260504_151801,fgw0917_0504_right,fgw-0917__20260504-right_v71__20260504_151801.npz
fgw0917,fgw-0917,right_v71,20260504,,20260504_152021,fgw0917_0504_right,fgw-0917__20260504-right_v71__20260504_152021.npz
fgw0917,fgw-0917,right_v71,20260504,,20260504_152242,fgw0917_0504_right,fgw-0917__20260504-right_v71__20260504_152242.npz
fgw0917,fgw-0917,right_v71,20260504,,20260504_152500,fgw0917_0504_right,fgw-0917__20260504-right_v71__20260504_152500.npz
fgw0917,fgw-0917,right_v71,20260504,,20260504_152725,fgw0917_0504_right,fgw-0917__20260504-right_v71__20260504_152725.npz
fgw0917,fgw-0917,right_v71,20260504,,20260504_153017,fgw0917_0504_right,fgw-0917__20260504-right_v71__20260504_153017.npz
fgw0917,fgw-0917,right_v71,20260504,,20260504_153235,fgw0917_0504_right,fgw-0917__20260504-right_v71__20260504_153235.npz
fgw0917,fgw-0917,right_v71,20260504,,20260504_153505,fgw0917_0504_right,fgw-0917__20260504-right_v71__20260504_153505.npz
fgw0917,fgw-0917,right_v71,20260504,,20260504_153729,fgw0917_0504_right,fgw-0917__20260504-right_v71__20260504_153729.npz
fgw0917,fgw-0917,right_v71,20260504,,20260504_153949,fgw0917_0504_right,fgw-0917__20260504-right_v71__20260504_153949.npz
fgw0917,fgw-0917,right_v71,20260504,,20260504_154205,fgw0917_0504_right,fgw-0917__20260504-right_v71__20260504_154205.npz
fgw0917,fgw-0917,right_v71,20260504,,20260504_154502,fgw0917_0504_right,fgw-0917__20260504-right_v71__20260504_154502.npz
fgw0917,fgw-0917,right_v71,20260504,,20260504_154720,fgw0917_0504_right,fgw-0917__20260504-right_v71__20260504_154720.npz
fgw0917,fgw-0917,right_v71,20260504,,20260504_154937,fgw0917_0504_right,fgw-0917__20260504-right_v71__20260504_154937.npz
ghd1108,ghd-1108,left,20260501,,20260501_101519,ghd1108_0501_left,ghd-1108__20260501-left__20260501_101519.npz
ghd1108,ghd-1108,left,20260501,,20260501_101830,ghd1108_0501_left,ghd-1108__20260501-left__20260501_101830.npz
ghd1108,ghd-1108,left,20260501,,20260501_102047,ghd1108_0501_left,ghd-1108__20260501-left__20260501_102047.npz
ghd1108,ghd-1108,left,20260501,,20260501_102310,ghd1108_0501_left,ghd-1108__20260501-left__20260501_102310.npz
ghd1108,ghd-1108,left,20260501,,20260501_102539,ghd1108_0501_left,ghd-1108__20260501-left__20260501_102539.npz
ghd1108,ghd-1108,left,20260501,,20260501_102753,ghd1108_0501_left,ghd-1108__20260501-left__20260501_102753.npz
ghd1108,ghd-1108,left,20260501,,20260501_103007,ghd1108_0501_left,ghd-1108__20260501-left__20260501_103007.npz
ghd1108,ghd-1108,left,20260501,,20260501_103221,ghd1108_0501_left,ghd-1108__20260501-left__20260501_103221.npz
ghd1108,ghd-1108,left,20260501,,20260501_103436,ghd1108_0501_left,ghd-1108__20260501-left__20260501_103436.npz
ghd1108,ghd-1108,left,20260501,,20260501_103651,ghd1108_0501_left,ghd-1108__20260501-left__20260501_103651.npz
ghd1108,ghd-1108,left,20260501,,20260501_103905,ghd1108_0501_left,ghd-1108__20260501-left__20260501_103905.npz
ghd1108,ghd-1108,left,20260501,,20260501_104608,ghd1108_0501_left,ghd-1108__20260501-left__20260501_104608.npz
ghd1108,ghd-1108,left,20260501,,20260501_110246,ghd1108_0501_left,ghd-1108__20260501-left__20260501_110246.npz
ghd1108,ghd-1108,left,20260501,,20260501_110500,ghd1108_0501_left,ghd-1108__20260501-left__20260501_110500.npz
ghd1108,ghd-1108,left,20260501,,20260501_110717,ghd1108_0501_left,ghd-1108__20260501-left__20260501_110717.npz
ghd1108,ghd-1108,right,20260502,3,20260502_174434,ghd1108_0502_right,ghd-1108__20260502-right-3__20260502_174434.npz
ghd1108,ghd-1108,right,20260502,3,20260502_174649,ghd1108_0502_right,ghd-1108__20260502-right-3__20260502_174649.npz
ghd1108,ghd-1108,right,20260502,3,20260502_175120,ghd1108_0502_right,ghd-1108__20260502-right-3__20260502_175120.npz
ghd1108,ghd-1108,right,20260502,3,20260502_175334,ghd1108_0502_right,ghd-1108__20260502-right-3__20260502_175334.npz
ghd1108,ghd-1108,right,20260502,3,20260502_175551,ghd1108_0502_right,ghd-1108__20260502-right-3__20260502_175551.npz
ghd1108,ghd-1108,left,20260503,3,20260503_131215,ghd1108_0503_left,ghd-1108__20260503-left-3__20260503_131215.npz
ghd1108,ghd-1108,left,20260503,3,20260503_131432,ghd1108_0503_left,ghd-1108__20260503-left-3__20260503_131432.npz
ghd1108,ghd-1108,left,20260503,3,20260503_131648,ghd1108_0503_left,ghd-1108__20260503-left-3__20260503_131648.npz
ghd1108,ghd-1108,left,20260503,3,20260503_131905,ghd1108_0503_left,ghd-1108__20260503-left-3__20260503_131905.npz
ghd1108,ghd-1108,left,20260503,3,20260503_132125,ghd1108_0503_left,ghd-1108__20260503-left-3__20260503_132125.npz
ghd1108,ghd-1108,left,20260503,3,20260503_132341,ghd1108_0503_left,ghd-1108__20260503-left-3__20260503_132341.npz
ghd1108,ghd-1108,left,20260503,3,20260503_132555,ghd1108_0503_left,ghd-1108__20260503-left-3__20260503_132555.npz
ghd1108,ghd-1108,left,20260503,3,20260503_132809,ghd1108_0503_left,ghd-1108__20260503-left-3__20260503_132809.npz
ghd1108,ghd-1108,left,20260503,3,20260503_133055,ghd1108_0503_left,ghd-1108__20260503-left-3__20260503_133055.npz
ghd1108,ghd-1108,left,20260503,3,20260503_133311,ghd1108_0503_left,ghd-1108__20260503-left-3__20260503_133311.npz
ghd1108,ghd-1108,left,20260503,3,20260503_134029,ghd1108_0503_left,ghd-1108__20260503-left-3__20260503_134029.npz
ghd1108,ghd-1108,left,20260503,3,20260503_134247,ghd1108_0503_left,ghd-1108__20260503-left-3__20260503_134247.npz
ghd1108,ghd-1108,left,20260503,3,20260503_134509,ghd1108_0503_left,ghd-1108__20260503-left-3__20260503_134509.npz
ghd1108,ghd-1108,left,20260503,3,20260503_134729,ghd1108_0503_left,ghd-1108__20260503-left-3__20260503_134729.npz
ghd1108,ghd-1108,left,20260503,3,20260503_134945,ghd1108_0503_left,ghd-1108__20260503-left-3__20260503_134945.npz
ghd1108,ghd-1108,left,20260503,3,20260503_135225,ghd1108_0503_left,ghd-1108__20260503-left-3__20260503_135225.npz
ghd1108,ghd-1108,left,20260503,3,20260503_135445,ghd1108_0503_left,ghd-1108__20260503-left-3__20260503_135445.npz
ghd1108,ghd-1108,left,20260503,3,20260503_140831,ghd1108_0503_left,ghd-1108__20260503-left-3__20260503_140831.npz
ghd1108,ghd-1108,left,20260503,3,20260503_141118,ghd1108_0503_left,ghd-1108__20260503-left-3__20260503_141118.npz
ghd1108,ghd-1108,left,20260503,3,20260503_141403,ghd1108_0503_left,ghd-1108__20260503-left-3__20260503_141403.npz
ghd1108,ghd-1108,left,20260503,3,20260503_141623,ghd1108_0503_left,ghd-1108__20260503-left-3__20260503_141623.npz
ghd1108,ghd-1108,left,20260503,3,20260503_141838,ghd1108_0503_left,ghd-1108__20260503-left-3__20260503_141838.npz
ghd1108,ghd-1108,left,20260503,3,20260503_142053,ghd1108_0503_left,ghd-1108__20260503-left-3__20260503_142053.npz
ghd1108,ghd-1108,left,20260503,3,20260503_142311,ghd1108_0503_left,ghd-1108__20260503-left-3__20260503_142311.npz
ghd1108,ghd-1108,left,20260503,3,20260503_142627,ghd1108_0503_left,ghd-1108__20260503-left-3__20260503_142627.npz
ghd1108,ghd-1108,left,20260503,3,20260503_145638,ghd1108_0503_left,ghd-1108__20260503-left-3__20260503_145638.npz
ghd1108,ghd-1108,left,20260503,3,20260503_145910,ghd1108_0503_left,ghd-1108__20260503-left-3__20260503_145910.npz
ghd1108,ghd-1108,left,20260503,3,20260503_150127,ghd1108_0503_left,ghd-1108__20260503-left-3__20260503_150127.npz
ghd1108,ghd-1108,left,20260503,3,20260503_150343,ghd1108_0503_left,ghd-1108__20260503-left-3__20260503_150343.npz
ghd1108,ghd-1108,left,20260503,3,20260503_150556,ghd1108_0503_left,ghd-1108__20260503-left-3__20260503_150556.npz
ghd1108,ghd-1108,left,20260503,4,20260503_152703,ghd1108_0503_left,ghd-1108__20260503-left-4__20260503_152703.npz
ghd1108,ghd-1108,left,20260503,4,20260503_155053,ghd1108_0503_left,ghd-1108__20260503-left-4__20260503_155053.npz
ghd1108,ghd-1108,left,20260503,4,20260503_155308,ghd1108_0503_left,ghd-1108__20260503-left-4__20260503_155308.npz
ghd1108,ghd-1108,left,20260503,4,20260503_155528,ghd1108_0503_left,ghd-1108__20260503-left-4__20260503_155528.npz
ghd1108,ghd-1108,left,20260503,4,20260503_155834,ghd1108_0503_left,ghd-1108__20260503-left-4__20260503_155834.npz
ghd1108,ghd-1108,left,20260503,4,20260503_160058,ghd1108_0503_left,ghd-1108__20260503-left-4__20260503_160058.npz
ghd1108,ghd-1108,left,20260503,4,20260503_161934,ghd1108_0503_left,ghd-1108__20260503-left-4__20260503_161934.npz
ghd1108,ghd-1108,left,20260503,4,20260503_163359,ghd1108_0503_left,ghd-1108__20260503-left-4__20260503_163359.npz
ghd1108,ghd-1108,left,20260503,4,20260503_163619,ghd1108_0503_left,ghd-1108__20260503-left-4__20260503_163619.npz
ghd1108,ghd-1108,left,20260503,4,20260503_163841,ghd1108_0503_left,ghd-1108__20260503-left-4__20260503_163841.npz
ghd1108,ghd-1108,left,20260503,4,20260503_164505,ghd1108_0503_left,ghd-1108__20260503-left-4__20260503_164505.npz
ghd1108,ghd-1108,left,20260503,4,20260503_164725,ghd1108_0503_left,ghd-1108__20260503-left-4__20260503_164725.npz
ghd1108,ghd-1108,left,20260503,4,20260503_164943,ghd1108_0503_left,ghd-1108__20260503-left-4__20260503_164943.npz
ghd1108,ghd-1108,left,20260503,4,20260503_165158,ghd1108_0503_left,ghd-1108__20260503-left-4__20260503_165158.npz
ghd1108,ghd-1108,left,20260503,4,20260503_165413,ghd1108_0503_left,ghd-1108__20260503-left-4__20260503_165413.npz
ghd1108,ghd-1108,left,20260503,4,20260503_170203,ghd1108_0503_left,ghd-1108__20260503-left-4__20260503_170203.npz
ghd1108,ghd-1108,left,20260503,4,20260503_170419,ghd1108_0503_left,ghd-1108__20260503-left-4__20260503_170419.npz
ghd1108,ghd-1108,left,20260503,4,20260503_170633,ghd1108_0503_left,ghd-1108__20260503-left-4__20260503_170633.npz
ghd1108,ghd-1108,left,20260503,4,20260503_170850,ghd1108_0503_left,ghd-1108__20260503-left-4__20260503_170850.npz
ghd1108,ghd-1108,left,20260503,4,20260503_171103,ghd1108_0503_left,ghd-1108__20260503-left-4__20260503_171103.npz
ghd1108,ghd-1108,left,20260503,4,20260503_180429,ghd1108_0503_left,ghd-1108__20260503-left-4__20260503_180429.npz
ghd1108,ghd-1108,left,20260503,4,20260503_180644,ghd1108_0503_left,ghd-1108__20260503-left-4__20260503_180644.npz
ghd1108,ghd-1108,left,20260503,4,20260503_180901,ghd1108_0503_left,ghd-1108__20260503-left-4__20260503_180901.npz
ghd1108,ghd-1108,left,20260503,4,20260503_181115,ghd1108_0503_left,ghd-1108__20260503-left-4__20260503_181115.npz
ghd1108,ghd-1108,left,20260503,4,20260503_181331,ghd1108_0503_left,ghd-1108__20260503-left-4__20260503_181331.npz
ghd1108,ghd-1108,left,20260503,4,20260503_182107,ghd1108_0503_left,ghd-1108__20260503-left-4__20260503_182107.npz
ghd1108,ghd-1108,left,20260503,4,20260503_182321,ghd1108_0503_left,ghd-1108__20260503-left-4__20260503_182321.npz
ghd1108,ghd-1108,left,20260503,4,20260503_182538,ghd1108_0503_left,ghd-1108__20260503-left-4__20260503_182538.npz
ghd1108,ghd-1108,left,20260503,4,20260503_182752,ghd1108_0503_left,ghd-1108__20260503-left-4__20260503_182752.npz
ghd1108,ghd-1108,left,20260503,4,20260503_183553,ghd1108_0503_left,ghd-1108__20260503-left-4__20260503_183553.npz
ghd1108,ghd-1108,left,20260503,,20260503_104012,ghd1108_0503_left,ghd-1108__20260503-left__20260503_104012.npz
ghd1108,ghd-1108,left,20260503,,20260503_104311,ghd1108_0503_left,ghd-1108__20260503-left__20260503_104311.npz
ghd1108,ghd-1108,left,20260503,,20260503_104634,ghd1108_0503_left,ghd-1108__20260503-left__20260503_104634.npz
ghd1108,ghd-1108,left,20260503,,20260503_104852,ghd1108_0503_left,ghd-1108__20260503-left__20260503_104852.npz
ghd1108,ghd-1108,left,20260503,,20260503_105130,ghd1108_0503_left,ghd-1108__20260503-left__20260503_105130.npz
ghd1108,ghd-1108,left,20260503,,20260503_105526,ghd1108_0503_left,ghd-1108__20260503-left__20260503_105526.npz
ghd1108,ghd-1108,left,20260503,,20260503_105744,ghd1108_0503_left,ghd-1108__20260503-left__20260503_105744.npz
ghd1108,ghd-1108,left,20260503,,20260503_110006,ghd1108_0503_left,ghd-1108__20260503-left__20260503_110006.npz
ghd1108,ghd-1108,left,20260503,,20260503_110228,ghd1108_0503_left,ghd-1108__20260503-left__20260503_110228.npz
ghd1108,ghd-1108,left,20260503,,20260503_110450,ghd1108_0503_left,ghd-1108__20260503-left__20260503_110450.npz
ghd1108,ghd-1108,left,20260503,,20260503_110721,ghd1108_0503_left,ghd-1108__20260503-left__20260503_110721.npz
ghd1108,ghd-1108,left,20260503,,20260503_111115,ghd1108_0503_left,ghd-1108__20260503-left__20260503_111115.npz
ghd1108,ghd-1108,left,20260503,,20260503_111331,ghd1108_0503_left,ghd-1108__20260503-left__20260503_111331.npz
ghd1108,ghd-1108,left,20260503,,20260503_111602,ghd1108_0503_left,ghd-1108__20260503-left__20260503_111602.npz
ghd1108,ghd-1108,left,20260503,,20260503_112025,ghd1108_0503_left,ghd-1108__20260503-left__20260503_112025.npz
ghd1108,ghd-1108,left,20260503,,20260503_112410,ghd1108_0503_left,ghd-1108__20260503-left__20260503_112410.npz
ghd1108,ghd-1108,left,20260503,,20260503_112727,ghd1108_0503_left,ghd-1108__20260503-left__20260503_112727.npz
ghd1108,ghd-1108,left,20260503,,20260503_112959,ghd1108_0503_left,ghd-1108__20260503-left__20260503_112959.npz
ghd1108,ghd-1108,left,20260503,,20260503_113225,ghd1108_0503_left,ghd-1108__20260503-left__20260503_113225.npz
ghd1108,ghd-1108,left,20260503,,20260503_113441,ghd1108_0503_left,ghd-1108__20260503-left__20260503_113441.npz
ghd1108,ghd-1108,left,20260503,,20260503_120124,ghd1108_0503_left,ghd-1108__20260503-left__20260503_120124.npz
ghd1108,ghd-1108,left,20260503,,20260503_120341,ghd1108_0503_left,ghd-1108__20260503-left__20260503_120341.npz
ghd1108,ghd-1108,left,20260503,,20260503_120554,ghd1108_0503_left,ghd-1108__20260503-left__20260503_120554.npz
ghd1108,ghd-1108,left,20260503,,20260503_120809,ghd1108_0503_left,ghd-1108__20260503-left__20260503_120809.npz
ghd1108,ghd-1108,left,20260503,,20260503_121023,ghd1108_0503_left,ghd-1108__20260503-left__20260503_121023.npz
ghd1108,ghd-1108,left,20260503,,20260503_121236,ghd1108_0503_left,ghd-1108__20260503-left__20260503_121236.npz
ghd1108,ghd-1108,left,20260503,,20260503_121450,ghd1108_0503_left,ghd-1108__20260503-left__20260503_121450.npz
ghd1108,ghd-1108,left,20260503,,20260503_121704,ghd1108_0503_left,ghd-1108__20260503-left__20260503_121704.npz
ghd1108,ghd-1108,left,20260503,,20260503_121918,ghd1108_0503_left,ghd-1108__20260503-left__20260503_121918.npz
ghd1108,ghd-1108,left,20260503,,20260503_122131,ghd1108_0503_left,ghd-1108__20260503-left__20260503_122131.npz
ghd1108,ghd-1108,left_v33flat,20260504,,20260504_102435,ghd1108_0504_left,ghd-1108__20260504-left_v33flat__20260504_102435.npz
ghd1108,ghd-1108,left_v33flat,20260504,,20260504_102711,ghd1108_0504_left,ghd-1108__20260504-left_v33flat__20260504_102711.npz
ghd1108,ghd-1108,left_v33flat,20260504,,20260504_103019,ghd1108_0504_left,ghd-1108__20260504-left_v33flat__20260504_103019.npz
ghd1108,ghd-1108,left_v33flat,20260504,,20260504_103240,ghd1108_0504_left,ghd-1108__20260504-left_v33flat__20260504_103240.npz
ghd1108,ghd-1108,left_v33flat,20260504,,20260504_103459,ghd1108_0504_left,ghd-1108__20260504-left_v33flat__20260504_103459.npz
ghd1108,ghd-1108,left_v33flat,20260504,,20260504_103733,ghd1108_0504_left,ghd-1108__20260504-left_v33flat__20260504_103733.npz
ghd1108,ghd-1108,left_v33flat,20260504,,20260504_104003,ghd1108_0504_left,ghd-1108__20260504-left_v33flat__20260504_104003.npz
ghd1108,ghd-1108,left_v33flat,20260504,,20260504_104218,ghd1108_0504_left,ghd-1108__20260504-left_v33flat__20260504_104218.npz
ghd1108,ghd-1108,left_v33flat,20260504,,20260504_104433,ghd1108_0504_left,ghd-1108__20260504-left_v33flat__20260504_104433.npz
ghd1108,ghd-1108,left_v33flat,20260504,,20260504_104648,ghd1108_0504_left,ghd-1108__20260504-left_v33flat__20260504_104648.npz
ghd1108,ghd-1108,left_v33flat,20260504,,20260504_104931,ghd1108_0504_left,ghd-1108__20260504-left_v33flat__20260504_104931.npz
ghd1108,ghd-1108,left_v33flat,20260504,,20260504_105145,ghd1108_0504_left,ghd-1108__20260504-left_v33flat__20260504_105145.npz
ghd1108,ghd-1108,left_v33flat,20260504,,20260504_105359,ghd1108_0504_left,ghd-1108__20260504-left_v33flat__20260504_105359.npz
ghd1108,ghd-1108,left_v33flat,20260504,,20260504_105613,ghd1108_0504_left,ghd-1108__20260504-left_v33flat__20260504_105613.npz
ghd1108,ghd-1108,left_v33flat,20260504,,20260504_105829,ghd1108_0504_left,ghd-1108__20260504-left_v33flat__20260504_105829.npz
ghd1108,ghd-1108,left_v33flat,20260504,,20260504_110049,ghd1108_0504_left,ghd-1108__20260504-left_v33flat__20260504_110049.npz
ghd1108,ghd-1108,left_v33flat,20260504,,20260504_110310,ghd1108_0504_left,ghd-1108__20260504-left_v33flat__20260504_110310.npz
ghd1108,ghd-1108,left_v33flat,20260504,,20260504_110743,ghd1108_0504_left,ghd-1108__20260504-left_v33flat__20260504_110743.npz
ghd1108,ghd-1108,left_v33flat,20260504,,20260504_110957,ghd1108_0504_left,ghd-1108__20260504-left_v33flat__20260504_110957.npz
ghd1108,ghd-1108,left_v33flat,20260504,,20260504_111213,ghd1108_0504_left,ghd-1108__20260504-left_v33flat__20260504_111213.npz
ghd1108,ghd-1108,left_v33flat,20260504,,20260504_114539,ghd1108_0504_left,ghd-1108__20260504-left_v33flat__20260504_114539.npz
ghd1108,ghd-1108,left_v33flat,20260504,,20260504_114752,ghd1108_0504_left,ghd-1108__20260504-left_v33flat__20260504_114752.npz
ghd1108,ghd-1108,left_v33flat,20260504,,20260504_115005,ghd1108_0504_left,ghd-1108__20260504-left_v33flat__20260504_115005.npz
ghd1108,ghd-1108,left_v33flat,20260504,,20260504_115217,ghd1108_0504_left,ghd-1108__20260504-left_v33flat__20260504_115217.npz
ghd1108,ghd-1108,left_v33flat,20260504,,20260504_115429,ghd1108_0504_left,ghd-1108__20260504-left_v33flat__20260504_115429.npz
ghd1108,ghd-1108,left_v33flat,20260504,,20260504_131108,ghd1108_0504_left,ghd-1108__20260504-left_v33flat__20260504_131108.npz
ghd1108,ghd-1108,left_v33flat,20260504,,20260504_131324,ghd1108_0504_left,ghd-1108__20260504-left_v33flat__20260504_131324.npz
ghd1108,ghd-1108,left_v33flat,20260504,,20260504_131547,ghd1108_0504_left,ghd-1108__20260504-left_v33flat__20260504_131547.npz
ghd1108,ghd-1108,left_v33flat,20260504,,20260504_131759,ghd1108_0504_left,ghd-1108__20260504-left_v33flat__20260504_131759.npz
ghd1108,ghd-1108,left_v33flat,20260504,,20260504_132023,ghd1108_0504_left,ghd-1108__20260504-left_v33flat__20260504_132023.npz
ghd1108,ghd-1108,left_v33flat,20260504,,20260504_132238,ghd1108_0504_left,ghd-1108__20260504-left_v33flat__20260504_132238.npz
ghd1108,ghd-1108,left_v33flat,20260504,,20260504_132451,ghd1108_0504_left,ghd-1108__20260504-left_v33flat__20260504_132451.npz
ghd1108,ghd-1108,left_v33flat,20260504,,20260504_132729,ghd1108_0504_left,ghd-1108__20260504-left_v33flat__20260504_132729.npz
ghd1108,ghd-1108,left_v33flat,20260504,,20260504_132943,ghd1108_0504_left,ghd-1108__20260504-left_v33flat__20260504_132943.npz
ghd1108,ghd-1108,left_v33flat,20260504,,20260504_133205,ghd1108_0504_left,ghd-1108__20260504-left_v33flat__20260504_133205.npz
ghd1108,ghd-1108,left_v33flat,20260504,,20260504_133438,ghd1108_0504_left,ghd-1108__20260504-left_v33flat__20260504_133438.npz
ghd1108,ghd-1108,left_v33flat,20260504,,20260504_133723,ghd1108_0504_left,ghd-1108__20260504-left_v33flat__20260504_133723.npz
ghd1108,ghd-1108,left_v33flat,20260504,,20260504_134001,ghd1108_0504_left,ghd-1108__20260504-left_v33flat__20260504_134001.npz
ghd1108,ghd-1108,left_v33flat,20260504,,20260504_134216,ghd1108_0504_left,ghd-1108__20260504-left_v33flat__20260504_134216.npz
ghd1108,ghd-1108,left_v33flat,20260504,,20260504_134432,ghd1108_0504_left,ghd-1108__20260504-left_v33flat__20260504_134432.npz
ghd1108,ghd-1108,left_v33flat,20260504,,20260504_140208,ghd1108_0504_left,ghd-1108__20260504-left_v33flat__20260504_140208.npz
ghd1108,ghd-1108,left_v33flat,20260504,,20260504_140423,ghd1108_0504_left,ghd-1108__20260504-left_v33flat__20260504_140423.npz
ghd1108,ghd-1108,left_v33flat,20260504,,20260504_140638,ghd1108_0504_left,ghd-1108__20260504-left_v33flat__20260504_140638.npz
ghd1108,ghd-1108,left_v33flat,20260504,,20260504_140851,ghd1108_0504_left,ghd-1108__20260504-left_v33flat__20260504_140851.npz
ghd1108,ghd-1108,left_v33flat,20260504,,20260504_141237,ghd1108_0504_left,ghd-1108__20260504-left_v33flat__20260504_141237.npz
ghd1108,ghd-1108,left_v33flat,20260504,,20260504_141604,ghd1108_0504_left,ghd-1108__20260504-left_v33flat__20260504_141604.npz
ghd1108,ghd-1108,left_v33flat,20260504,,20260504_141816,ghd1108_0504_left,ghd-1108__20260504-left_v33flat__20260504_141816.npz
ghd1108,ghd-1108,left_v33flat,20260504,,20260504_142030,ghd1108_0504_left,ghd-1108__20260504-left_v33flat__20260504_142030.npz
ghd1108,ghd-1108,left_v33flat,20260504,,20260504_142242,ghd1108_0504_left,ghd-1108__20260504-left_v33flat__20260504_142242.npz
ghd1108,ghd-1108,left_v33flat,20260504,,20260504_142459,ghd1108_0504_left,ghd-1108__20260504-left_v33flat__20260504_142459.npz
ghd1108,ghd-1108,left_v71flat,20260504,,20260504_151815,ghd1108_0504_left,ghd-1108__20260504-left_v71flat__20260504_151815.npz
ghd1108,ghd-1108,left_v71flat,20260504,,20260504_152033,ghd1108_0504_left,ghd-1108__20260504-left_v71flat__20260504_152033.npz
ghd1108,ghd-1108,left_v71flat,20260504,,20260504_152248,ghd1108_0504_left,ghd-1108__20260504-left_v71flat__20260504_152248.npz
ghd1108,ghd-1108,left_v71flat,20260504,,20260504_152503,ghd1108_0504_left,ghd-1108__20260504-left_v71flat__20260504_152503.npz
ghd1108,ghd-1108,left_v71flat,20260504,,20260504_152717,ghd1108_0504_left,ghd-1108__20260504-left_v71flat__20260504_152717.npz
ghd1108,ghd-1108,left_v71flat,20260504,,20260504_152930,ghd1108_0504_left,ghd-1108__20260504-left_v71flat__20260504_152930.npz
ghd1108,ghd-1108,left_v71flat,20260504,,20260504_153144,ghd1108_0504_left,ghd-1108__20260504-left_v71flat__20260504_153144.npz
ghd1108,ghd-1108,left_v71flat,20260504,,20260504_153359,ghd1108_0504_left,ghd-1108__20260504-left_v71flat__20260504_153359.npz
ghd1108,ghd-1108,left_v71flat,20260504,,20260504_153613,ghd1108_0504_left,ghd-1108__20260504-left_v71flat__20260504_153613.npz
ghd1108,ghd-1108,left_v71flat,20260504,,20260504_153829,ghd1108_0504_left,ghd-1108__20260504-left_v71flat__20260504_153829.npz
ghd1108,ghd-1108,left_v71flat,20260504,,20260504_155717,ghd1108_0504_left,ghd-1108__20260504-left_v71flat__20260504_155717.npz
ghd1108,ghd-1108,left_v71flat,20260504,,20260504_155933,ghd1108_0504_left,ghd-1108__20260504-left_v71flat__20260504_155933.npz
ghd1108,ghd-1108,left_v71flat,20260504,,20260504_160206,ghd1108_0504_left,ghd-1108__20260504-left_v71flat__20260504_160206.npz
ghd1108,ghd-1108,left_v71flat,20260504,,20260504_160534,ghd1108_0504_left,ghd-1108__20260504-left_v71flat__20260504_160534.npz
ghd1108,ghd-1108,left_v71flat,20260504,,20260504_160752,ghd1108_0504_left,ghd-1108__20260504-left_v71flat__20260504_160752.npz
ghd1108,ghd-1108,left_v71flat,20260504,,20260504_161252,ghd1108_0504_left,ghd-1108__20260504-left_v71flat__20260504_161252.npz
ghd1108,ghd-1108,left_v71flat,20260504,,20260504_161506,ghd1108_0504_left,ghd-1108__20260504-left_v71flat__20260504_161506.npz
ghd1108,ghd-1108,left_v71flat,20260504,,20260504_161726,ghd1108_0504_left,ghd-1108__20260504-left_v71flat__20260504_161726.npz
ghd1108,ghd-1108,left_v71flat,20260504,,20260504_161941,ghd1108_0504_left,ghd-1108__20260504-left_v71flat__20260504_161941.npz
ghd1108,ghd-1108,left_v71flat,20260504,,20260504_162213,ghd1108_0504_left,ghd-1108__20260504-left_v71flat__20260504_162213.npz
ghd1108,ghd-1108,left_v71flat,20260504,,20260504_162426,ghd1108_0504_left,ghd-1108__20260504-left_v71flat__20260504_162426.npz
ghd1108,ghd-1108,left_v71flat,20260504,,20260504_162640,ghd1108_0504_left,ghd-1108__20260504-left_v71flat__20260504_162640.npz
ghd1108,ghd-1108,left_v71flat,20260504,,20260504_162858,ghd1108_0504_left,ghd-1108__20260504-left_v71flat__20260504_162858.npz
ghd1108,ghd-1108,left_v71flat,20260504,,20260504_163115,ghd1108_0504_left,ghd-1108__20260504-left_v71flat__20260504_163115.npz
ghd1108,ghd-1108,left_v71flat,20260504,,20260504_163334,ghd1108_0504_left,ghd-1108__20260504-left_v71flat__20260504_163334.npz
ghd1108,ghd-1108,left_v71flat,20260504,,20260504_165825,ghd1108_0504_left,ghd-1108__20260504-left_v71flat__20260504_165825.npz
ghd1108,ghd-1108,left_v71flat,20260504,,20260504_170046,ghd1108_0504_left,ghd-1108__20260504-left_v71flat__20260504_170046.npz
ghd1108,ghd-1108,left_v71flat,20260504,,20260504_170301,ghd1108_0504_left,ghd-1108__20260504-left_v71flat__20260504_170301.npz
ghd1108,ghd-1108,left_v71flat,20260504,,20260504_170516,ghd1108_0504_left,ghd-1108__20260504-left_v71flat__20260504_170516.npz
ghd1108,ghd-1108,left_v71flat,20260504,,20260504_170730,ghd1108_0504_left,ghd-1108__20260504-left_v71flat__20260504_170730.npz
ghd1108,ghd-1108,left_v71flat,20260504,,20260504_170944,ghd1108_0504_left,ghd-1108__20260504-left_v71flat__20260504_170944.npz
ghd1108,ghd-1108,left_v71flat,20260504,,20260504_171324,ghd1108_0504_left,ghd-1108__20260504-left_v71flat__20260504_171324.npz
ghd1108,ghd-1108,left_v71flat,20260504,,20260504_171543,ghd1108_0504_left,ghd-1108__20260504-left_v71flat__20260504_171543.npz
ghd1108,ghd-1108,left_v71flat,20260504,,20260504_171757,ghd1108_0504_left,ghd-1108__20260504-left_v71flat__20260504_171757.npz
ghd1108,ghd-1108,left_v71flat,20260504,,20260504_172014,ghd1108_0504_left,ghd-1108__20260504-left_v71flat__20260504_172014.npz
ghd1108,ghd-1108,left_v71flat,20260504,,20260504_172227,ghd1108_0504_left,ghd-1108__20260504-left_v71flat__20260504_172227.npz
ghd1108,ghd-1108,left_v71flat,20260504,,20260504_172444,ghd1108_0504_left,ghd-1108__20260504-left_v71flat__20260504_172444.npz
ghd1108,ghd-1108,left_v71flat,20260504,,20260504_172658,ghd1108_0504_left,ghd-1108__20260504-left_v71flat__20260504_172658.npz
ghd1108,ghd-1108,left_v71flat,20260504,,20260504_180513,ghd1108_0504_left,ghd-1108__20260504-left_v71flat__20260504_180513.npz
ghd1108,ghd-1108,left_v71flat,20260504,,20260504_180727,ghd1108_0504_left,ghd-1108__20260504-left_v71flat__20260504_180727.npz
ghd1108,ghd-1108,left_v71flat,20260504,,20260504_180953,ghd1108_0504_left,ghd-1108__20260504-left_v71flat__20260504_180953.npz
ghd1108,ghd-1108,left_v71flat,20260504,,20260504_181212,ghd1108_0504_left,ghd-1108__20260504-left_v71flat__20260504_181212.npz
ghd1108,ghd-1108,left_v71flat,20260504,,20260504_181430,ghd1108_0504_left,ghd-1108__20260504-left_v71flat__20260504_181430.npz
ghd1108,ghd-1108,left_v71flat,20260504,,20260504_181647,ghd1108_0504_left,ghd-1108__20260504-left_v71flat__20260504_181647.npz
ghd1108,ghd-1108,left_v71flat,20260504,,20260504_181859,ghd1108_0504_left,ghd-1108__20260504-left_v71flat__20260504_181859.npz
ghd1108,ghd-1108,left_v71flat,20260504,,20260504_182114,ghd1108_0504_left,ghd-1108__20260504-left_v71flat__20260504_182114.npz
ghd1108,ghd-1108,left_v71flat,20260504,,20260504_182357,ghd1108_0504_left,ghd-1108__20260504-left_v71flat__20260504_182357.npz
ghd1108,ghd-1108,left_v71flat,20260504,,20260504_182625,ghd1108_0504_left,ghd-1108__20260504-left_v71flat__20260504_182625.npz
ghd1108,ghd-1108,left_v71flat,20260504,,20260504_182838,ghd1108_0504_left,ghd-1108__20260504-left_v71flat__20260504_182838.npz
ghd1108,ghd-1108,left_v71flat,20260504,,20260504_183109,ghd1108_0504_left,ghd-1108__20260504-left_v71flat__20260504_183109.npz
ghd1108,ghd-1108,left,20260505,2,20260505_155817,ghd1108_0505_left,ghd-1108__20260505-left-2__20260505_155817.npz
ghd1108,ghd-1108,left,20260505,2,20260505_160029,ghd1108_0505_left,ghd-1108__20260505-left-2__20260505_160029.npz
ghd1108,ghd-1108,left,20260505,2,20260505_160244,ghd1108_0505_left,ghd-1108__20260505-left-2__20260505_160244.npz
ghd1108,ghd-1108,left,20260505,2,20260505_160500,ghd1108_0505_left,ghd-1108__20260505-left-2__20260505_160500.npz
ghd1108,ghd-1108,left,20260505,2,20260505_160715,ghd1108_0505_left,ghd-1108__20260505-left-2__20260505_160715.npz
ghd1108,ghd-1108,left,20260505,2,20260505_160931,ghd1108_0505_left,ghd-1108__20260505-left-2__20260505_160931.npz
ghd1108,ghd-1108,left,20260505,2,20260505_161144,ghd1108_0505_left,ghd-1108__20260505-left-2__20260505_161144.npz
ghd1108,ghd-1108,left,20260505,2,20260505_161359,ghd1108_0505_left,ghd-1108__20260505-left-2__20260505_161359.npz
ghd1108,ghd-1108,left,20260505,2,20260505_161613,ghd1108_0505_left,ghd-1108__20260505-left-2__20260505_161613.npz
ghd1108,ghd-1108,left,20260505,2,20260505_161829,ghd1108_0505_left,ghd-1108__20260505-left-2__20260505_161829.npz
ghd1108,ghd-1108,left,20260505,2,20260505_162053,ghd1108_0505_left,ghd-1108__20260505-left-2__20260505_162053.npz
ghd1108,ghd-1108,left,20260505,2,20260505_162311,ghd1108_0505_left,ghd-1108__20260505-left-2__20260505_162311.npz
ghd1108,ghd-1108,left,20260505,2,20260505_162525,ghd1108_0505_left,ghd-1108__20260505-left-2__20260505_162525.npz
ghd1108,ghd-1108,left,20260505,2,20260505_162740,ghd1108_0505_left,ghd-1108__20260505-left-2__20260505_162740.npz
ghd1108,ghd-1108,left,20260505,2,20260505_162956,ghd1108_0505_left,ghd-1108__20260505-left-2__20260505_162956.npz
ghd1108,ghd-1108,left,20260505,3,20260505_163229,ghd1108_0505_left,ghd-1108__20260505-left-3__20260505_163229.npz
ghd1108,ghd-1108,left,20260505,3,20260505_163444,ghd1108_0505_left,ghd-1108__20260505-left-3__20260505_163444.npz
ghd1108,ghd-1108,left,20260505,3,20260505_163656,ghd1108_0505_left,ghd-1108__20260505-left-3__20260505_163656.npz
ghd1108,ghd-1108,left,20260505,3,20260505_163930,ghd1108_0505_left,ghd-1108__20260505-left-3__20260505_163930.npz
ghd1108,ghd-1108,left,20260505,3,20260505_164150,ghd1108_0505_left,ghd-1108__20260505-left-3__20260505_164150.npz
ghd1108,ghd-1108,left,20260505,3,20260505_164405,ghd1108_0505_left,ghd-1108__20260505-left-3__20260505_164405.npz
ghd1108,ghd-1108,left,20260505,3,20260505_164619,ghd1108_0505_left,ghd-1108__20260505-left-3__20260505_164619.npz
ghd1108,ghd-1108,left,20260505,3,20260505_164834,ghd1108_0505_left,ghd-1108__20260505-left-3__20260505_164834.npz
ghd1108,ghd-1108,left,20260505,3,20260505_165047,ghd1108_0505_left,ghd-1108__20260505-left-3__20260505_165047.npz
ghd1108,ghd-1108,left,20260505,3,20260505_165303,ghd1108_0505_left,ghd-1108__20260505-left-3__20260505_165303.npz
ghd1108,ghd-1108,left,20260505,4,20260505_174259,ghd1108_0505_left,ghd-1108__20260505-left-4__20260505_174259.npz
ghd1108,ghd-1108,left,20260505,4,20260505_174513,ghd1108_0505_left,ghd-1108__20260505-left-4__20260505_174513.npz
ghd1108,ghd-1108,left,20260505,4,20260505_174748,ghd1108_0505_left,ghd-1108__20260505-left-4__20260505_174748.npz
ghd1108,ghd-1108,left,20260505,4,20260505_175002,ghd1108_0505_left,ghd-1108__20260505-left-4__20260505_175002.npz
ghd1108,ghd-1108,left,20260505,4,20260505_175218,ghd1108_0505_left,ghd-1108__20260505-left-4__20260505_175218.npz
ghd1108,ghd-1108,left,20260505,4,20260505_175432,ghd1108_0505_left,ghd-1108__20260505-left-4__20260505_175432.npz
ghd1108,ghd-1108,left,20260505,4,20260505_175646,ghd1108_0505_left,ghd-1108__20260505-left-4__20260505_175646.npz
ghd1108,ghd-1108,left,20260505,4,20260505_175902,ghd1108_0505_left,ghd-1108__20260505-left-4__20260505_175902.npz
ghd1108,ghd-1108,left,20260505,4,20260505_180115,ghd1108_0505_left,ghd-1108__20260505-left-4__20260505_180115.npz
ghd1108,ghd-1108,left,20260505,4,20260505_180353,ghd1108_0505_left,ghd-1108__20260505-left-4__20260505_180353.npz
ghd1108,ghd-1108,left,20260505,4,20260505_180606,ghd1108_0505_left,ghd-1108__20260505-left-4__20260505_180606.npz
ghd1108,ghd-1108,left,20260505,4,20260505_180838,ghd1108_0505_left,ghd-1108__20260505-left-4__20260505_180838.npz
ghd1108,ghd-1108,left,20260505,4,20260505_181051,ghd1108_0505_left,ghd-1108__20260505-left-4__20260505_181051.npz
ghd1108,ghd-1108,left,20260505,4,20260505_181328,ghd1108_0505_left,ghd-1108__20260505-left-4__20260505_181328.npz
ghd1108,ghd-1108,left,20260505,4,20260505_181541,ghd1108_0505_left,ghd-1108__20260505-left-4__20260505_181541.npz
ghd1108,ghd-1108,left,20260505,4,20260505_181806,ghd1108_0505_left,ghd-1108__20260505-left-4__20260505_181806.npz
ghd1108,ghd-1108,left,20260505,4,20260505_182027,ghd1108_0505_left,ghd-1108__20260505-left-4__20260505_182027.npz
ghd1108,ghd-1108,left,20260505,4,20260505_182244,ghd1108_0505_left,ghd-1108__20260505-left-4__20260505_182244.npz
ghd1108,ghd-1108,left,20260505,4,20260505_182505,ghd1108_0505_left,ghd-1108__20260505-left-4__20260505_182505.npz
ghd1108,ghd-1108,left,20260505,4,20260505_182719,ghd1108_0505_left,ghd-1108__20260505-left-4__20260505_182719.npz
ghd1108,ghd-1108,left,20260505,5,20260505_183003,ghd1108_0505_left,ghd-1108__20260505-left-5__20260505_183003.npz
ghd1108,ghd-1108,left,20260505,5,20260505_183228,ghd1108_0505_left,ghd-1108__20260505-left-5__20260505_183228.npz
ghd1108,ghd-1108,left,20260505,5,20260505_183547,ghd1108_0505_left,ghd-1108__20260505-left-5__20260505_183547.npz
ghd1108,ghd-1108,left,20260505,5,20260505_183801,ghd1108_0505_left,ghd-1108__20260505-left-5__20260505_183801.npz
ghd1108,ghd-1108,left,20260505,5,20260505_184013,ghd1108_0505_left,ghd-1108__20260505-left-5__20260505_184013.npz
ghd1108,ghd-1108,left,20260505,5,20260505_184243,ghd1108_0505_left,ghd-1108__20260505-left-5__20260505_184243.npz
ghd1108,ghd-1108,left,20260505,5,20260505_184458,ghd1108_0505_left,ghd-1108__20260505-left-5__20260505_184458.npz
ghd1108,ghd-1108,left,20260505,5,20260505_184953,ghd1108_0505_left,ghd-1108__20260505-left-5__20260505_184953.npz
ghd1108,ghd-1108,left,20260505,5,20260505_185207,ghd1108_0505_left,ghd-1108__20260505-left-5__20260505_185207.npz
ghd1108,ghd-1108,left,20260505,5,20260505_185704,ghd1108_0505_left,ghd-1108__20260505-left-5__20260505_185704.npz
ghd1108,ghd-1108,left,20260505,,20260505_150848,ghd1108_0505_left,ghd-1108__20260505-left__20260505_150848.npz
ghd1108,ghd-1108,left,20260505,,20260505_151101,ghd1108_0505_left,ghd-1108__20260505-left__20260505_151101.npz
ghd1108,ghd-1108,left,20260505,,20260505_151315,ghd1108_0505_left,ghd-1108__20260505-left__20260505_151315.npz
ghd1108,ghd-1108,left,20260505,,20260505_151532,ghd1108_0505_left,ghd-1108__20260505-left__20260505_151532.npz
ghd1108,ghd-1108,left,20260505,,20260505_151808,ghd1108_0505_left,ghd-1108__20260505-left__20260505_151808.npz
ghd1108,ghd-1108,left,20260505,,20260505_152024,ghd1108_0505_left,ghd-1108__20260505-left__20260505_152024.npz
ghd1108,ghd-1108,left,20260505,,20260505_152526,ghd1108_0505_left,ghd-1108__20260505-left__20260505_152526.npz
ghd1108,ghd-1108,left,20260505,,20260505_152821,ghd1108_0505_left,ghd-1108__20260505-left__20260505_152821.npz
ghd1108,ghd-1108,left,20260505,,20260505_153037,ghd1108_0505_left,ghd-1108__20260505-left__20260505_153037.npz
ghd1108,ghd-1108,left,20260505,,20260505_153250,ghd1108_0505_left,ghd-1108__20260505-left__20260505_153250.npz
ghd1108,ghd-1108,left,20260505,,20260505_153506,ghd1108_0505_left,ghd-1108__20260505-left__20260505_153506.npz
ghd1108,ghd-1108,left,20260505,,20260505_153719,ghd1108_0505_left,ghd-1108__20260505-left__20260505_153719.npz
ghd1108,ghd-1108,left,20260505,,20260505_153933,ghd1108_0505_left,ghd-1108__20260505-left__20260505_153933.npz
ghd1108,ghd-1108,left,20260505,,20260505_154145,ghd1108_0505_left,ghd-1108__20260505-left__20260505_154145.npz
ghd1108,ghd-1108,left,20260505,,20260505_154359,ghd1108_0505_left,ghd-1108__20260505-left__20260505_154359.npz
hjj0914,hjj-0914,left,20260501,2,20260501_141933,hjj0914_0501_left,hjj-0914__20260501-left-2__20260501_141933.npz
hjj0914,hjj-0914,left,20260501,2,20260501_142149,hjj0914_0501_left,hjj-0914__20260501-left-2__20260501_142149.npz
hjj0914,hjj-0914,left,20260501,2,20260501_142406,hjj0914_0501_left,hjj-0914__20260501-left-2__20260501_142406.npz
hjj0914,hjj-0914,left,20260501,2,20260501_142622,hjj0914_0501_left,hjj-0914__20260501-left-2__20260501_142622.npz
hjj0914,hjj-0914,left,20260501,2,20260501_142843,hjj0914_0501_left,hjj-0914__20260501-left-2__20260501_142843.npz
hjj0914,hjj-0914,left,20260501,2,20260501_143109,hjj0914_0501_left,hjj-0914__20260501-left-2__20260501_143109.npz
hjj0914,hjj-0914,left,20260501,2,20260501_143327,hjj0914_0501_left,hjj-0914__20260501-left-2__20260501_143327.npz
hjj0914,hjj-0914,left,20260501,3,20260501_141140,hjj0914_0501_left,hjj-0914__20260501-left-3__20260501_141140.npz
hjj0914,hjj-0914,left,20260501,3,20260501_141403,hjj0914_0501_left,hjj-0914__20260501-left-3__20260501_141403.npz
hjj0914,hjj-0914,left,20260501,3,20260501_141654,hjj0914_0501_left,hjj-0914__20260501-left-3__20260501_141654.npz
hjj0914,hjj-0914,left,20260501,,20260501_141140,hjj0914_0501_left,hjj-0914__20260501-left__20260501_141140.npz
hjj0914,hjj-0914,left,20260501,,20260501_141403,hjj0914_0501_left,hjj-0914__20260501-left__20260501_141403.npz
hjj0914,hjj-0914,left,20260501,,20260501_141654,hjj0914_0501_left,hjj-0914__20260501-left__20260501_141654.npz
hjj0914,hjj-0914,left,20260501,,20260501_153356,hjj0914_0501_left,hjj-0914__20260501-left__20260501_153356.npz
hjj0914,hjj-0914,left,20260501,,20260501_153638,hjj0914_0501_left,hjj-0914__20260501-left__20260501_153638.npz
hjj0914,hjj-0914,left,20260501,,20260501_153852,hjj0914_0501_left,hjj-0914__20260501-left__20260501_153852.npz
hjj0914,hjj-0914,left,20260501,,20260501_154112,hjj0914_0501_left,hjj-0914__20260501-left__20260501_154112.npz
hjj0914,hjj-0914,left,20260501,,20260501_154327,hjj0914_0501_left,hjj-0914__20260501-left__20260501_154327.npz
hjj0914,hjj-0914,left,20260501,,20260501_154542,hjj0914_0501_left,hjj-0914__20260501-left__20260501_154542.npz
hjj0914,hjj-0914,left,20260501,,20260501_154759,hjj0914_0501_left,hjj-0914__20260501-left__20260501_154759.npz
hjj0914,hjj-0914,left,20260501,,20260501_155026,hjj0914_0501_left,hjj-0914__20260501-left__20260501_155026.npz
hjj0914,hjj-0914,left,20260501,,20260501_155248,hjj0914_0501_left,hjj-0914__20260501-left__20260501_155248.npz
hjj0914,hjj-0914,left,20260501,,20260501_155503,hjj0914_0501_left,hjj-0914__20260501-left__20260501_155503.npz
hjj0914,hjj-0914,left,20260501,,20260501_155719,hjj0914_0501_left,hjj-0914__20260501-left__20260501_155719.npz
hjj0914,hjj-0914,left,20260501,,20260501_155935,hjj0914_0501_left,hjj-0914__20260501-left__20260501_155935.npz
hjj0914,hjj-0914,left,20260501,,20260501_160158,hjj0914_0501_left,hjj-0914__20260501-left__20260501_160158.npz
hjj0914,hjj-0914,left,20260501,,20260501_160413,hjj0914_0501_left,hjj-0914__20260501-left__20260501_160413.npz
hjj0914,hjj-0914,left,20260501,,20260501_160629,hjj0914_0501_left,hjj-0914__20260501-left__20260501_160629.npz
hjj0914,hjj-0914,left,20260501,,20260501_160844,hjj0914_0501_left,hjj-0914__20260501-left__20260501_160844.npz
hjj0914,hjj-0914,left,20260501,,20260501_161100,hjj0914_0501_left,hjj-0914__20260501-left__20260501_161100.npz
hjj0914,hjj-0914,left,20260501,,20260501_161314,hjj0914_0501_left,hjj-0914__20260501-left__20260501_161314.npz
hjj0914,hjj-0914,left,20260503,2,20260503_181051,hjj0914_0503_left,hjj-0914__20260503-left-2__20260503_181051.npz
hjj0914,hjj-0914,left,20260503,2,20260503_181312,hjj0914_0503_left,hjj-0914__20260503-left-2__20260503_181312.npz
hjj0914,hjj-0914,left,20260503,2,20260503_181527,hjj0914_0503_left,hjj-0914__20260503-left-2__20260503_181527.npz
hjj0914,hjj-0914,left,20260503,2,20260503_181742,hjj0914_0503_left,hjj-0914__20260503-left-2__20260503_181742.npz
hjj0914,hjj-0914,left,20260503,2,20260503_182002,hjj0914_0503_left,hjj-0914__20260503-left-2__20260503_182002.npz
hjj0914,hjj-0914,left,20260503,2,20260503_182228,hjj0914_0503_left,hjj-0914__20260503-left-2__20260503_182228.npz
hjj0914,hjj-0914,left,20260503,2,20260503_182445,hjj0914_0503_left,hjj-0914__20260503-left-2__20260503_182445.npz
hjj0914,hjj-0914,left,20260503,2,20260503_182708,hjj0914_0503_left,hjj-0914__20260503-left-2__20260503_182708.npz
hjj0914,hjj-0914,left,20260503,2,20260503_182924,hjj0914_0503_left,hjj-0914__20260503-left-2__20260503_182924.npz
hjj0914,hjj-0914,left,20260503,2,20260503_183140,hjj0914_0503_left,hjj-0914__20260503-left-2__20260503_183140.npz
hjj0914,hjj-0914,left,20260503,,20260503_161237,hjj0914_0503_left,hjj-0914__20260503-left__20260503_161237.npz
hjj0914,hjj-0914,left,20260503,,20260503_161454,hjj0914_0503_left,hjj-0914__20260503-left__20260503_161454.npz
hjj0914,hjj-0914,left,20260503,,20260503_161711,hjj0914_0503_left,hjj-0914__20260503-left__20260503_161711.npz
hjj0914,hjj-0914,left,20260503,,20260503_161933,hjj0914_0503_left,hjj-0914__20260503-left__20260503_161933.npz
hjj0914,hjj-0914,left,20260503,,20260503_162150,hjj0914_0503_left,hjj-0914__20260503-left__20260503_162150.npz
hjj0914,hjj-0914,left,20260503,,20260503_162438,hjj0914_0503_left,hjj-0914__20260503-left__20260503_162438.npz
hjj0914,hjj-0914,left,20260503,,20260503_162655,hjj0914_0503_left,hjj-0914__20260503-left__20260503_162655.npz
hjj0914,hjj-0914,left,20260503,,20260503_162933,hjj0914_0503_left,hjj-0914__20260503-left__20260503_162933.npz
hjj0914,hjj-0914,left,20260503,,20260503_163153,hjj0914_0503_left,hjj-0914__20260503-left__20260503_163153.npz
hjj0914,hjj-0914,left,20260503,,20260503_163420,hjj0914_0503_left,hjj-0914__20260503-left__20260503_163420.npz
hjj0914,hjj-0914,left,20260503,,20260503_163700,hjj0914_0503_left,hjj-0914__20260503-left__20260503_163700.npz
hjj0914,hjj-0914,left,20260503,,20260503_163919,hjj0914_0503_left,hjj-0914__20260503-left__20260503_163919.npz
hjj0914,hjj-0914,left,20260503,,20260503_164151,hjj0914_0503_left,hjj-0914__20260503-left__20260503_164151.npz
hjj0914,hjj-0914,left,20260503,,20260503_164420,hjj0914_0503_left,hjj-0914__20260503-left__20260503_164420.npz
hjj0914,hjj-0914,left,20260503,,20260503_164648,hjj0914_0503_left,hjj-0914__20260503-left__20260503_164648.npz
hjj0914,hjj-0914,left,20260503,,20260503_164907,hjj0914_0503_left,hjj-0914__20260503-left__20260503_164907.npz
hjj0914,hjj-0914,left,20260503,,20260503_165135,hjj0914_0503_left,hjj-0914__20260503-left__20260503_165135.npz
hjj0914,hjj-0914,left,20260503,,20260503_165352,hjj0914_0503_left,hjj-0914__20260503-left__20260503_165352.npz
hjj0914,hjj-0914,left,20260503,,20260503_165629,hjj0914_0503_left,hjj-0914__20260503-left__20260503_165629.npz
hjj0914,hjj-0914,left,20260503,,20260503_165855,hjj0914_0503_left,hjj-0914__20260503-left__20260503_165855.npz
hjj0914,hjj-0914,left,20260504,2_v33,20260504_132331,hjj0914_0504_left,hjj-0914__20260504-left-2_v33__20260504_132331.npz
hjj0914,hjj-0914,left,20260504,2_v33,20260504_132548,hjj0914_0504_left,hjj-0914__20260504-left-2_v33__20260504_132548.npz
hjj0914,hjj-0914,left,20260504,2_v33,20260504_132806,hjj0914_0504_left,hjj-0914__20260504-left-2_v33__20260504_132806.npz
hjj0914,hjj-0914,left,20260504,2_v33,20260504_133027,hjj0914_0504_left,hjj-0914__20260504-left-2_v33__20260504_133027.npz
hjj0914,hjj-0914,left,20260504,2_v33,20260504_133244,hjj0914_0504_left,hjj-0914__20260504-left-2_v33__20260504_133244.npz
hjj0914,hjj-0914,left,20260504,2_v33,20260504_133501,hjj0914_0504_left,hjj-0914__20260504-left-2_v33__20260504_133501.npz
hjj0914,hjj-0914,left,20260504,2_v33,20260504_133916,hjj0914_0504_left,hjj-0914__20260504-left-2_v33__20260504_133916.npz
hjj0914,hjj-0914,left,20260504,2_v33,20260504_134137,hjj0914_0504_left,hjj-0914__20260504-left-2_v33__20260504_134137.npz
hjj0914,hjj-0914,left,20260504,2_v33,20260504_134355,hjj0914_0504_left,hjj-0914__20260504-left-2_v33__20260504_134355.npz
hjj0914,hjj-0914,left,20260504,2_v33,20260504_134613,hjj0914_0504_left,hjj-0914__20260504-left-2_v33__20260504_134613.npz
hjj0914,hjj-0914,left,20260504,2_v33,20260504_134831,hjj0914_0504_left,hjj-0914__20260504-left-2_v33__20260504_134831.npz
hjj0914,hjj-0914,left,20260504,2_v33,20260504_135057,hjj0914_0504_left,hjj-0914__20260504-left-2_v33__20260504_135057.npz
hjj0914,hjj-0914,left,20260504,2_v33,20260504_135314,hjj0914_0504_left,hjj-0914__20260504-left-2_v33__20260504_135314.npz
hjj0914,hjj-0914,left,20260504,2_v33,20260504_135532,hjj0914_0504_left,hjj-0914__20260504-left-2_v33__20260504_135532.npz
hjj0914,hjj-0914,left,20260504,2_v33,20260504_135755,hjj0914_0504_left,hjj-0914__20260504-left-2_v33__20260504_135755.npz
hjj0914,hjj-0914,left,20260504,2_v33,20260504_140012,hjj0914_0504_left,hjj-0914__20260504-left-2_v33__20260504_140012.npz
hjj0914,hjj-0914,left,20260504,2_v33,20260504_140242,hjj0914_0504_left,hjj-0914__20260504-left-2_v33__20260504_140242.npz
hjj0914,hjj-0914,left,20260504,2_v33,20260504_140459,hjj0914_0504_left,hjj-0914__20260504-left-2_v33__20260504_140459.npz
hjj0914,hjj-0914,left,20260504,2_v33,20260504_140721,hjj0914_0504_left,hjj-0914__20260504-left-2_v33__20260504_140721.npz
hjj0914,hjj-0914,left,20260504,2_v33,20260504_140937,hjj0914_0504_left,hjj-0914__20260504-left-2_v33__20260504_140937.npz
hjj0914,hjj-0914,left,20260504,2_v71,20260504_153326,hjj0914_0504_left,hjj-0914__20260504-left-2_v71__20260504_153326.npz
hjj0914,hjj-0914,left,20260504,2_v71,20260504_153548,hjj0914_0504_left,hjj-0914__20260504-left-2_v71__20260504_153548.npz
hjj0914,hjj-0914,left,20260504,2_v71,20260504_153809,hjj0914_0504_left,hjj-0914__20260504-left-2_v71__20260504_153809.npz
hjj0914,hjj-0914,left,20260504,2_v71,20260504_154026,hjj0914_0504_left,hjj-0914__20260504-left-2_v71__20260504_154026.npz
hjj0914,hjj-0914,left,20260504,2_v71,20260504_154243,hjj0914_0504_left,hjj-0914__20260504-left-2_v71__20260504_154243.npz
hjj0914,hjj-0914,left,20260504,2_v71,20260504_154459,hjj0914_0504_left,hjj-0914__20260504-left-2_v71__20260504_154459.npz
hjj0914,hjj-0914,left,20260504,2_v71,20260504_154719,hjj0914_0504_left,hjj-0914__20260504-left-2_v71__20260504_154719.npz
hjj0914,hjj-0914,left,20260504,2_v71,20260504_154939,hjj0914_0504_left,hjj-0914__20260504-left-2_v71__20260504_154939.npz
hjj0914,hjj-0914,left,20260504,2_v71,20260504_155207,hjj0914_0504_left,hjj-0914__20260504-left-2_v71__20260504_155207.npz
hjj0914,hjj-0914,left,20260504,2_v71,20260504_155459,hjj0914_0504_left,hjj-0914__20260504-left-2_v71__20260504_155459.npz
hjj0914,hjj-0914,left,20260504,3_v71,20260504_164557,hjj0914_0504_left,hjj-0914__20260504-left-3_v71__20260504_164557.npz
hjj0914,hjj-0914,left,20260504,3_v71,20260504_164816,hjj0914_0504_left,hjj-0914__20260504-left-3_v71__20260504_164816.npz
hjj0914,hjj-0914,left,20260504,3_v71,20260504_165045,hjj0914_0504_left,hjj-0914__20260504-left-3_v71__20260504_165045.npz
hjj0914,hjj-0914,left,20260504,3_v71,20260504_165301,hjj0914_0504_left,hjj-0914__20260504-left-3_v71__20260504_165301.npz
hjj0914,hjj-0914,left,20260504,3_v71,20260504_165542,hjj0914_0504_left,hjj-0914__20260504-left-3_v71__20260504_165542.npz
hjj0914,hjj-0914,left,20260504,3_v71,20260504_165759,hjj0914_0504_left,hjj-0914__20260504-left-3_v71__20260504_165759.npz
hjj0914,hjj-0914,left,20260504,3_v71,20260504_170016,hjj0914_0504_left,hjj-0914__20260504-left-3_v71__20260504_170016.npz
hjj0914,hjj-0914,left,20260504,3_v71,20260504_170244,hjj0914_0504_left,hjj-0914__20260504-left-3_v71__20260504_170244.npz
hjj0914,hjj-0914,left,20260504,3_v71,20260504_170502,hjj0914_0504_left,hjj-0914__20260504-left-3_v71__20260504_170502.npz
hjj0914,hjj-0914,left,20260504,3_v71,20260504_170719,hjj0914_0504_left,hjj-0914__20260504-left-3_v71__20260504_170719.npz
hjj0914,hjj-0914,left,20260504,4_v71,20260504_172629,hjj0914_0504_left,hjj-0914__20260504-left-4_v71__20260504_172629.npz
hjj0914,hjj-0914,left,20260504,4_v71,20260504_172848,hjj0914_0504_left,hjj-0914__20260504-left-4_v71__20260504_172848.npz
hjj0914,hjj-0914,left,20260504,4_v71,20260504_173106,hjj0914_0504_left,hjj-0914__20260504-left-4_v71__20260504_173106.npz
hjj0914,hjj-0914,left,20260504,4_v71,20260504_173415,hjj0914_0504_left,hjj-0914__20260504-left-4_v71__20260504_173415.npz
hjj0914,hjj-0914,left,20260504,4_v71,20260504_173633,hjj0914_0504_left,hjj-0914__20260504-left-4_v71__20260504_173633.npz
hjj0914,hjj-0914,left,20260504,4_v71,20260504_173852,hjj0914_0504_left,hjj-0914__20260504-left-4_v71__20260504_173852.npz
hjj0914,hjj-0914,left,20260504,4_v71,20260504_174114,hjj0914_0504_left,hjj-0914__20260504-left-4_v71__20260504_174114.npz
hjj0914,hjj-0914,left,20260504,4_v71,20260504_174332,hjj0914_0504_left,hjj-0914__20260504-left-4_v71__20260504_174332.npz
hjj0914,hjj-0914,left,20260504,4_v71,20260504_174552,hjj0914_0504_left,hjj-0914__20260504-left-4_v71__20260504_174552.npz
hjj0914,hjj-0914,left,20260504,4_v71,20260504_174810,hjj0914_0504_left,hjj-0914__20260504-left-4_v71__20260504_174810.npz
hjj0914,hjj-0914,left_v33,20260504,,20260504_111316,hjj0914_0504_left,hjj-0914__20260504-left_v33__20260504_111316.npz
hjj0914,hjj-0914,left_v33,20260504,,20260504_111739,hjj0914_0504_left,hjj-0914__20260504-left_v33__20260504_111739.npz
hjj0914,hjj-0914,left_v33,20260504,,20260504_112041,hjj0914_0504_left,hjj-0914__20260504-left_v33__20260504_112041.npz
hjj0914,hjj-0914,left_v33,20260504,,20260504_112530,hjj0914_0504_left,hjj-0914__20260504-left_v33__20260504_112530.npz
hjj0914,hjj-0914,left_v33,20260504,,20260504_112753,hjj0914_0504_left,hjj-0914__20260504-left_v33__20260504_112753.npz
hjj0914,hjj-0914,left_v33,20260504,,20260504_113012,hjj0914_0504_left,hjj-0914__20260504-left_v33__20260504_113012.npz
hjj0914,hjj-0914,left_v33,20260504,,20260504_113453,hjj0914_0504_left,hjj-0914__20260504-left_v33__20260504_113453.npz
hjj0914,hjj-0914,left_v33,20260504,,20260504_113716,hjj0914_0504_left,hjj-0914__20260504-left_v33__20260504_113716.npz
hjj0914,hjj-0914,left_v33,20260504,,20260504_113933,hjj0914_0504_left,hjj-0914__20260504-left_v33__20260504_113933.npz
hjj0914,hjj-0914,left_v33,20260504,,20260504_114159,hjj0914_0504_left,hjj-0914__20260504-left_v33__20260504_114159.npz
hjj0914,hjj-0914,left_v71,20260504,,20260504_150603,hjj0914_0504_left,hjj-0914__20260504-left_v71__20260504_150603.npz
hjj0914,hjj-0914,left_v71,20260504,,20260504_150821,hjj0914_0504_left,hjj-0914__20260504-left_v71__20260504_150821.npz
hjj0914,hjj-0914,left_v71,20260504,,20260504_151040,hjj0914_0504_left,hjj-0914__20260504-left_v71__20260504_151040.npz
hjj0914,hjj-0914,left_v71,20260504,,20260504_151258,hjj0914_0504_left,hjj-0914__20260504-left_v71__20260504_151258.npz
hjj0914,hjj-0914,left_v71,20260504,,20260504_151516,hjj0914_0504_left,hjj-0914__20260504-left_v71__20260504_151516.npz
hjj0914,hjj-0914,left_v71,20260504,,20260504_151735,hjj0914_0504_left,hjj-0914__20260504-left_v71__20260504_151735.npz
hjj0914,hjj-0914,left_v71,20260504,,20260504_152219,hjj0914_0504_left,hjj-0914__20260504-left_v71__20260504_152219.npz
hjj0914,hjj-0914,left_v71,20260504,,20260504_152443,hjj0914_0504_left,hjj-0914__20260504-left_v71__20260504_152443.npz
hjj0914,hjj-0914,left_v71,20260504,,20260504_152748,hjj0914_0504_left,hjj-0914__20260504-left_v71__20260504_152748.npz
hjj0914,hjj-0914,right,20260505,2,20260505_133959,hjj0914_0505_right,hjj-0914__20260505-right-2-HJJ__20260505_133959.npz
hjj0914,hjj-0914,right,20260505,2,20260505_134225,hjj0914_0505_right,hjj-0914__20260505-right-2-HJJ__20260505_134225.npz
hjj0914,hjj-0914,right,20260505,2,20260505_134443,hjj0914_0505_right,hjj-0914__20260505-right-2-HJJ__20260505_134443.npz
hjj0914,hjj-0914,right,20260505,2,20260505_134709,hjj0914_0505_right,hjj-0914__20260505-right-2-HJJ__20260505_134709.npz
hjj0914,hjj-0914,right,20260505,2,20260505_134930,hjj0914_0505_right,hjj-0914__20260505-right-2-HJJ__20260505_134930.npz
hjj0914,hjj-0914,right,20260505,2,20260505_135215,hjj0914_0505_right,hjj-0914__20260505-right-2-HJJ__20260505_135215.npz
hjj0914,hjj-0914,right,20260505,2,20260505_135435,hjj0914_0505_right,hjj-0914__20260505-right-2-HJJ__20260505_135435.npz
hjj0914,hjj-0914,right,20260505,2,20260505_135654,hjj0914_0505_right,hjj-0914__20260505-right-2-HJJ__20260505_135654.npz
hjj0914,hjj-0914,right,20260505,2,20260505_135914,hjj0914_0505_right,hjj-0914__20260505-right-2-HJJ__20260505_135914.npz
hjj0914,hjj-0914,right,20260505,2,20260505_140132,hjj0914_0505_right,hjj-0914__20260505-right-2-HJJ__20260505_140132.npz
hjj0914,hjj-0914,right,20260505,2,20260505_140350,hjj0914_0505_right,hjj-0914__20260505-right-2-HJJ__20260505_140350.npz
hjj0914,hjj-0914,right,20260505,2,20260505_140615,hjj0914_0505_right,hjj-0914__20260505-right-2-HJJ__20260505_140615.npz
hjj0914,hjj-0914,right,20260505,2,20260505_140833,hjj0914_0505_right,hjj-0914__20260505-right-2-HJJ__20260505_140833.npz
hjj0914,hjj-0914,right,20260505,2,20260505_141102,hjj0914_0505_right,hjj-0914__20260505-right-2-HJJ__20260505_141102.npz
hjj0914,hjj-0914,right,20260505,2,20260505_141319,hjj0914_0505_right,hjj-0914__20260505-right-2-HJJ__20260505_141319.npz
hjj0914,hjj-0914,right,20260505,2,20260505_141540,hjj0914_0505_right,hjj-0914__20260505-right-2-HJJ__20260505_141540.npz
hjj0914,hjj-0914,right,20260505,2,20260505_141806,hjj0914_0505_right,hjj-0914__20260505-right-2-HJJ__20260505_141806.npz
hjj0914,hjj-0914,right,20260505,2,20260505_142025,hjj0914_0505_right,hjj-0914__20260505-right-2-HJJ__20260505_142025.npz
hjj0914,hjj-0914,right,20260505,2,20260505_142247,hjj0914_0505_right,hjj-0914__20260505-right-2-HJJ__20260505_142247.npz
hjj0914,hjj-0914,right,20260505,2,20260505_142505,hjj0914_0505_right,hjj-0914__20260505-right-2-HJJ__20260505_142505.npz
hjj0914,hjj-0914,right,20260505,3,20260505_152119,hjj0914_0505_right,hjj-0914__20260505-right-3-HJJ__20260505_152119.npz
hjj0914,hjj-0914,right,20260505,3,20260505_152340,hjj0914_0505_right,hjj-0914__20260505-right-3-HJJ__20260505_152340.npz
hjj0914,hjj-0914,right,20260505,3,20260505_152600,hjj0914_0505_right,hjj-0914__20260505-right-3-HJJ__20260505_152600.npz
hjj0914,hjj-0914,right,20260505,3,20260505_152822,hjj0914_0505_right,hjj-0914__20260505-right-3-HJJ__20260505_152822.npz
hjj0914,hjj-0914,right,20260505,3,20260505_153050,hjj0914_0505_right,hjj-0914__20260505-right-3-HJJ__20260505_153050.npz
hjj0914,hjj-0914,right,20260505,3,20260505_153314,hjj0914_0505_right,hjj-0914__20260505-right-3-HJJ__20260505_153314.npz
hjj0914,hjj-0914,right,20260505,3,20260505_153534,hjj0914_0505_right,hjj-0914__20260505-right-3-HJJ__20260505_153534.npz
hjj0914,hjj-0914,right,20260505,3,20260505_153755,hjj0914_0505_right,hjj-0914__20260505-right-3-HJJ__20260505_153755.npz
hjj0914,hjj-0914,right,20260505,5,20260505_155244,hjj0914_0505_right,hjj-0914__20260505-right-5-HJJ__20260505_155244.npz
hjj0914,hjj-0914,right,20260505,5,20260505_155505,hjj0914_0505_right,hjj-0914__20260505-right-5-HJJ__20260505_155505.npz
hjj0914,hjj-0914,right,20260505,5,20260505_155726,hjj0914_0505_right,hjj-0914__20260505-right-5-HJJ__20260505_155726.npz
hjj0914,hjj-0914,right,20260505,5,20260505_155950,hjj0914_0505_right,hjj-0914__20260505-right-5-HJJ__20260505_155950.npz
hjj0914,hjj-0914,right,20260505,5,20260505_160210,hjj0914_0505_right,hjj-0914__20260505-right-5-HJJ__20260505_160210.npz
hjj0914,hjj-0914,right,20260505,5,20260505_160433,hjj0914_0505_right,hjj-0914__20260505-right-5-HJJ__20260505_160433.npz
hjj0914,hjj-0914,right,20260505,5,20260505_160655,hjj0914_0505_right,hjj-0914__20260505-right-5-HJJ__20260505_160655.npz
hjj0914,hjj-0914,right,20260505,5,20260505_160917,hjj0914_0505_right,hjj-0914__20260505-right-5-HJJ__20260505_160917.npz
hjj0914,hjj-0914,right,20260505,5,20260505_161150,hjj0914_0505_right,hjj-0914__20260505-right-5-HJJ__20260505_161150.npz
hjj0914,hjj-0914,right,20260505,5,20260505_161412,hjj0914_0505_right,hjj-0914__20260505-right-5-HJJ__20260505_161412.npz
hjj0914,hjj-0914,right,20260505,5,20260505_161631,hjj0914_0505_right,hjj-0914__20260505-right-5-HJJ__20260505_161631.npz
hjj0914,hjj-0914,right,20260505,5,20260505_161851,hjj0914_0505_right,hjj-0914__20260505-right-5-HJJ__20260505_161851.npz
hjj0914,hjj-0914,right,20260505,5,20260505_162109,hjj0914_0505_right,hjj-0914__20260505-right-5-HJJ__20260505_162109.npz
hjj0914,hjj-0914,right,20260505,5,20260505_162330,hjj0914_0505_right,hjj-0914__20260505-right-5-HJJ__20260505_162330.npz
hjj0914,hjj-0914,right,20260505,5,20260505_162550,hjj0914_0505_right,hjj-0914__20260505-right-5-HJJ__20260505_162550.npz
hjj0914,hjj-0914,right,20260505,5,20260505_162823,hjj0914_0505_right,hjj-0914__20260505-right-5-HJJ__20260505_162823.npz
hjj0914,hjj-0914,right,20260505,5,20260505_163048,hjj0914_0505_right,hjj-0914__20260505-right-5-HJJ__20260505_163048.npz
hjj0914,hjj-0914,right,20260505,5,20260505_163312,hjj0914_0505_right,hjj-0914__20260505-right-5-HJJ__20260505_163312.npz
hjj0914,hjj-0914,right,20260505,5,20260505_163529,hjj0914_0505_right,hjj-0914__20260505-right-5-HJJ__20260505_163529.npz
hjj0914,hjj-0914,right,20260505,5,20260505_163749,hjj0914_0505_right,hjj-0914__20260505-right-5-HJJ__20260505_163749.npz
hjj0914,hjj-0914,right,20260505,HJJ,20260505_132543,hjj0914_0505_right,hjj-0914__20260505-right-HJJ__20260505_132543.npz
hjj0914,hjj-0914,right,20260505,HJJ,20260505_132813,hjj0914_0505_right,hjj-0914__20260505-right-HJJ__20260505_132813.npz
hjj0914,hjj-0914,right,20260505,HJJ,20260505_133039,hjj0914_0505_right,hjj-0914__20260505-right-HJJ__20260505_133039.npz
hjj0914,hjj-0914,right,20260505,HJJ,20260505_133436,hjj0914_0505_right,hjj-0914__20260505-right-HJJ__20260505_133436.npz
hzy1217,hzy-1217,left,20260501,2,20260501_125849,hzy1217_0501_run1,hzy-1217__20260501-left-2__20260501_125849.npz
hzy1217,hzy-1217,left,20260501,2,20260501_130110,hzy1217_0501_run1,hzy-1217__20260501-left-2__20260501_130110.npz
hzy1217,hzy-1217,left,20260501,2,20260501_130328,hzy1217_0501_run1,hzy-1217__20260501-left-2__20260501_130328.npz
hzy1217,hzy-1217,left,20260501,2,20260501_130545,hzy1217_0501_run1,hzy-1217__20260501-left-2__20260501_130545.npz
hzy1217,hzy-1217,left,20260501,2,20260501_130805,hzy1217_0501_run1,hzy-1217__20260501-left-2__20260501_130805.npz
hzy1217,hzy-1217,left,20260501,2,20260501_131024,hzy1217_0501_run1,hzy-1217__20260501-left-2__20260501_131024.npz
hzy1217,hzy-1217,left,20260501,2,20260501_131245,hzy1217_0501_run1,hzy-1217__20260501-left-2__20260501_131245.npz
hzy1217,hzy-1217,left,20260501,2,20260501_131503,hzy1217_0501_run1,hzy-1217__20260501-left-2__20260501_131503.npz
hzy1217,hzy-1217,left,20260501,2,20260501_131719,hzy1217_0501_run1,hzy-1217__20260501-left-2__20260501_131719.npz
hzy1217,hzy-1217,left,20260501,2,20260501_131948,hzy1217_0501_run1,hzy-1217__20260501-left-2__20260501_131948.npz
hzy1217,hzy-1217,left,20260501,2,20260501_132211,hzy1217_0501_run1,hzy-1217__20260501-left-2__20260501_132211.npz
hzy1217,hzy-1217,left,20260501,2,20260501_132432,hzy1217_0501_run1,hzy-1217__20260501-left-2__20260501_132432.npz
hzy1217,hzy-1217,left,20260501,2,20260501_132652,hzy1217_0501_run1,hzy-1217__20260501-left-2__20260501_132652.npz
hzy1217,hzy-1217,left,20260501,2,20260501_132910,hzy1217_0501_run1,hzy-1217__20260501-left-2__20260501_132910.npz
hzy1217,hzy-1217,left,20260501,2,20260501_133127,hzy1217_0501_run1,hzy-1217__20260501-left-2__20260501_133127.npz
hzy1217,hzy-1217,left,20260501,2,20260501_133345,hzy1217_0501_run1,hzy-1217__20260501-left-2__20260501_133345.npz
hzy1217,hzy-1217,left,20260501,2,20260501_133607,hzy1217_0501_run1,hzy-1217__20260501-left-2__20260501_133607.npz
hzy1217,hzy-1217,left,20260501,2,20260501_133835,hzy1217_0501_run1,hzy-1217__20260501-left-2__20260501_133835.npz
hzy1217,hzy-1217,left,20260501,2,20260501_134053,hzy1217_0501_run1,hzy-1217__20260501-left-2__20260501_134053.npz
hzy1217,hzy-1217,left,20260501,2,20260501_134350,hzy1217_0501_run1,hzy-1217__20260501-left-2__20260501_134350.npz
hzy1217,hzy-1217,left,20260501,3,20260501_134749,hzy1217_0501_run1,hzy-1217__20260501-left-3__20260501_134749.npz
hzy1217,hzy-1217,left,20260501,3,20260501_135006,hzy1217_0501_run1,hzy-1217__20260501-left-3__20260501_135006.npz
hzy1217,hzy-1217,left,20260501,3,20260501_135223,hzy1217_0501_run1,hzy-1217__20260501-left-3__20260501_135223.npz
hzy1217,hzy-1217,left,20260501,3,20260501_135445,hzy1217_0501_run1,hzy-1217__20260501-left-3__20260501_135445.npz
hzy1217,hzy-1217,left,20260501,3,20260501_135700,hzy1217_0501_run1,hzy-1217__20260501-left-3__20260501_135700.npz
hzy1217,hzy-1217,left,20260501,3,20260501_135929,hzy1217_0501_run1,hzy-1217__20260501-left-3__20260501_135929.npz
hzy1217,hzy-1217,left,20260501,3,20260501_140149,hzy1217_0501_run1,hzy-1217__20260501-left-3__20260501_140149.npz
hzy1217,hzy-1217,left,20260501,3,20260501_140413,hzy1217_0501_run1,hzy-1217__20260501-left-3__20260501_140413.npz
hzy1217,hzy-1217,left,20260501,3,20260501_140631,hzy1217_0501_run1,hzy-1217__20260501-left-3__20260501_140631.npz
hzy1217,hzy-1217,left,20260501,3,20260501_140911,hzy1217_0501_run1,hzy-1217__20260501-left-3__20260501_140911.npz
hzy1217,hzy-1217,left,20260501,3,20260501_141134,hzy1217_0501_run1,hzy-1217__20260501-left-3__20260501_141134.npz
hzy1217,hzy-1217,left,20260501,3,20260501_141351,hzy1217_0501_run1,hzy-1217__20260501-left-3__20260501_141351.npz
hzy1217,hzy-1217,left,20260501,3,20260501_141614,hzy1217_0501_run1,hzy-1217__20260501-left-3__20260501_141614.npz
hzy1217,hzy-1217,left,20260501,3,20260501_141833,hzy1217_0501_run1,hzy-1217__20260501-left-3__20260501_141833.npz
hzy1217,hzy-1217,left,20260501,3,20260501_142053,hzy1217_0501_run1,hzy-1217__20260501-left-3__20260501_142053.npz
hzy1217,hzy-1217,left,20260501,3,20260501_142309,hzy1217_0501_run1,hzy-1217__20260501-left-3__20260501_142309.npz
hzy1217,hzy-1217,left,20260501,3,20260501_142543,hzy1217_0501_run1,hzy-1217__20260501-left-3__20260501_142543.npz
hzy1217,hzy-1217,left,20260501,3,20260501_142759,hzy1217_0501_run1,hzy-1217__20260501-left-3__20260501_142759.npz
hzy1217,hzy-1217,left,20260501,3,20260501_143014,hzy1217_0501_run1,hzy-1217__20260501-left-3__20260501_143014.npz
hzy1217,hzy-1217,left,20260501,3,20260501_143231,hzy1217_0501_run1,hzy-1217__20260501-left-3__20260501_143231.npz
hzy1217,hzy-1217,left,20260501,3,20260501_143445,hzy1217_0501_run1,hzy-1217__20260501-left-3__20260501_143445.npz
hzy1217,hzy-1217,left,20260501,3,20260501_143719,hzy1217_0501_run1,hzy-1217__20260501-left-3__20260501_143719.npz
hzy1217,hzy-1217,left,20260501,3,20260501_143934,hzy1217_0501_run1,hzy-1217__20260501-left-3__20260501_143934.npz
hzy1217,hzy-1217,left,20260501,3,20260501_144153,hzy1217_0501_run1,hzy-1217__20260501-left-3__20260501_144153.npz
hzy1217,hzy-1217,left,20260501,3,20260501_144408,hzy1217_0501_run1,hzy-1217__20260501-left-3__20260501_144408.npz
hzy1217,hzy-1217,left,20260501,3,20260501_144630,hzy1217_0501_run1,hzy-1217__20260501-left-3__20260501_144630.npz
hzy1217,hzy-1217,left,20260501,3,20260501_144845,hzy1217_0501_run1,hzy-1217__20260501-left-3__20260501_144845.npz
hzy1217,hzy-1217,left,20260501,3,20260501_145151,hzy1217_0501_run1,hzy-1217__20260501-left-3__20260501_145151.npz
hzy1217,hzy-1217,left,20260501,3,20260501_145425,hzy1217_0501_run1,hzy-1217__20260501-left-3__20260501_145425.npz
hzy1217,hzy-1217,left,20260501,3,20260501_145653,hzy1217_0501_run1,hzy-1217__20260501-left-3__20260501_145653.npz
hzy1217,hzy-1217,left,20260501,4,20260501_150329,hzy1217_0501_run1,hzy-1217__20260501-left-4__20260501_150329.npz
hzy1217,hzy-1217,left,20260501,4,20260501_150550,hzy1217_0501_run1,hzy-1217__20260501-left-4__20260501_150550.npz
hzy1217,hzy-1217,left,20260501,4,20260501_150829,hzy1217_0501_run1,hzy-1217__20260501-left-4__20260501_150829.npz
hzy1217,hzy-1217,left,20260501,4,20260501_151045,hzy1217_0501_run1,hzy-1217__20260501-left-4__20260501_151045.npz
hzy1217,hzy-1217,left,20260501,4,20260501_151301,hzy1217_0501_run1,hzy-1217__20260501-left-4__20260501_151301.npz
hzy1217,hzy-1217,left,20260501,4,20260501_151515,hzy1217_0501_run1,hzy-1217__20260501-left-4__20260501_151515.npz
hzy1217,hzy-1217,left,20260501,4,20260501_151730,hzy1217_0501_run1,hzy-1217__20260501-left-4__20260501_151730.npz
hzy1217,hzy-1217,left,20260501,4,20260501_151943,hzy1217_0501_run1,hzy-1217__20260501-left-4__20260501_151943.npz
hzy1217,hzy-1217,left,20260501,4,20260501_152157,hzy1217_0501_run1,hzy-1217__20260501-left-4__20260501_152157.npz
hzy1217,hzy-1217,left,20260501,4,20260501_152412,hzy1217_0501_run1,hzy-1217__20260501-left-4__20260501_152412.npz
hzy1217,hzy-1217,left,20260501,4,20260501_152633,hzy1217_0501_run1,hzy-1217__20260501-left-4__20260501_152633.npz
hzy1217,hzy-1217,left,20260501,4,20260501_152848,hzy1217_0501_run1,hzy-1217__20260501-left-4__20260501_152848.npz
hzy1217,hzy-1217,left,20260501,4,20260501_153106,hzy1217_0501_run1,hzy-1217__20260501-left-4__20260501_153106.npz
hzy1217,hzy-1217,left,20260501,4,20260501_153319,hzy1217_0501_run1,hzy-1217__20260501-left-4__20260501_153319.npz
hzy1217,hzy-1217,left,20260501,4,20260501_153533,hzy1217_0501_run1,hzy-1217__20260501-left-4__20260501_153533.npz
hzy1217,hzy-1217,left,20260501,4,20260501_153749,hzy1217_0501_run1,hzy-1217__20260501-left-4__20260501_153749.npz
hzy1217,hzy-1217,left,20260501,4,20260501_154009,hzy1217_0501_run1,hzy-1217__20260501-left-4__20260501_154009.npz
hzy1217,hzy-1217,left,20260501,4,20260501_154227,hzy1217_0501_run1,hzy-1217__20260501-left-4__20260501_154227.npz
hzy1217,hzy-1217,left,20260501,4,20260501_154454,hzy1217_0501_run1,hzy-1217__20260501-left-4__20260501_154454.npz
hzy1217,hzy-1217,left,20260501,4,20260501_154707,hzy1217_0501_run1,hzy-1217__20260501-left-4__20260501_154707.npz
hzy1217,hzy-1217,left,20260501,4,20260501_154920,hzy1217_0501_run1,hzy-1217__20260501-left-4__20260501_154920.npz
hzy1217,hzy-1217,left,20260501,4,20260501_155136,hzy1217_0501_run1,hzy-1217__20260501-left-4__20260501_155136.npz
hzy1217,hzy-1217,left,20260501,4,20260501_155351,hzy1217_0501_run1,hzy-1217__20260501-left-4__20260501_155351.npz
hzy1217,hzy-1217,left,20260501,4,20260501_155605,hzy1217_0501_run1,hzy-1217__20260501-left-4__20260501_155605.npz
hzy1217,hzy-1217,left,20260501,4,20260501_155840,hzy1217_0501_run1,hzy-1217__20260501-left-4__20260501_155840.npz
hzy1217,hzy-1217,left,20260501,4,20260501_160054,hzy1217_0501_run1,hzy-1217__20260501-left-4__20260501_160054.npz
hzy1217,hzy-1217,left,20260501,4,20260501_160308,hzy1217_0501_run1,hzy-1217__20260501-left-4__20260501_160308.npz
hzy1217,hzy-1217,left,20260501,4,20260501_160524,hzy1217_0501_run1,hzy-1217__20260501-left-4__20260501_160524.npz
hzy1217,hzy-1217,left,20260501,4,20260501_160743,hzy1217_0501_run1,hzy-1217__20260501-left-4__20260501_160743.npz
hzy1217,hzy-1217,left,20260501,4,20260501_160959,hzy1217_0501_run1,hzy-1217__20260501-left-4__20260501_160959.npz
hzy1217,hzy-1217,left,20260501,5,20260501_162716,hzy1217_0501_run1,hzy-1217__20260501-left-5__20260501_162716.npz
hzy1217,hzy-1217,left,20260501,5,20260501_162934,hzy1217_0501_run1,hzy-1217__20260501-left-5__20260501_162934.npz
hzy1217,hzy-1217,left,20260501,5,20260501_163150,hzy1217_0501_run1,hzy-1217__20260501-left-5__20260501_163150.npz
hzy1217,hzy-1217,left,20260501,5,20260501_163408,hzy1217_0501_run1,hzy-1217__20260501-left-5__20260501_163408.npz
hzy1217,hzy-1217,left,20260501,5,20260501_163625,hzy1217_0501_run1,hzy-1217__20260501-left-5__20260501_163625.npz
hzy1217,hzy-1217,left,20260501,5,20260501_163840,hzy1217_0501_run1,hzy-1217__20260501-left-5__20260501_163840.npz
hzy1217,hzy-1217,left,20260501,5,20260501_164054,hzy1217_0501_run1,hzy-1217__20260501-left-5__20260501_164054.npz
hzy1217,hzy-1217,left,20260501,5,20260501_164425,hzy1217_0501_run1,hzy-1217__20260501-left-5__20260501_164425.npz
hzy1217,hzy-1217,left,20260501,5,20260501_164640,hzy1217_0501_run1,hzy-1217__20260501-left-5__20260501_164640.npz
hzy1217,hzy-1217,left,20260501,5,20260501_164854,hzy1217_0501_run1,hzy-1217__20260501-left-5__20260501_164854.npz
hzy1217,hzy-1217,left,20260501,5,20260501_165115,hzy1217_0501_run1,hzy-1217__20260501-left-5__20260501_165115.npz
hzy1217,hzy-1217,left,20260501,5,20260501_165332,hzy1217_0501_run1,hzy-1217__20260501-left-5__20260501_165332.npz
hzy1217,hzy-1217,left,20260501,5,20260501_165551,hzy1217_0501_run1,hzy-1217__20260501-left-5__20260501_165551.npz
hzy1217,hzy-1217,left,20260501,5,20260501_165831,hzy1217_0501_run1,hzy-1217__20260501-left-5__20260501_165831.npz
hzy1217,hzy-1217,left,20260501,5,20260501_170123,hzy1217_0501_run1,hzy-1217__20260501-left-5__20260501_170123.npz
hzy1217,hzy-1217,left,20260501,5,20260501_170336,hzy1217_0501_run1,hzy-1217__20260501-left-5__20260501_170336.npz
hzy1217,hzy-1217,left,20260501,5,20260501_170550,hzy1217_0501_run1,hzy-1217__20260501-left-5__20260501_170550.npz
hzy1217,hzy-1217,left,20260501,5,20260501_170826,hzy1217_0501_run1,hzy-1217__20260501-left-5__20260501_170826.npz
hzy1217,hzy-1217,left,20260501,5,20260501_171041,hzy1217_0501_run1,hzy-1217__20260501-left-5__20260501_171041.npz
hzy1217,hzy-1217,left,20260501,5,20260501_171256,hzy1217_0501_run1,hzy-1217__20260501-left-5__20260501_171256.npz
hzy1217,hzy-1217,left,20260501,6,20260501_171558,hzy1217_0501_run1,hzy-1217__20260501-left-6__20260501_171558.npz
hzy1217,hzy-1217,left,20260501,6,20260501_171813,hzy1217_0501_run1,hzy-1217__20260501-left-6__20260501_171813.npz
hzy1217,hzy-1217,left,20260501,6,20260501_172028,hzy1217_0501_run1,hzy-1217__20260501-left-6__20260501_172028.npz
hzy1217,hzy-1217,left,20260501,6,20260501_172246,hzy1217_0501_run1,hzy-1217__20260501-left-6__20260501_172246.npz
hzy1217,hzy-1217,left,20260501,6,20260501_172501,hzy1217_0501_run1,hzy-1217__20260501-left-6__20260501_172501.npz
hzy1217,hzy-1217,left,20260501,6,20260501_172718,hzy1217_0501_run1,hzy-1217__20260501-left-6__20260501_172718.npz
hzy1217,hzy-1217,left,20260501,6,20260501_172933,hzy1217_0501_run1,hzy-1217__20260501-left-6__20260501_172933.npz
hzy1217,hzy-1217,left,20260501,6,20260501_173147,hzy1217_0501_run1,hzy-1217__20260501-left-6__20260501_173147.npz
hzy1217,hzy-1217,left,20260501,6,20260501_173413,hzy1217_0501_run1,hzy-1217__20260501-left-6__20260501_173413.npz
hzy1217,hzy-1217,left,20260501,6,20260501_173641,hzy1217_0501_run1,hzy-1217__20260501-left-6__20260501_173641.npz
hzy1217,hzy-1217,left,20260501,,20260501_114604,hzy1217_0501_run1,hzy-1217__20260501-left__20260501_114604.npz
hzy1217,hzy-1217,left,20260501,,20260501_114832,hzy1217_0501_run1,hzy-1217__20260501-left__20260501_114832.npz
hzy1217,hzy-1217,left,20260501,,20260501_115050,hzy1217_0501_run1,hzy-1217__20260501-left__20260501_115050.npz
hzy1217,hzy-1217,left,20260501,,20260501_115312,hzy1217_0501_run1,hzy-1217__20260501-left__20260501_115312.npz
hzy1217,hzy-1217,left,20260501,,20260501_115539,hzy1217_0501_run1,hzy-1217__20260501-left__20260501_115539.npz
hzy1217,hzy-1217,left,20260501,,20260501_115804,hzy1217_0501_run1,hzy-1217__20260501-left__20260501_115804.npz
hzy1217,hzy-1217,left,20260501,,20260501_120033,hzy1217_0501_run1,hzy-1217__20260501-left__20260501_120033.npz
hzy1217,hzy-1217,left,20260501,,20260501_120247,hzy1217_0501_run1,hzy-1217__20260501-left__20260501_120247.npz
hzy1217,hzy-1217,left,20260501,,20260501_120526,hzy1217_0501_run1,hzy-1217__20260501-left__20260501_120526.npz
hzy1217,hzy-1217,left,20260501,,20260501_120743,hzy1217_0501_run1,hzy-1217__20260501-left__20260501_120743.npz
hzy1217,hzy-1217,left,20260503,2,20260503_130952,hzy1217_0503_left,hzy-1217__20260503-left-2__20260503_130952.npz
hzy1217,hzy-1217,left,20260503,2,20260503_131221,hzy1217_0503_left,hzy-1217__20260503-left-2__20260503_131221.npz
hzy1217,hzy-1217,left,20260503,2,20260503_131454,hzy1217_0503_left,hzy-1217__20260503-left-2__20260503_131454.npz
hzy1217,hzy-1217,left,20260503,2,20260503_131825,hzy1217_0503_left,hzy-1217__20260503-left-2__20260503_131825.npz
hzy1217,hzy-1217,left,20260503,2,20260503_132039,hzy1217_0503_left,hzy-1217__20260503-left-2__20260503_132039.npz
hzy1217,hzy-1217,left,20260503,2,20260503_132253,hzy1217_0503_left,hzy-1217__20260503-left-2__20260503_132253.npz
hzy1217,hzy-1217,left,20260503,2,20260503_132523,hzy1217_0503_left,hzy-1217__20260503-left-2__20260503_132523.npz
hzy1217,hzy-1217,left,20260503,2,20260503_132754,hzy1217_0503_left,hzy-1217__20260503-left-2__20260503_132754.npz
hzy1217,hzy-1217,left,20260503,2,20260503_133025,hzy1217_0503_left,hzy-1217__20260503-left-2__20260503_133025.npz
hzy1217,hzy-1217,left,20260503,2,20260503_133239,hzy1217_0503_left,hzy-1217__20260503-left-2__20260503_133239.npz
hzy1217,hzy-1217,left,20260503,2,20260503_133457,hzy1217_0503_left,hzy-1217__20260503-left-2__20260503_133457.npz
hzy1217,hzy-1217,left,20260503,2,20260503_133710,hzy1217_0503_left,hzy-1217__20260503-left-2__20260503_133710.npz
hzy1217,hzy-1217,left,20260503,2,20260503_133926,hzy1217_0503_left,hzy-1217__20260503-left-2__20260503_133926.npz
hzy1217,hzy-1217,left,20260503,2,20260503_134154,hzy1217_0503_left,hzy-1217__20260503-left-2__20260503_134154.npz
hzy1217,hzy-1217,left,20260503,2,20260503_134410,hzy1217_0503_left,hzy-1217__20260503-left-2__20260503_134410.npz
hzy1217,hzy-1217,left,20260503,2,20260503_134623,hzy1217_0503_left,hzy-1217__20260503-left-2__20260503_134623.npz
hzy1217,hzy-1217,left,20260503,2,20260503_134837,hzy1217_0503_left,hzy-1217__20260503-left-2__20260503_134837.npz
hzy1217,hzy-1217,left,20260503,2,20260503_135058,hzy1217_0503_left,hzy-1217__20260503-left-2__20260503_135058.npz
hzy1217,hzy-1217,left,20260503,2,20260503_135323,hzy1217_0503_left,hzy-1217__20260503-left-2__20260503_135323.npz
hzy1217,hzy-1217,left,20260503,2,20260503_135537,hzy1217_0503_left,hzy-1217__20260503-left-2__20260503_135537.npz
hzy1217,hzy-1217,left,20260503,3,20260503_141759,hzy1217_0503_left,hzy-1217__20260503-left-3__20260503_141759.npz
hzy1217,hzy-1217,left,20260503,3,20260503_142012,hzy1217_0503_left,hzy-1217__20260503-left-3__20260503_142012.npz
hzy1217,hzy-1217,left,20260503,3,20260503_142227,hzy1217_0503_left,hzy-1217__20260503-left-3__20260503_142227.npz
hzy1217,hzy-1217,left,20260503,3,20260503_142445,hzy1217_0503_left,hzy-1217__20260503-left-3__20260503_142445.npz
hzy1217,hzy-1217,left,20260503,3,20260503_142710,hzy1217_0503_left,hzy-1217__20260503-left-3__20260503_142710.npz
hzy1217,hzy-1217,left,20260503,3,20260503_142934,hzy1217_0503_left,hzy-1217__20260503-left-3__20260503_142934.npz
hzy1217,hzy-1217,left,20260503,3,20260503_143150,hzy1217_0503_left,hzy-1217__20260503-left-3__20260503_143150.npz
hzy1217,hzy-1217,left,20260503,3,20260503_143414,hzy1217_0503_left,hzy-1217__20260503-left-3__20260503_143414.npz
hzy1217,hzy-1217,left,20260503,3,20260503_143641,hzy1217_0503_left,hzy-1217__20260503-left-3__20260503_143641.npz
hzy1217,hzy-1217,left,20260503,3,20260503_143857,hzy1217_0503_left,hzy-1217__20260503-left-3__20260503_143857.npz
hzy1217,hzy-1217,left,20260503,3,20260503_144144,hzy1217_0503_left,hzy-1217__20260503-left-3__20260503_144144.npz
hzy1217,hzy-1217,left,20260503,3,20260503_144405,hzy1217_0503_left,hzy-1217__20260503-left-3__20260503_144405.npz
hzy1217,hzy-1217,left,20260503,3,20260503_144653,hzy1217_0503_left,hzy-1217__20260503-left-3__20260503_144653.npz
hzy1217,hzy-1217,left,20260503,3,20260503_144928,hzy1217_0503_left,hzy-1217__20260503-left-3__20260503_144928.npz
hzy1217,hzy-1217,left,20260503,3,20260503_145153,hzy1217_0503_left,hzy-1217__20260503-left-3__20260503_145153.npz
hzy1217,hzy-1217,left,20260503,3,20260503_145407,hzy1217_0503_left,hzy-1217__20260503-left-3__20260503_145407.npz
hzy1217,hzy-1217,left,20260503,3,20260503_145619,hzy1217_0503_left,hzy-1217__20260503-left-3__20260503_145619.npz
hzy1217,hzy-1217,left,20260503,3,20260503_145832,hzy1217_0503_left,hzy-1217__20260503-left-3__20260503_145832.npz
hzy1217,hzy-1217,left,20260503,3,20260503_150114,hzy1217_0503_left,hzy-1217__20260503-left-3__20260503_150114.npz
hzy1217,hzy-1217,left,20260503,3,20260503_150334,hzy1217_0503_left,hzy-1217__20260503-left-3__20260503_150334.npz
hzy1217,hzy-1217,left,20260503,4,20260503_150954,hzy1217_0503_left,hzy-1217__20260503-left-4__20260503_150954.npz
hzy1217,hzy-1217,left,20260503,4,20260503_151207,hzy1217_0503_left,hzy-1217__20260503-left-4__20260503_151207.npz
hzy1217,hzy-1217,left,20260503,4,20260503_151448,hzy1217_0503_left,hzy-1217__20260503-left-4__20260503_151448.npz
hzy1217,hzy-1217,left,20260503,4,20260503_151708,hzy1217_0503_left,hzy-1217__20260503-left-4__20260503_151708.npz
hzy1217,hzy-1217,left,20260503,4,20260503_151925,hzy1217_0503_left,hzy-1217__20260503-left-4__20260503_151925.npz
hzy1217,hzy-1217,left,20260503,4,20260503_152137,hzy1217_0503_left,hzy-1217__20260503-left-4__20260503_152137.npz
hzy1217,hzy-1217,left,20260503,4,20260503_152351,hzy1217_0503_left,hzy-1217__20260503-left-4__20260503_152351.npz
hzy1217,hzy-1217,left,20260503,4,20260503_152603,hzy1217_0503_left,hzy-1217__20260503-left-4__20260503_152603.npz
hzy1217,hzy-1217,left,20260503,4,20260503_152821,hzy1217_0503_left,hzy-1217__20260503-left-4__20260503_152821.npz
hzy1217,hzy-1217,left,20260503,4,20260503_153113,hzy1217_0503_left,hzy-1217__20260503-left-4__20260503_153113.npz
hzy1217,hzy-1217,left,20260503,4,20260503_153330,hzy1217_0503_left,hzy-1217__20260503-left-4__20260503_153330.npz
hzy1217,hzy-1217,left,20260503,4,20260503_153603,hzy1217_0503_left,hzy-1217__20260503-left-4__20260503_153603.npz
hzy1217,hzy-1217,left,20260503,5,20260503_160401,hzy1217_0503_left,hzy-1217__20260503-left-5__20260503_160401.npz
hzy1217,hzy-1217,left,20260503,5,20260503_160641,hzy1217_0503_left,hzy-1217__20260503-left-5__20260503_160641.npz
hzy1217,hzy-1217,left,20260503,5,20260503_160915,hzy1217_0503_left,hzy-1217__20260503-left-5__20260503_160915.npz
hzy1217,hzy-1217,left,20260503,5,20260503_161130,hzy1217_0503_left,hzy-1217__20260503-left-5__20260503_161130.npz
hzy1217,hzy-1217,left,20260503,5,20260503_161344,hzy1217_0503_left,hzy-1217__20260503-left-5__20260503_161344.npz
hzy1217,hzy-1217,left,20260503,5,20260503_161557,hzy1217_0503_left,hzy-1217__20260503-left-5__20260503_161557.npz
hzy1217,hzy-1217,left,20260503,5,20260503_161811,hzy1217_0503_left,hzy-1217__20260503-left-5__20260503_161811.npz
hzy1217,hzy-1217,left,20260503,5,20260503_162026,hzy1217_0503_left,hzy-1217__20260503-left-5__20260503_162026.npz
hzy1217,hzy-1217,left,20260503,5,20260503_162239,hzy1217_0503_left,hzy-1217__20260503-left-5__20260503_162239.npz
hzy1217,hzy-1217,left,20260503,5,20260503_162451,hzy1217_0503_left,hzy-1217__20260503-left-5__20260503_162451.npz
hzy1217,hzy-1217,left,20260503,5,20260503_162705,hzy1217_0503_left,hzy-1217__20260503-left-5__20260503_162705.npz
hzy1217,hzy-1217,left,20260503,5,20260503_162919,hzy1217_0503_left,hzy-1217__20260503-left-5__20260503_162919.npz
hzy1217,hzy-1217,left,20260503,5,20260503_163133,hzy1217_0503_left,hzy-1217__20260503-left-5__20260503_163133.npz
hzy1217,hzy-1217,left,20260503,5,20260503_163349,hzy1217_0503_left,hzy-1217__20260503-left-5__20260503_163349.npz
hzy1217,hzy-1217,left,20260503,5,20260503_163605,hzy1217_0503_left,hzy-1217__20260503-left-5__20260503_163605.npz
hzy1217,hzy-1217,left,20260503,5,20260503_163818,hzy1217_0503_left,hzy-1217__20260503-left-5__20260503_163818.npz
hzy1217,hzy-1217,left,20260503,6,20260503_165637,hzy1217_0503_left,hzy-1217__20260503-left-6__20260503_165637.npz
hzy1217,hzy-1217,left,20260503,6,20260503_165851,hzy1217_0503_left,hzy-1217__20260503-left-6__20260503_165851.npz
hzy1217,hzy-1217,left,20260503,6,20260503_170106,hzy1217_0503_left,hzy-1217__20260503-left-6__20260503_170106.npz
hzy1217,hzy-1217,left,20260503,6,20260503_170328,hzy1217_0503_left,hzy-1217__20260503-left-6__20260503_170328.npz
hzy1217,hzy-1217,left,20260503,6,20260503_170542,hzy1217_0503_left,hzy-1217__20260503-left-6__20260503_170542.npz
hzy1217,hzy-1217,left,20260503,6,20260503_171034,hzy1217_0503_left,hzy-1217__20260503-left-6__20260503_171034.npz
hzy1217,hzy-1217,left,20260503,6,20260503_171359,hzy1217_0503_left,hzy-1217__20260503-left-6__20260503_171359.npz
hzy1217,hzy-1217,left,20260503,6,20260503_171613,hzy1217_0503_left,hzy-1217__20260503-left-6__20260503_171613.npz
hzy1217,hzy-1217,left,20260503,6,20260503_171829,hzy1217_0503_left,hzy-1217__20260503-left-6__20260503_171829.npz
hzy1217,hzy-1217,left,20260503,6,20260503_172047,hzy1217_0503_left,hzy-1217__20260503-left-6__20260503_172047.npz
hzy1217,hzy-1217,left,20260503,6,20260503_172323,hzy1217_0503_left,hzy-1217__20260503-left-6__20260503_172323.npz
hzy1217,hzy-1217,left,20260503,6,20260503_172537,hzy1217_0503_left,hzy-1217__20260503-left-6__20260503_172537.npz
hzy1217,hzy-1217,left,20260503,6,20260503_172752,hzy1217_0503_left,hzy-1217__20260503-left-6__20260503_172752.npz
hzy1217,hzy-1217,left,20260503,6,20260503_173005,hzy1217_0503_left,hzy-1217__20260503-left-6__20260503_173005.npz
hzy1217,hzy-1217,left,20260503,6,20260503_173218,hzy1217_0503_left,hzy-1217__20260503-left-6__20260503_173218.npz
hzy1217,hzy-1217,left,20260503,6,20260503_173441,hzy1217_0503_left,hzy-1217__20260503-left-6__20260503_173441.npz
hzy1217,hzy-1217,left,20260503,7,20260503_175326,hzy1217_0503_left,hzy-1217__20260503-left-7__20260503_175326.npz
hzy1217,hzy-1217,left,20260503,7,20260503_175539,hzy1217_0503_left,hzy-1217__20260503-left-7__20260503_175539.npz
hzy1217,hzy-1217,left,20260503,7,20260503_175755,hzy1217_0503_left,hzy-1217__20260503-left-7__20260503_175755.npz
hzy1217,hzy-1217,left,20260503,8,20260503_180237,hzy1217_0503_left,hzy-1217__20260503-left-8__20260503_180237.npz
hzy1217,hzy-1217,left,20260503,8,20260503_180449,hzy1217_0503_left,hzy-1217__20260503-left-8__20260503_180449.npz
hzy1217,hzy-1217,left,20260503,8,20260503_180742,hzy1217_0503_left,hzy-1217__20260503-left-8__20260503_180742.npz
hzy1217,hzy-1217,left,20260503,8,20260503_180955,hzy1217_0503_left,hzy-1217__20260503-left-8__20260503_180955.npz
hzy1217,hzy-1217,left,20260503,8,20260503_181207,hzy1217_0503_left,hzy-1217__20260503-left-8__20260503_181207.npz
hzy1217,hzy-1217,left,20260503,8,20260503_181421,hzy1217_0503_left,hzy-1217__20260503-left-8__20260503_181421.npz
hzy1217,hzy-1217,left,20260503,8,20260503_181636,hzy1217_0503_left,hzy-1217__20260503-left-8__20260503_181636.npz
hzy1217,hzy-1217,left,20260503,8,20260503_181847,hzy1217_0503_left,hzy-1217__20260503-left-8__20260503_181847.npz
hzy1217,hzy-1217,left,20260503,8,20260503_182100,hzy1217_0503_left,hzy-1217__20260503-left-8__20260503_182100.npz
hzy1217,hzy-1217,left,20260503,8,20260503_182314,hzy1217_0503_left,hzy-1217__20260503-left-8__20260503_182314.npz
hzy1217,hzy-1217,left,20260503,8,20260503_182527,hzy1217_0503_left,hzy-1217__20260503-left-8__20260503_182527.npz
hzy1217,hzy-1217,left,20260503,8,20260503_182754,hzy1217_0503_left,hzy-1217__20260503-left-8__20260503_182754.npz
hzy1217,hzy-1217,left,20260503,8,20260503_183008,hzy1217_0503_left,hzy-1217__20260503-left-8__20260503_183008.npz
hzy1217,hzy-1217,left,20260503,,20260503_104553,hzy1217_0503_left,hzy-1217__20260503-left__20260503_104553.npz
hzy1217,hzy-1217,left,20260503,,20260503_104842,hzy1217_0503_left,hzy-1217__20260503-left__20260503_104842.npz
hzy1217,hzy-1217,left,20260503,,20260503_105104,hzy1217_0503_left,hzy-1217__20260503-left__20260503_105104.npz
hzy1217,hzy-1217,left,20260503,,20260503_105346,hzy1217_0503_left,hzy-1217__20260503-left__20260503_105346.npz
hzy1217,hzy-1217,left,20260503,,20260503_105609,hzy1217_0503_left,hzy-1217__20260503-left__20260503_105609.npz
hzy1217,hzy-1217,left,20260503,,20260503_105917,hzy1217_0503_left,hzy-1217__20260503-left__20260503_105917.npz
hzy1217,hzy-1217,left,20260503,,20260503_110146,hzy1217_0503_left,hzy-1217__20260503-left__20260503_110146.npz
hzy1217,hzy-1217,left,20260503,,20260503_110425,hzy1217_0503_left,hzy-1217__20260503-left__20260503_110425.npz
hzy1217,hzy-1217,left,20260503,,20260503_110645,hzy1217_0503_left,hzy-1217__20260503-left__20260503_110645.npz
hzy1217,hzy-1217,left,20260503,,20260503_110901,hzy1217_0503_left,hzy-1217__20260503-left__20260503_110901.npz
hzy1217,hzy-1217,left,20260503,,20260503_111120,hzy1217_0503_left,hzy-1217__20260503-left__20260503_111120.npz
hzy1217,hzy-1217,left,20260503,,20260503_111340,hzy1217_0503_left,hzy-1217__20260503-left__20260503_111340.npz
hzy1217,hzy-1217,left,20260503,,20260503_111618,hzy1217_0503_left,hzy-1217__20260503-left__20260503_111618.npz
hzy1217,hzy-1217,left,20260503,,20260503_111921,hzy1217_0503_left,hzy-1217__20260503-left__20260503_111921.npz
hzy1217,hzy-1217,left,20260503,,20260503_112144,hzy1217_0503_left,hzy-1217__20260503-left__20260503_112144.npz
hzy1217,hzy-1217,left,20260503,,20260503_112404,hzy1217_0503_left,hzy-1217__20260503-left__20260503_112404.npz
hzy1217,hzy-1217,left,20260503,,20260503_112804,hzy1217_0503_left,hzy-1217__20260503-left__20260503_112804.npz
hzy1217,hzy-1217,left,20260503,,20260503_113033,hzy1217_0503_left,hzy-1217__20260503-left__20260503_113033.npz
hzy1217,hzy-1217,left,20260503,,20260503_113246,hzy1217_0503_left,hzy-1217__20260503-left__20260503_113246.npz
hzy1217,hzy-1217,left,20260503,,20260503_113501,hzy1217_0503_left,hzy-1217__20260503-left__20260503_113501.npz
lql0125,lql-0125,left,20260501,,20260501_165641,lql0125_0501_run1,lql-0125__20260501-left__20260501_165641.npz
lql0125,lql-0125,left,20260501,,20260501_165943,lql0125_0501_run1,lql-0125__20260501-left__20260501_165943.npz
lql0125,lql-0125,left,20260501,,20260501_170250,lql0125_0501_run1,lql-0125__20260501-left__20260501_170250.npz
lql0125,lql-0125,left,20260501,,20260501_170513,lql0125_0501_run1,lql-0125__20260501-left__20260501_170513.npz
lql0125,lql-0125,left,20260501,,20260501_170739,lql0125_0501_run1,lql-0125__20260501-left__20260501_170739.npz
lql0125,lql-0125,left,20260501,,20260501_171021,lql0125_0501_run1,lql-0125__20260501-left__20260501_171021.npz
lql0125,lql-0125,left,20260501,,20260501_171245,lql0125_0501_run1,lql-0125__20260501-left__20260501_171245.npz
lql0125,lql-0125,left,20260501,,20260501_171505,lql0125_0501_run1,lql-0125__20260501-left__20260501_171505.npz
lql0125,lql-0125,left,20260501,,20260501_171724,lql0125_0501_run1,lql-0125__20260501-left__20260501_171724.npz
lql0125,lql-0125,left,20260501,,20260501_171947,lql0125_0501_run1,lql-0125__20260501-left__20260501_171947.npz
lql0125,lql-0125,left,20260502,,20260502_180447,lql0125_0502_left,lql-0125__20260502-left__20260502_180447.npz
lql0125,lql-0125,left,20260502,,20260502_180705,lql0125_0502_left,lql-0125__20260502-left__20260502_180705.npz
lql0125,lql-0125,left,20260502,,20260502_180921,lql0125_0502_left,lql-0125__20260502-left__20260502_180921.npz
lql0125,lql-0125,left,20260502,,20260502_181143,lql0125_0502_left,lql-0125__20260502-left__20260502_181143.npz
lql0125,lql-0125,left,20260502,,20260502_181359,lql0125_0502_left,lql-0125__20260502-left__20260502_181359.npz
lql0125,lql-0125,left,20260502,,20260502_181618,lql0125_0502_left,lql-0125__20260502-left__20260502_181618.npz
lql0125,lql-0125,left,20260502,,20260502_181836,lql0125_0502_left,lql-0125__20260502-left__20260502_181836.npz
lql0125,lql-0125,right,20260502,2,20260502_105323,lql0125_0502_right,lql-0125__20260502-right-2__20260502_105323.npz
lql0125,lql-0125,right,20260502,2,20260502_105540,lql0125_0502_right,lql-0125__20260502-right-2__20260502_105540.npz
lql0125,lql-0125,right,20260502,2,20260502_105835,lql0125_0502_right,lql-0125__20260502-right-2__20260502_105835.npz
lql0125,lql-0125,right,20260502,2,20260502_110125,lql0125_0502_right,lql-0125__20260502-right-2__20260502_110125.npz
lql0125,lql-0125,right,20260502,2,20260502_110354,lql0125_0502_right,lql-0125__20260502-right-2__20260502_110354.npz
lql0125,lql-0125,right,20260502,2,20260502_110617,lql0125_0502_right,lql-0125__20260502-right-2__20260502_110617.npz
lql0125,lql-0125,right,20260502,2,20260502_110838,lql0125_0502_right,lql-0125__20260502-right-2__20260502_110838.npz
lql0125,lql-0125,right,20260502,2,20260502_111126,lql0125_0502_right,lql-0125__20260502-right-2__20260502_111126.npz
lql0125,lql-0125,right,20260502,2,20260502_111347,lql0125_0502_right,lql-0125__20260502-right-2__20260502_111347.npz
lql0125,lql-0125,right,20260502,2,20260502_111614,lql0125_0502_right,lql-0125__20260502-right-2__20260502_111614.npz
lql0125,lql-0125,right,20260502,2,20260502_111833,lql0125_0502_right,lql-0125__20260502-right-2__20260502_111833.npz
lql0125,lql-0125,right,20260502,2,20260502_112056,lql0125_0502_right,lql-0125__20260502-right-2__20260502_112056.npz
lql0125,lql-0125,right,20260502,2,20260502_112317,lql0125_0502_right,lql-0125__20260502-right-2__20260502_112317.npz
lql0125,lql-0125,right,20260502,2,20260502_112542,lql0125_0502_right,lql-0125__20260502-right-2__20260502_112542.npz
lql0125,lql-0125,right,20260502,2,20260502_112814,lql0125_0502_right,lql-0125__20260502-right-2__20260502_112814.npz
lql0125,lql-0125,right,20260502,2,20260502_113054,lql0125_0502_right,lql-0125__20260502-right-2__20260502_113054.npz
lql0125,lql-0125,right,20260502,2,20260502_113312,lql0125_0502_right,lql-0125__20260502-right-2__20260502_113312.npz
lql0125,lql-0125,right,20260502,2,20260502_113535,lql0125_0502_right,lql-0125__20260502-right-2__20260502_113535.npz
lql0125,lql-0125,right,20260502,2,20260502_113754,lql0125_0502_right,lql-0125__20260502-right-2__20260502_113754.npz
lql0125,lql-0125,right,20260502,2,20260502_114015,lql0125_0502_right,lql-0125__20260502-right-2__20260502_114015.npz
lql0125,lql-0125,right,20260502,3,20260502_114301,lql0125_0502_right,lql-0125__20260502-right-3__20260502_114301.npz
lql0125,lql-0125,right,20260502,3,20260502_114532,lql0125_0502_right,lql-0125__20260502-right-3__20260502_114532.npz
lql0125,lql-0125,right,20260502,3,20260502_114748,lql0125_0502_right,lql-0125__20260502-right-3__20260502_114748.npz
lql0125,lql-0125,right,20260502,3,20260502_115008,lql0125_0502_right,lql-0125__20260502-right-3__20260502_115008.npz
lql0125,lql-0125,right,20260502,3,20260502_115229,lql0125_0502_right,lql-0125__20260502-right-3__20260502_115229.npz
lql0125,lql-0125,right,20260502,4,20260502_130400,lql0125_0502_right,lql-0125__20260502-right-4__20260502_130400.npz
lql0125,lql-0125,right,20260502,4,20260502_130622,lql0125_0502_right,lql-0125__20260502-right-4__20260502_130622.npz
lql0125,lql-0125,right,20260502,4,20260502_130849,lql0125_0502_right,lql-0125__20260502-right-4__20260502_130849.npz
lql0125,lql-0125,right,20260502,4,20260502_131135,lql0125_0502_right,lql-0125__20260502-right-4__20260502_131135.npz
lql0125,lql-0125,right,20260502,4,20260502_131357,lql0125_0502_right,lql-0125__20260502-right-4__20260502_131357.npz
lql0125,lql-0125,right,20260502,,20260502_104403,lql0125_0502_right,lql-0125__20260502-right__20260502_104403.npz
lql0125,lql-0125,right,20260502,,20260502_104755,lql0125_0502_right,lql-0125__20260502-right__20260502_104755.npz
lql0125,lql-0125,right,20260502,,20260502_105013,lql0125_0502_right,lql-0125__20260502-right__20260502_105013.npz
lql0125,lql-0125,right,20260503,2,20260503_111229,lql0125_0503_right,lql-0125__20260503-right-2__20260503_111229.npz
lql0125,lql-0125,right,20260503,2,20260503_111507,lql0125_0503_right,lql-0125__20260503-right-2__20260503_111507.npz
lql0125,lql-0125,right,20260503,2,20260503_111845,lql0125_0503_right,lql-0125__20260503-right-2__20260503_111845.npz
lql0125,lql-0125,right,20260503,2,20260503_112116,lql0125_0503_right,lql-0125__20260503-right-2__20260503_112116.npz
lql0125,lql-0125,right,20260503,2,20260503_112335,lql0125_0503_right,lql-0125__20260503-right-2__20260503_112335.npz
lql0125,lql-0125,right,20260503,2,20260503_112609,lql0125_0503_right,lql-0125__20260503-right-2__20260503_112609.npz
lql0125,lql-0125,right,20260503,2,20260503_112853,lql0125_0503_right,lql-0125__20260503-right-2__20260503_112853.npz
lql0125,lql-0125,right,20260503,2,20260503_113111,lql0125_0503_right,lql-0125__20260503-right-2__20260503_113111.npz
lql0125,lql-0125,right,20260503,2,20260503_113530,lql0125_0503_right,lql-0125__20260503-right-2__20260503_113530.npz
lql0125,lql-0125,right,20260503,2,20260503_113752,lql0125_0503_right,lql-0125__20260503-right-2__20260503_113752.npz
lql0125,lql-0125,right,20260504,2_v71,20260504_163835,lql0125_0504_right,lql-0125__20260504-right-2_v71__20260504_163835.npz
lql0125,lql-0125,right,20260504,2_v71,20260504_164056,lql0125_0504_right,lql-0125__20260504-right-2_v71__20260504_164056.npz
lql0125,lql-0125,right,20260504,2_v71,20260504_164318,lql0125_0504_right,lql-0125__20260504-right-2_v71__20260504_164318.npz
lql0125,lql-0125,right,20260504,2_v71,20260504_164533,lql0125_0504_right,lql-0125__20260504-right-2_v71__20260504_164533.npz
lql0125,lql-0125,right,20260504,2_v71,20260504_164821,lql0125_0504_right,lql-0125__20260504-right-2_v71__20260504_164821.npz
lql0125,lql-0125,right,20260504,2_v71,20260504_165039,lql0125_0504_right,lql-0125__20260504-right-2_v71__20260504_165039.npz
lql0125,lql-0125,right,20260504,2_v71,20260504_165341,lql0125_0504_right,lql-0125__20260504-right-2_v71__20260504_165341.npz
lql0125,lql-0125,right,20260504,2_v71,20260504_165606,lql0125_0504_right,lql-0125__20260504-right-2_v71__20260504_165606.npz
lql0125,lql-0125,right,20260504,2_v71,20260504_165828,lql0125_0504_right,lql-0125__20260504-right-2_v71__20260504_165828.npz
lql0125,lql-0125,right,20260504,2_v71,20260504_170057,lql0125_0504_right,lql-0125__20260504-right-2_v71__20260504_170057.npz
lql0125,lql-0125,right,20260504,2_v71,20260504_170346,lql0125_0504_right,lql-0125__20260504-right-2_v71__20260504_170346.npz
lql0125,lql-0125,right,20260504,2_v71,20260504_170700,lql0125_0504_right,lql-0125__20260504-right-2_v71__20260504_170700.npz
lql0125,lql-0125,right,20260504,2_v71,20260504_170917,lql0125_0504_right,lql-0125__20260504-right-2_v71__20260504_170917.npz
lql0125,lql-0125,right,20260504,2_v71,20260504_171138,lql0125_0504_right,lql-0125__20260504-right-2_v71__20260504_171138.npz
lql0125,lql-0125,right,20260504,2_v71,20260504_171356,lql0125_0504_right,lql-0125__20260504-right-2_v71__20260504_171356.npz
lql0125,lql-0125,right,20260504,2_v71,20260504_171615,lql0125_0504_right,lql-0125__20260504-right-2_v71__20260504_171615.npz
lql0125,lql-0125,right,20260504,2_v71,20260504_171832,lql0125_0504_right,lql-0125__20260504-right-2_v71__20260504_171832.npz
lql0125,lql-0125,right,20260504,2_v71,20260504_172054,lql0125_0504_right,lql-0125__20260504-right-2_v71__20260504_172054.npz
lql0125,lql-0125,right,20260504,2_v71,20260504_172318,lql0125_0504_right,lql-0125__20260504-right-2_v71__20260504_172318.npz
lql0125,lql-0125,right,20260504,2_v71,20260504_172535,lql0125_0504_right,lql-0125__20260504-right-2_v71__20260504_172535.npz
lql0125,lql-0125,right,20260504,3_v71,20260504_180812,lql0125_0504_right,lql-0125__20260504-right-3_v71__20260504_180812.npz
lql0125,lql-0125,right,20260504,3_v71,20260504_181101,lql0125_0504_right,lql-0125__20260504-right-3_v71__20260504_181101.npz
lql0125,lql-0125,right,20260504,3_v71,20260504_181319,lql0125_0504_right,lql-0125__20260504-right-3_v71__20260504_181319.npz
lql0125,lql-0125,right,20260504,3_v71,20260504_181540,lql0125_0504_right,lql-0125__20260504-right-3_v71__20260504_181540.npz
lql0125,lql-0125,right,20260504,3_v71,20260504_181806,lql0125_0504_right,lql-0125__20260504-right-3_v71__20260504_181806.npz
lql0125,lql-0125,right,20260504,3_v71,20260504_182025,lql0125_0504_right,lql-0125__20260504-right-3_v71__20260504_182025.npz
lql0125,lql-0125,right,20260504,3_v71,20260504_182315,lql0125_0504_right,lql-0125__20260504-right-3_v71__20260504_182315.npz
lql0125,lql-0125,right,20260504,3_v71,20260504_182532,lql0125_0504_right,lql-0125__20260504-right-3_v71__20260504_182532.npz
lql0125,lql-0125,right,20260504,3_v71,20260504_182747,lql0125_0504_right,lql-0125__20260504-right-3_v71__20260504_182747.npz
lql0125,lql-0125,right,20260504,3_v71,20260504_183008,lql0125_0504_right,lql-0125__20260504-right-3_v71__20260504_183008.npz
lql0125,lql-0125,right,20260504,3_v71,20260504_183229,lql0125_0504_right,lql-0125__20260504-right-3_v71__20260504_183229.npz
lql0125,lql-0125,right,20260504,3_v71,20260504_183444,lql0125_0504_right,lql-0125__20260504-right-3_v71__20260504_183444.npz
lql0125,lql-0125,right,20260504,3_v71,20260504_183832,lql0125_0504_right,lql-0125__20260504-right-3_v71__20260504_183832.npz
lql0125,lql-0125,right,20260504,3_v71,20260504_184046,lql0125_0504_right,lql-0125__20260504-right-3_v71__20260504_184046.npz
lql0125,lql-0125,right,20260504,3_v71,20260504_184300,lql0125_0504_right,lql-0125__20260504-right-3_v71__20260504_184300.npz
lql0125,lql-0125,right,20260504,3_v71,20260504_184516,lql0125_0504_right,lql-0125__20260504-right-3_v71__20260504_184516.npz
lql0125,lql-0125,right,20260504,3_v71,20260504_184732,lql0125_0504_right,lql-0125__20260504-right-3_v71__20260504_184732.npz
lql0125,lql-0125,right,20260504,3_v71,20260504_184949,lql0125_0504_right,lql-0125__20260504-right-3_v71__20260504_184949.npz
lql0125,lql-0125,right,20260504,3_v71,20260504_185205,lql0125_0504_right,lql-0125__20260504-right-3_v71__20260504_185205.npz
lql0125,lql-0125,right,20260504,3_v71,20260504_185424,lql0125_0504_right,lql-0125__20260504-right-3_v71__20260504_185424.npz
lql0125,lql-0125,right,20260504,3_v71,20260504_185642,lql0125_0504_right,lql-0125__20260504-right-3_v71__20260504_185642.npz
lql0125,lql-0125,right_v33,20260504,,20260504_110459,lql0125_0504_right,lql-0125__20260504-right_v33__20260504_110459.npz
lql0125,lql-0125,right_v33,20260504,,20260504_110739,lql0125_0504_right,lql-0125__20260504-right_v33__20260504_110739.npz
lql0125,lql-0125,right_v33,20260504,,20260504_110955,lql0125_0504_right,lql-0125__20260504-right_v33__20260504_110955.npz
lql0125,lql-0125,right_v33,20260504,,20260504_111213,lql0125_0504_right,lql-0125__20260504-right_v33__20260504_111213.npz
lql0125,lql-0125,right_v33,20260504,,20260504_111431,lql0125_0504_right,lql-0125__20260504-right_v33__20260504_111431.npz
lql0125,lql-0125,right_v33,20260504,,20260504_111649,lql0125_0504_right,lql-0125__20260504-right_v33__20260504_111649.npz
lql0125,lql-0125,right_v33,20260504,,20260504_133229,lql0125_0504_right,lql-0125__20260504-right_v33__20260504_133229.npz
lql0125,lql-0125,right_v33,20260504,,20260504_133549,lql0125_0504_right,lql-0125__20260504-right_v33__20260504_133549.npz
lql0125,lql-0125,right_v33,20260504,,20260504_133811,lql0125_0504_right,lql-0125__20260504-right_v33__20260504_133811.npz
lql0125,lql-0125,right_v33,20260504,,20260504_134155,lql0125_0504_right,lql-0125__20260504-right_v33__20260504_134155.npz
lql0125,lql-0125,right_v33,20260504,,20260504_134413,lql0125_0504_right,lql-0125__20260504-right_v33__20260504_134413.npz
lql0125,lql-0125,right_v33,20260504,,20260504_134633,lql0125_0504_right,lql-0125__20260504-right_v33__20260504_134633.npz
lql0125,lql-0125,right_v33,20260504,,20260504_134901,lql0125_0504_right,lql-0125__20260504-right_v33__20260504_134901.npz
lql0125,lql-0125,right_v33,20260504,,20260504_135121,lql0125_0504_right,lql-0125__20260504-right_v33__20260504_135121.npz
lql0125,lql-0125,right_v33,20260504,,20260504_135537,lql0125_0504_right,lql-0125__20260504-right_v33__20260504_135537.npz
lql0125,lql-0125,right_v33,20260504,,20260504_135755,lql0125_0504_right,lql-0125__20260504-right_v33__20260504_135755.npz
lql0125,lql-0125,right_v33,20260504,,20260504_140016,lql0125_0504_right,lql-0125__20260504-right_v33__20260504_140016.npz
lql0125,lql-0125,right_v33,20260504,,20260504_140232,lql0125_0504_right,lql-0125__20260504-right_v33__20260504_140232.npz
lql0125,lql-0125,right_v33,20260504,,20260504_140448,lql0125_0504_right,lql-0125__20260504-right_v33__20260504_140448.npz
lql0125,lql-0125,right_v33,20260504,,20260504_140714,lql0125_0504_right,lql-0125__20260504-right_v33__20260504_140714.npz
lql0125,lql-0125,right_v33,20260504,,20260504_140930,lql0125_0504_right,lql-0125__20260504-right_v33__20260504_140930.npz
lql0125,lql-0125,right_v33,20260504,,20260504_141556,lql0125_0504_right,lql-0125__20260504-right_v33__20260504_141556.npz
lql0125,lql-0125,right_v33,20260504,,20260504_141814,lql0125_0504_right,lql-0125__20260504-right_v33__20260504_141814.npz
lql0125,lql-0125,right_v33,20260504,,20260504_142031,lql0125_0504_right,lql-0125__20260504-right_v33__20260504_142031.npz
lql0125,lql-0125,right_v33,20260504,,20260504_142248,lql0125_0504_right,lql-0125__20260504-right_v33__20260504_142248.npz
lql0125,lql-0125,right_v33,20260504,,20260504_142504,lql0125_0504_right,lql-0125__20260504-right_v33__20260504_142504.npz
lql0125,lql-0125,right_v71,20260504,,20260504_154526,lql0125_0504_right,lql-0125__20260504-right_v71__20260504_154526.npz
lql0125,lql-0125,right_v71,20260504,,20260504_154744,lql0125_0504_right,lql-0125__20260504-right_v71__20260504_154744.npz
lql0125,lql-0125,right_v71,20260504,,20260504_155002,lql0125_0504_right,lql-0125__20260504-right_v71__20260504_155002.npz
lql0125,lql-0125,right_v71,20260504,,20260504_155221,lql0125_0504_right,lql-0125__20260504-right_v71__20260504_155221.npz
lql0125,lql-0125,right_v71,20260504,,20260504_155510,lql0125_0504_right,lql-0125__20260504-right_v71__20260504_155510.npz
lql0125,lql-0125,right_v71,20260504,,20260504_155725,lql0125_0504_right,lql-0125__20260504-right_v71__20260504_155725.npz
lql0125,lql-0125,right_v71,20260504,,20260504_155946,lql0125_0504_right,lql-0125__20260504-right_v71__20260504_155946.npz
lql0125,lql-0125,right_v71,20260504,,20260504_160317,lql0125_0504_right,lql-0125__20260504-right_v71__20260504_160317.npz
lql0125,lql-0125,right_v71,20260504,,20260504_160542,lql0125_0504_right,lql-0125__20260504-right_v71__20260504_160542.npz
lql0125,lql-0125,right_v71,20260504,,20260504_160847,lql0125_0504_right,lql-0125__20260504-right_v71__20260504_160847.npz
lql0125,lql-0125,right_v71,20260504,,20260504_161226,lql0125_0504_right,lql-0125__20260504-right_v71__20260504_161226.npz
lql0125,lql-0125,right_v71,20260504,,20260504_161630,lql0125_0504_right,lql-0125__20260504-right_v71__20260504_161630.npz
lql0125,lql-0125,right_v71,20260504,,20260504_161847,lql0125_0504_right,lql-0125__20260504-right_v71__20260504_161847.npz
lql0125,lql-0125,right,20260505,2,20260505_114307,lql0125_0505_right,lql-0125__20260505-right-2__20260505_114307.npz
lql0125,lql-0125,right,20260505,2,20260505_114620,lql0125_0505_right,lql-0125__20260505-right-2__20260505_114620.npz
lql0125,lql-0125,right,20260505,2,20260505_114845,lql0125_0505_right,lql-0125__20260505-right-2__20260505_114845.npz
lql0125,lql-0125,right,20260505,2,20260505_115101,lql0125_0505_right,lql-0125__20260505-right-2__20260505_115101.npz
lql0125,lql-0125,right,20260505,2,20260505_115321,lql0125_0505_right,lql-0125__20260505-right-2__20260505_115321.npz
lql0125,lql-0125,right,20260505,2,20260505_115543,lql0125_0505_right,lql-0125__20260505-right-2__20260505_115543.npz
lql0125,lql-0125,right,20260505,2,20260505_115905,lql0125_0505_right,lql-0125__20260505-right-2__20260505_115905.npz
lql0125,lql-0125,right,20260505,2,20260505_120126,lql0125_0505_right,lql-0125__20260505-right-2__20260505_120126.npz
lql0125,lql-0125,right,20260505,2,20260505_120341,lql0125_0505_right,lql-0125__20260505-right-2__20260505_120341.npz
lql0125,lql-0125,right,20260505,2,20260505_120557,lql0125_0505_right,lql-0125__20260505-right-2__20260505_120557.npz
lql0125,lql-0125,right,20260505,3,20260505_130015,lql0125_0505_right,lql-0125__20260505-right-3__20260505_130015.npz
lql0125,lql-0125,right,20260505,3,20260505_130253,lql0125_0505_right,lql-0125__20260505-right-3__20260505_130253.npz
lql0125,lql-0125,right,20260505,3,20260505_130631,lql0125_0505_right,lql-0125__20260505-right-3__20260505_130631.npz
lql0125,lql-0125,right,20260505,3,20260505_130855,lql0125_0505_right,lql-0125__20260505-right-3__20260505_130855.npz
lql0125,lql-0125,right,20260505,3,20260505_131115,lql0125_0505_right,lql-0125__20260505-right-3__20260505_131115.npz
lql0125,lql-0125,right,20260505,3,20260505_131337,lql0125_0505_right,lql-0125__20260505-right-3__20260505_131337.npz
lql0125,lql-0125,right,20260505,3,20260505_131741,lql0125_0505_right,lql-0125__20260505-right-3__20260505_131741.npz
lql0125,lql-0125,right,20260505,3,20260505_131959,lql0125_0505_right,lql-0125__20260505-right-3__20260505_131959.npz
lql0125,lql-0125,right,20260505,3,20260505_132215,lql0125_0505_right,lql-0125__20260505-right-3__20260505_132215.npz
lql0125,lql-0125,right,20260505,3,20260505_132505,lql0125_0505_right,lql-0125__20260505-right-3__20260505_132505.npz
lql0125,lql-0125,right,20260505,3,20260505_132722,lql0125_0505_right,lql-0125__20260505-right-3__20260505_132722.npz
lql0125,lql-0125,right,20260505,3,20260505_132947,lql0125_0505_right,lql-0125__20260505-right-3__20260505_132947.npz
lql0125,lql-0125,right,20260505,3,20260505_133209,lql0125_0505_right,lql-0125__20260505-right-3__20260505_133209.npz
lql0125,lql-0125,right,20260505,3,20260505_133425,lql0125_0505_right,lql-0125__20260505-right-3__20260505_133425.npz
lql0125,lql-0125,right,20260505,3,20260505_133647,lql0125_0505_right,lql-0125__20260505-right-3__20260505_133647.npz
lql0125,lql-0125,right,20260505,3,20260505_133904,lql0125_0505_right,lql-0125__20260505-right-3__20260505_133904.npz
lql0125,lql-0125,right,20260505,3,20260505_134131,lql0125_0505_right,lql-0125__20260505-right-3__20260505_134131.npz
lql0125,lql-0125,right,20260505,3,20260505_134352,lql0125_0505_right,lql-0125__20260505-right-3__20260505_134352.npz
lql0125,lql-0125,right,20260505,3,20260505_134611,lql0125_0505_right,lql-0125__20260505-right-3__20260505_134611.npz
lql0125,lql-0125,right,20260505,3,20260505_134828,lql0125_0505_right,lql-0125__20260505-right-3__20260505_134828.npz
lql0125,lql-0125,right,20260505,4,20260505_141158,lql0125_0505_right,lql-0125__20260505-right-4__20260505_141158.npz
lql0125,lql-0125,right,20260505,4,20260505_141416,lql0125_0505_right,lql-0125__20260505-right-4__20260505_141416.npz
lql0125,lql-0125,right,20260505,4,20260505_141757,lql0125_0505_right,lql-0125__20260505-right-4__20260505_141757.npz
lql0125,lql-0125,right,20260505,4,20260505_142014,lql0125_0505_right,lql-0125__20260505-right-4__20260505_142014.npz
lql0125,lql-0125,right,20260505,4,20260505_142238,lql0125_0505_right,lql-0125__20260505-right-4__20260505_142238.npz
lql0125,lql-0125,right,20260505,4,20260505_142457,lql0125_0505_right,lql-0125__20260505-right-4__20260505_142457.npz
lql0125,lql-0125,right,20260505,4,20260505_142724,lql0125_0505_right,lql-0125__20260505-right-4__20260505_142724.npz
lql0125,lql-0125,right,20260505,4,20260505_142944,lql0125_0505_right,lql-0125__20260505-right-4__20260505_142944.npz
lql0125,lql-0125,right,20260505,4,20260505_143253,lql0125_0505_right,lql-0125__20260505-right-4__20260505_143253.npz
lql0125,lql-0125,right,20260505,4,20260505_143510,lql0125_0505_right,lql-0125__20260505-right-4__20260505_143510.npz
lql0125,lql-0125,right,20260505,4,20260505_143831,lql0125_0505_right,lql-0125__20260505-right-4__20260505_143831.npz
lql0125,lql-0125,right,20260505,4,20260505_144103,lql0125_0505_right,lql-0125__20260505-right-4__20260505_144103.npz
lql0125,lql-0125,right,20260505,4,20260505_144320,lql0125_0505_right,lql-0125__20260505-right-4__20260505_144320.npz
lql0125,lql-0125,right,20260505,4,20260505_144553,lql0125_0505_right,lql-0125__20260505-right-4__20260505_144553.npz
lql0125,lql-0125,right,20260505,4,20260505_144830,lql0125_0505_right,lql-0125__20260505-right-4__20260505_144830.npz
lql0125,lql-0125,right,20260505,5,20260505_152047,lql0125_0505_right,lql-0125__20260505-right-5__20260505_152047.npz
lql0125,lql-0125,right,20260505,5,20260505_152322,lql0125_0505_right,lql-0125__20260505-right-5__20260505_152322.npz
lql0125,lql-0125,right,20260505,5,20260505_152547,lql0125_0505_right,lql-0125__20260505-right-5__20260505_152547.npz
lql0125,lql-0125,right,20260505,5,20260505_152957,lql0125_0505_right,lql-0125__20260505-right-5__20260505_152957.npz
lql0125,lql-0125,right,20260505,5,20260505_153306,lql0125_0505_right,lql-0125__20260505-right-5__20260505_153306.npz
lql0125,lql-0125,right,20260505,5,20260505_153533,lql0125_0505_right,lql-0125__20260505-right-5__20260505_153533.npz
lql0125,lql-0125,right,20260505,5,20260505_153749,lql0125_0505_right,lql-0125__20260505-right-5__20260505_153749.npz
lql0125,lql-0125,right,20260505,5,20260505_154006,lql0125_0505_right,lql-0125__20260505-right-5__20260505_154006.npz
lql0125,lql-0125,right,20260505,5,20260505_154238,lql0125_0505_right,lql-0125__20260505-right-5__20260505_154238.npz
lql0125,lql-0125,right,20260505,5,20260505_154459,lql0125_0505_right,lql-0125__20260505-right-5__20260505_154459.npz
lql0125,lql-0125,right,20260505,6,20260505_162606,lql0125_0505_right,lql-0125__20260505-right-6__20260505_162606.npz
lql0125,lql-0125,right,20260505,6,20260505_163043,lql0125_0505_right,lql-0125__20260505-right-6__20260505_163043.npz
lql0125,lql-0125,right,20260505,6,20260505_163355,lql0125_0505_right,lql-0125__20260505-right-6__20260505_163355.npz
lql0125,lql-0125,right,20260505,6,20260505_163618,lql0125_0505_right,lql-0125__20260505-right-6__20260505_163618.npz
lql0125,lql-0125,right,20260505,6,20260505_163837,lql0125_0505_right,lql-0125__20260505-right-6__20260505_163837.npz
lql0125,lql-0125,right,20260505,6,20260505_164054,lql0125_0505_right,lql-0125__20260505-right-6__20260505_164054.npz
lql0125,lql-0125,right,20260505,6,20260505_164310,lql0125_0505_right,lql-0125__20260505-right-6__20260505_164310.npz
lql0125,lql-0125,right,20260505,6,20260505_165055,lql0125_0505_right,lql-0125__20260505-right-6__20260505_165055.npz
lql0125,lql-0125,right,20260505,6,20260505_165422,lql0125_0505_right,lql-0125__20260505-right-6__20260505_165422.npz
lql0125,lql-0125,right,20260505,6,20260505_165643,lql0125_0505_right,lql-0125__20260505-right-6__20260505_165643.npz
lql0125,lql-0125,right,20260505,6,20260505_165904,lql0125_0505_right,lql-0125__20260505-right-6__20260505_165904.npz
lql0125,lql-0125,right,20260505,6,20260505_170150,lql0125_0505_right,lql-0125__20260505-right-6__20260505_170150.npz
lql0125,lql-0125,right,20260505,6,20260505_170449,lql0125_0505_right,lql-0125__20260505-right-6__20260505_170449.npz
lql0125,lql-0125,right,20260505,6,20260505_170707,lql0125_0505_right,lql-0125__20260505-right-6__20260505_170707.npz
lql0125,lql-0125,right,20260505,6,20260505_170924,lql0125_0505_right,lql-0125__20260505-right-6__20260505_170924.npz
lql0125,lql-0125,right,20260505,7,20260505_175533,lql0125_0505_right,lql-0125__20260505-right-7__20260505_175533.npz
lql0125,lql-0125,right,20260505,7,20260505_175754,lql0125_0505_right,lql-0125__20260505-right-7__20260505_175754.npz
lql0125,lql-0125,right,20260505,7,20260505_180015,lql0125_0505_right,lql-0125__20260505-right-7__20260505_180015.npz
lql0125,lql-0125,right,20260505,7,20260505_180230,lql0125_0505_right,lql-0125__20260505-right-7__20260505_180230.npz
lql0125,lql-0125,right,20260505,7,20260505_180445,lql0125_0505_right,lql-0125__20260505-right-7__20260505_180445.npz
lql0125,lql-0125,right,20260505,7,20260505_180702,lql0125_0505_right,lql-0125__20260505-right-7__20260505_180702.npz
lql0125,lql-0125,right,20260505,7,20260505_180923,lql0125_0505_right,lql-0125__20260505-right-7__20260505_180923.npz
lql0125,lql-0125,right,20260505,7,20260505_181140,lql0125_0505_right,lql-0125__20260505-right-7__20260505_181140.npz
lql0125,lql-0125,right,20260505,7,20260505_181401,lql0125_0505_right,lql-0125__20260505-right-7__20260505_181401.npz
lql0125,lql-0125,right,20260505,7,20260505_181615,lql0125_0505_right,lql-0125__20260505-right-7__20260505_181615.npz
lql0125,lql-0125,right,20260505,,20260505_104057,lql0125_0505_right,lql-0125__20260505-right__20260505_104057.npz
lql0125,lql-0125,right,20260505,,20260505_104433,lql0125_0505_right,lql-0125__20260505-right__20260505_104433.npz
lql0125,lql-0125,right,20260505,,20260505_104651,lql0125_0505_right,lql-0125__20260505-right__20260505_104651.npz
lql0125,lql-0125,right,20260505,,20260505_105028,lql0125_0505_right,lql-0125__20260505-right__20260505_105028.npz
lql0125,lql-0125,right,20260505,,20260505_105246,lql0125_0505_right,lql-0125__20260505-right__20260505_105246.npz
lql0125,lql-0125,right,20260505,,20260505_105503,lql0125_0505_right,lql-0125__20260505-right__20260505_105503.npz
lql0125,lql-0125,right,20260505,,20260505_105719,lql0125_0505_right,lql-0125__20260505-right__20260505_105719.npz
lql0125,lql-0125,right,20260505,,20260505_105934,lql0125_0505_right,lql-0125__20260505-right__20260505_105934.npz
lql0125,lql-0125,right,20260505,,20260505_110152,lql0125_0505_right,lql-0125__20260505-right__20260505_110152.npz
lql0125,lql-0125,right,20260505,,20260505_110408,lql0125_0505_right,lql-0125__20260505-right__20260505_110408.npz
lql0125,lql-0125,right,20260505,,20260505_110625,lql0125_0505_right,lql-0125__20260505-right__20260505_110625.npz
lql0125,lql-0125,right,20260505,,20260505_110843,lql0125_0505_right,lql-0125__20260505-right__20260505_110843.npz
lql0125,lql-0125,right,20260505,,20260505_111057,lql0125_0505_right,lql-0125__20260505-right__20260505_111057.npz
lql0125,lql-0125,right,20260505,,20260505_111313,lql0125_0505_right,lql-0125__20260505-right__20260505_111313.npz
lql0125,lql-0125,right,20260505,,20260505_111529,lql0125_0505_right,lql-0125__20260505-right__20260505_111529.npz
lql0125,lql-0125,right,20260505,,20260505_111747,lql0125_0505_right,lql-0125__20260505-right__20260505_111747.npz
lql0125,lql-0125,right,20260505,,20260505_112003,lql0125_0505_right,lql-0125__20260505-right__20260505_112003.npz
lql0125,lql-0125,right,20260505,,20260505_112220,lql0125_0505_right,lql-0125__20260505-right__20260505_112220.npz
lql0125,lql-0125,right,20260505,,20260505_112435,lql0125_0505_right,lql-0125__20260505-right__20260505_112435.npz
lql0125,lql-0125,right,20260505,,20260505_112652,lql0125_0505_right,lql-0125__20260505-right__20260505_112652.npz
lsh0126,lsh-0126,left,20260501,,20260501_172508,lsh0126_0501_run1,lsh-0126__20260501-left__20260501_172508.npz
lsh0126,lsh-0126,left,20260501,,20260501_172725,lsh0126_0501_run1,lsh-0126__20260501-left__20260501_172725.npz
lsh0126,lsh-0126,left,20260501,,20260501_172942,lsh0126_0501_run1,lsh-0126__20260501-left__20260501_172942.npz
lsh0126,lsh-0126,left,20260501,,20260501_173159,lsh0126_0501_run1,lsh-0126__20260501-left__20260501_173159.npz
lsh0126,lsh-0126,left,20260501,,20260501_173416,lsh0126_0501_run1,lsh-0126__20260501-left__20260501_173416.npz
lsh0126,lsh-0126,left,20260501,,20260501_173631,lsh0126_0501_run1,lsh-0126__20260501-left__20260501_173631.npz
lsh0126,lsh-0126,left,20260501,,20260501_173849,lsh0126_0501_run1,lsh-0126__20260501-left__20260501_173849.npz
lsh0126,lsh-0126,left,20260501,,20260501_174137,lsh0126_0501_run1,lsh-0126__20260501-left__20260501_174137.npz
lsh0126,lsh-0126,left,20260501,,20260501_174354,lsh0126_0501_run1,lsh-0126__20260501-left__20260501_174354.npz
lsh0126,lsh-0126,left,20260501,,20260501_174611,lsh0126_0501_run1,lsh-0126__20260501-left__20260501_174611.npz
lsh0126,lsh-0126,left,20260502,2,20260502_142141,lsh0126_0502_left,lsh-0126__20260502-left-2__20260502_142141.npz
lsh0126,lsh-0126,left,20260502,3,20260502_161422,lsh0126_0502_left,lsh-0126__20260502-left-3__20260502_161422.npz
lsh0126,lsh-0126,left,20260502,3,20260502_161642,lsh0126_0502_left,lsh-0126__20260502-left-3__20260502_161642.npz
lsh0126,lsh-0126,left,20260502,3,20260502_161914,lsh0126_0502_left,lsh-0126__20260502-left-3__20260502_161914.npz
lsh0126,lsh-0126,left,20260502,3,20260502_162155,lsh0126_0502_left,lsh-0126__20260502-left-3__20260502_162155.npz
lsh0126,lsh-0126,left,20260502,3,20260502_162413,lsh0126_0502_left,lsh-0126__20260502-left-3__20260502_162413.npz
lsh0126,lsh-0126,left,20260502,,20260502_131448,lsh0126_0502_left,lsh-0126__20260502-left__20260502_131448.npz
lsh0126,lsh-0126,left,20260502,,20260502_131728,lsh0126_0502_left,lsh-0126__20260502-left__20260502_131728.npz
lsh0126,lsh-0126,left,20260502,,20260502_132002,lsh0126_0502_left,lsh-0126__20260502-left__20260502_132002.npz
lsh0126,lsh-0126,left,20260502,,20260502_132245,lsh0126_0502_left,lsh-0126__20260502-left__20260502_132245.npz
lsh0126,lsh-0126,left,20260502,,20260502_132510,lsh0126_0502_left,lsh-0126__20260502-left__20260502_132510.npz
lsh0126,lsh-0126,left,20260502,,20260502_132731,lsh0126_0502_left,lsh-0126__20260502-left__20260502_132731.npz
lsh0126,lsh-0126,left,20260502,,20260502_133040,lsh0126_0502_left,lsh-0126__20260502-left__20260502_133040.npz
lsh0126,lsh-0126,left,20260503,2,20260503_112313,lsh0126_0503_left,lsh-0126__20260503-left-2__20260503_112313.npz
lsh0126,lsh-0126,left,20260503,2,20260503_112532,lsh0126_0503_left,lsh-0126__20260503-left-2__20260503_112532.npz
lsh0126,lsh-0126,left,20260503,2,20260503_112753,lsh0126_0503_left,lsh-0126__20260503-left-2__20260503_112753.npz
lsh0126,lsh-0126,left,20260503,2,20260503_113218,lsh0126_0503_left,lsh-0126__20260503-left-2__20260503_113218.npz
lsh0126,lsh-0126,left,20260503,2,20260503_113441,lsh0126_0503_left,lsh-0126__20260503-left-2__20260503_113441.npz
lsh0126,lsh-0126,left,20260503,2,20260503_113706,lsh0126_0503_left,lsh-0126__20260503-left-2__20260503_113706.npz
lsh0126,lsh-0126,left,20260503,2,20260503_113953,lsh0126_0503_left,lsh-0126__20260503-left-2__20260503_113953.npz
lsh0126,lsh-0126,left,20260503,2,20260503_114211,lsh0126_0503_left,lsh-0126__20260503-left-2__20260503_114211.npz
lsh0126,lsh-0126,left,20260503,2,20260503_114426,lsh0126_0503_left,lsh-0126__20260503-left-2__20260503_114426.npz
lsh0126,lsh-0126,left,20260503,2,20260503_114647,lsh0126_0503_left,lsh-0126__20260503-left-2__20260503_114647.npz
lsh0126,lsh-0126,left,20260503,2,20260503_114948,lsh0126_0503_left,lsh-0126__20260503-left-2__20260503_114948.npz
lsh0126,lsh-0126,left,20260503,3,20260503_120023,lsh0126_0503_left,lsh-0126__20260503-left-3__20260503_120023.npz
lsh0126,lsh-0126,left,20260503,4,20260503_130821,lsh0126_0503_left,lsh-0126__20260503-left-4__20260503_130821.npz
lsh0126,lsh-0126,left,20260503,4,20260503_131144,lsh0126_0503_left,lsh-0126__20260503-left-4__20260503_131144.npz
lsh0126,lsh-0126,left,20260503,4,20260503_131403,lsh0126_0503_left,lsh-0126__20260503-left-4__20260503_131403.npz
lsh0126,lsh-0126,left,20260503,4,20260503_131621,lsh0126_0503_left,lsh-0126__20260503-left-4__20260503_131621.npz
lsh0126,lsh-0126,left,20260503,4,20260503_131848,lsh0126_0503_left,lsh-0126__20260503-left-4__20260503_131848.npz
lsh0126,lsh-0126,left,20260503,4,20260503_132110,lsh0126_0503_left,lsh-0126__20260503-left-4__20260503_132110.npz
lsh0126,lsh-0126,left,20260503,4,20260503_132428,lsh0126_0503_left,lsh-0126__20260503-left-4__20260503_132428.npz
lsh0126,lsh-0126,left,20260503,4,20260503_132645,lsh0126_0503_left,lsh-0126__20260503-left-4__20260503_132645.npz
lsh0126,lsh-0126,left,20260503,4,20260503_132909,lsh0126_0503_left,lsh-0126__20260503-left-4__20260503_132909.npz
lsh0126,lsh-0126,left,20260503,4,20260503_133129,lsh0126_0503_left,lsh-0126__20260503-left-4__20260503_133129.npz
lsh0126,lsh-0126,left,20260503,4,20260503_133350,lsh0126_0503_left,lsh-0126__20260503-left-4__20260503_133350.npz
lsh0126,lsh-0126,left,20260503,4,20260503_133607,lsh0126_0503_left,lsh-0126__20260503-left-4__20260503_133607.npz
lsh0126,lsh-0126,left,20260503,4,20260503_133930,lsh0126_0503_left,lsh-0126__20260503-left-4__20260503_133930.npz
lsh0126,lsh-0126,left,20260503,5,20260503_134457,lsh0126_0503_left,lsh-0126__20260503-left-5__20260503_134457.npz
lsh0126,lsh-0126,left,20260503,5,20260503_134802,lsh0126_0503_left,lsh-0126__20260503-left-5__20260503_134802.npz
lsh0126,lsh-0126,left,20260503,5,20260503_135037,lsh0126_0503_left,lsh-0126__20260503-left-5__20260503_135037.npz
lsh0126,lsh-0126,left,20260503,5,20260503_135255,lsh0126_0503_left,lsh-0126__20260503-left-5__20260503_135255.npz
lsh0126,lsh-0126,left,20260503,6,20260503_142007,lsh0126_0503_left,lsh-0126__20260503-left-6__20260503_142007.npz
lsh0126,lsh-0126,left,20260503,6,20260503_142423,lsh0126_0503_left,lsh-0126__20260503-left-6__20260503_142423.npz
lsh0126,lsh-0126,left,20260503,6,20260503_142641,lsh0126_0503_left,lsh-0126__20260503-left-6__20260503_142641.npz
lsh0126,lsh-0126,left,20260503,6,20260503_142918,lsh0126_0503_left,lsh-0126__20260503-left-6__20260503_142918.npz
lsh0126,lsh-0126,left,20260503,6,20260503_143136,lsh0126_0503_left,lsh-0126__20260503-left-6__20260503_143136.npz
lsh0126,lsh-0126,left,20260503,6,20260503_143506,lsh0126_0503_left,lsh-0126__20260503-left-6__20260503_143506.npz
lsh0126,lsh-0126,left,20260503,6,20260503_143725,lsh0126_0503_left,lsh-0126__20260503-left-6__20260503_143725.npz
lsh0126,lsh-0126,left,20260503,6,20260503_143944,lsh0126_0503_left,lsh-0126__20260503-left-6__20260503_143944.npz
lsh0126,lsh-0126,left,20260503,6,20260503_144216,lsh0126_0503_left,lsh-0126__20260503-left-6__20260503_144216.npz
lsh0126,lsh-0126,left,20260503,6,20260503_144434,lsh0126_0503_left,lsh-0126__20260503-left-6__20260503_144434.npz
lsh0126,lsh-0126,left,20260503,6,20260503_144700,lsh0126_0503_left,lsh-0126__20260503-left-6__20260503_144700.npz
lsh0126,lsh-0126,left,20260503,6,20260503_144917,lsh0126_0503_left,lsh-0126__20260503-left-6__20260503_144917.npz
lsh0126,lsh-0126,left,20260503,6,20260503_145151,lsh0126_0503_left,lsh-0126__20260503-left-6__20260503_145151.npz
lsh0126,lsh-0126,left,20260503,6,20260503_145411,lsh0126_0503_left,lsh-0126__20260503-left-6__20260503_145411.npz
lsh0126,lsh-0126,left,20260503,6,20260503_145645,lsh0126_0503_left,lsh-0126__20260503-left-6__20260503_145645.npz
lsh0126,lsh-0126,left,20260503,6,20260503_150025,lsh0126_0503_left,lsh-0126__20260503-left-6__20260503_150025.npz
lsh0126,lsh-0126,left,20260503,6,20260503_150253,lsh0126_0503_left,lsh-0126__20260503-left-6__20260503_150253.npz
lsh0126,lsh-0126,left,20260503,6,20260503_150510,lsh0126_0503_left,lsh-0126__20260503-left-6__20260503_150510.npz
lsh0126,lsh-0126,left,20260503,6,20260503_150728,lsh0126_0503_left,lsh-0126__20260503-left-6__20260503_150728.npz
lsh0126,lsh-0126,left,20260503,6,20260503_151005,lsh0126_0503_left,lsh-0126__20260503-left-6__20260503_151005.npz
lsh0126,lsh-0126,left,20260503,6,20260503_151326,lsh0126_0503_left,lsh-0126__20260503-left-6__20260503_151326.npz
lsh0126,lsh-0126,left,20260503,6,20260503_151720,lsh0126_0503_left,lsh-0126__20260503-left-6__20260503_151720.npz
lsh0126,lsh-0126,left,20260503,6,20260503_152050,lsh0126_0503_left,lsh-0126__20260503-left-6__20260503_152050.npz
lsh0126,lsh-0126,left,20260503,6,20260503_152426,lsh0126_0503_left,lsh-0126__20260503-left-6__20260503_152426.npz
lsh0126,lsh-0126,left,20260503,6,20260503_152714,lsh0126_0503_left,lsh-0126__20260503-left-6__20260503_152714.npz
lsh0126,lsh-0126,left,20260503,6,20260503_153015,lsh0126_0503_left,lsh-0126__20260503-left-6__20260503_153015.npz
lsh0126,lsh-0126,left,20260503,7,20260503_154531,lsh0126_0503_left,lsh-0126__20260503-left-7__20260503_154531.npz
lsh0126,lsh-0126,left,20260503,7,20260503_154749,lsh0126_0503_left,lsh-0126__20260503-left-7__20260503_154749.npz
lsh0126,lsh-0126,left,20260503,7,20260503_155010,lsh0126_0503_left,lsh-0126__20260503-left-7__20260503_155010.npz
lsh0126,lsh-0126,left,20260503,7,20260503_155238,lsh0126_0503_left,lsh-0126__20260503-left-7__20260503_155238.npz
lsh0126,lsh-0126,left,20260503,7,20260503_155500,lsh0126_0503_left,lsh-0126__20260503-left-7__20260503_155500.npz
lsh0126,lsh-0126,left,20260503,7,20260503_155731,lsh0126_0503_left,lsh-0126__20260503-left-7__20260503_155731.npz
lsh0126,lsh-0126,left,20260503,7,20260503_155953,lsh0126_0503_left,lsh-0126__20260503-left-7__20260503_155953.npz
lsh0126,lsh-0126,left,20260503,7,20260503_160213,lsh0126_0503_left,lsh-0126__20260503-left-7__20260503_160213.npz
lsh0126,lsh-0126,left,20260503,8,20260503_163939,lsh0126_0503_left,lsh-0126__20260503-left-8__20260503_163939.npz
lsh0126,lsh-0126,left,20260503,8,20260503_164157,lsh0126_0503_left,lsh-0126__20260503-left-8__20260503_164157.npz
lsh0126,lsh-0126,left,20260503,8,20260503_164414,lsh0126_0503_left,lsh-0126__20260503-left-8__20260503_164414.npz
lsh0126,lsh-0126,left,20260503,8,20260503_164632,lsh0126_0503_left,lsh-0126__20260503-left-8__20260503_164632.npz
lsh0126,lsh-0126,left,20260503,8,20260503_164851,lsh0126_0503_left,lsh-0126__20260503-left-8__20260503_164851.npz
lsh0126,lsh-0126,left,20260503,8,20260503_165110,lsh0126_0503_left,lsh-0126__20260503-left-8__20260503_165110.npz
lsh0126,lsh-0126,left,20260503,8,20260503_165413,lsh0126_0503_left,lsh-0126__20260503-left-8__20260503_165413.npz
lsh0126,lsh-0126,left,20260503,8,20260503_165632,lsh0126_0503_left,lsh-0126__20260503-left-8__20260503_165632.npz
lsh0126,lsh-0126,left,20260503,8,20260503_165853,lsh0126_0503_left,lsh-0126__20260503-left-8__20260503_165853.npz
lsh0126,lsh-0126,left,20260503,8,20260503_170115,lsh0126_0503_left,lsh-0126__20260503-left-8__20260503_170115.npz
lsh0126,lsh-0126,left,20260503,8,20260503_170338,lsh0126_0503_left,lsh-0126__20260503-left-8__20260503_170338.npz
lsh0126,lsh-0126,left,20260503,8,20260503_170558,lsh0126_0503_left,lsh-0126__20260503-left-8__20260503_170558.npz
lsh0126,lsh-0126,left,20260503,8,20260503_170817,lsh0126_0503_left,lsh-0126__20260503-left-8__20260503_170817.npz
lsh0126,lsh-0126,left,20260503,8,20260503_171036,lsh0126_0503_left,lsh-0126__20260503-left-8__20260503_171036.npz
lsh0126,lsh-0126,left,20260503,8,20260503_171257,lsh0126_0503_left,lsh-0126__20260503-left-8__20260503_171257.npz
lsh0126,lsh-0126,left,20260503,8,20260503_171554,lsh0126_0503_left,lsh-0126__20260503-left-8__20260503_171554.npz
lsh0126,lsh-0126,left,20260503,8,20260503_172047,lsh0126_0503_left,lsh-0126__20260503-left-8__20260503_172047.npz
lsh0126,lsh-0126,left,20260503,8,20260503_172517,lsh0126_0503_left,lsh-0126__20260503-left-8__20260503_172517.npz
lsh0126,lsh-0126,left,20260503,8,20260503_172740,lsh0126_0503_left,lsh-0126__20260503-left-8__20260503_172740.npz
lsh0126,lsh-0126,left,20260503,9,20260503_181123,lsh0126_0503_left,lsh-0126__20260503-left-9__20260503_181123.npz
lsh0126,lsh-0126,left,20260503,9,20260503_181348,lsh0126_0503_left,lsh-0126__20260503-left-9__20260503_181348.npz
lsh0126,lsh-0126,left,20260503,9,20260503_181621,lsh0126_0503_left,lsh-0126__20260503-left-9__20260503_181621.npz
lsh0126,lsh-0126,left,20260503,9,20260503_181846,lsh0126_0503_left,lsh-0126__20260503-left-9__20260503_181846.npz
lsh0126,lsh-0126,left,20260503,9,20260503_182123,lsh0126_0503_left,lsh-0126__20260503-left-9__20260503_182123.npz
lsh0126,lsh-0126,left,20260503,,20260503_103026,lsh0126_0503_left,lsh-0126__20260503-left__20260503_103026.npz
lsh0126,lsh-0126,left,20260503,,20260503_103248,lsh0126_0503_left,lsh-0126__20260503-left__20260503_103248.npz
lsh0126,lsh-0126,left,20260503,,20260503_103521,lsh0126_0503_left,lsh-0126__20260503-left__20260503_103521.npz
lsh0126,lsh-0126,left,20260503,,20260503_103751,lsh0126_0503_left,lsh-0126__20260503-left__20260503_103751.npz
lsh0126,lsh-0126,left,20260503,,20260503_104048,lsh0126_0503_left,lsh-0126__20260503-left__20260503_104048.npz
lsh0126,lsh-0126,left,20260503,,20260503_104315,lsh0126_0503_left,lsh-0126__20260503-left__20260503_104315.npz
lsh0126,lsh-0126,left,20260503,,20260503_104534,lsh0126_0503_left,lsh-0126__20260503-left__20260503_104534.npz
lsh0126,lsh-0126,left,20260503,,20260503_104758,lsh0126_0503_left,lsh-0126__20260503-left__20260503_104758.npz
lsh0126,lsh-0126,left,20260503,,20260503_105053,lsh0126_0503_left,lsh-0126__20260503-left__20260503_105053.npz
lsh0126,lsh-0126,left,20260503,,20260503_105313,lsh0126_0503_left,lsh-0126__20260503-left__20260503_105313.npz
lsh0126,lsh-0126,left,20260503,,20260503_105538,lsh0126_0503_left,lsh-0126__20260503-left__20260503_105538.npz
lsh0126,lsh-0126,left,20260503,,20260503_105924,lsh0126_0503_left,lsh-0126__20260503-left__20260503_105924.npz
lsh0126,lsh-0126,left,20260505,2,20260505_132114,lsh0126_0505_left,lsh-0126__20260505-left-2__20260505_132114.npz
lsh0126,lsh-0126,left,20260505,2,20260505_132352,lsh0126_0505_left,lsh-0126__20260505-left-2__20260505_132352.npz
lsh0126,lsh-0126,left,20260505,2,20260505_132720,lsh0126_0505_left,lsh-0126__20260505-left-2__20260505_132720.npz
lsh0126,lsh-0126,left,20260505,2,20260505_133755,lsh0126_0505_left,lsh-0126__20260505-left-2__20260505_133755.npz
lsh0126,lsh-0126,left,20260505,2,20260505_134019,lsh0126_0505_left,lsh-0126__20260505-left-2__20260505_134019.npz
lsh0126,lsh-0126,left,20260505,2,20260505_134258,lsh0126_0505_left,lsh-0126__20260505-left-2__20260505_134258.npz
lsh0126,lsh-0126,left,20260505,2,20260505_134516,lsh0126_0505_left,lsh-0126__20260505-left-2__20260505_134516.npz
lsh0126,lsh-0126,left,20260505,2,20260505_134733,lsh0126_0505_left,lsh-0126__20260505-left-2__20260505_134733.npz
lsh0126,lsh-0126,left,20260505,2,20260505_134952,lsh0126_0505_left,lsh-0126__20260505-left-2__20260505_134952.npz
lsh0126,lsh-0126,left,20260505,2,20260505_135209,lsh0126_0505_left,lsh-0126__20260505-left-2__20260505_135209.npz
lsh0126,lsh-0126,left,20260505,2,20260505_135501,lsh0126_0505_left,lsh-0126__20260505-left-2__20260505_135501.npz
lsh0126,lsh-0126,left,20260505,2,20260505_140056,lsh0126_0505_left,lsh-0126__20260505-left-2__20260505_140056.npz
lsh0126,lsh-0126,left,20260505,2,20260505_140313,lsh0126_0505_left,lsh-0126__20260505-left-2__20260505_140313.npz
lsh0126,lsh-0126,left,20260505,2,20260505_140532,lsh0126_0505_left,lsh-0126__20260505-left-2__20260505_140532.npz
lsh0126,lsh-0126,left,20260505,2,20260505_140838,lsh0126_0505_left,lsh-0126__20260505-left-2__20260505_140838.npz
lsh0126,lsh-0126,left,20260505,3,20260505_141357,lsh0126_0505_left,lsh-0126__20260505-left-3__20260505_141357.npz
lsh0126,lsh-0126,left,20260505,3,20260505_141633,lsh0126_0505_left,lsh-0126__20260505-left-3__20260505_141633.npz
lsh0126,lsh-0126,left,20260505,3,20260505_141853,lsh0126_0505_left,lsh-0126__20260505-left-3__20260505_141853.npz
lsh0126,lsh-0126,left,20260505,3,20260505_142121,lsh0126_0505_left,lsh-0126__20260505-left-3__20260505_142121.npz
lsh0126,lsh-0126,left,20260505,3,20260505_142340,lsh0126_0505_left,lsh-0126__20260505-left-3__20260505_142340.npz
lsh0126,lsh-0126,left,20260505,4,20260505_144528,lsh0126_0505_left,lsh-0126__20260505-left-4__20260505_144528.npz
lsh0126,lsh-0126,left,20260505,4,20260505_144745,lsh0126_0505_left,lsh-0126__20260505-left-4__20260505_144745.npz
lsh0126,lsh-0126,left,20260505,4,20260505_145002,lsh0126_0505_left,lsh-0126__20260505-left-4__20260505_145002.npz
lsh0126,lsh-0126,left,20260505,5,20260505_150841,lsh0126_0505_left,lsh-0126__20260505-left-5__20260505_150841.npz
lsh0126,lsh-0126,left,20260505,5,20260505_151128,lsh0126_0505_left,lsh-0126__20260505-left-5__20260505_151128.npz
lsh0126,lsh-0126,left,20260505,5,20260505_151346,lsh0126_0505_left,lsh-0126__20260505-left-5__20260505_151346.npz
lsh0126,lsh-0126,left,20260505,5,20260505_151605,lsh0126_0505_left,lsh-0126__20260505-left-5__20260505_151605.npz
lsh0126,lsh-0126,left,20260505,5,20260505_151842,lsh0126_0505_left,lsh-0126__20260505-left-5__20260505_151842.npz
lsh0126,lsh-0126,left,20260505,5,20260505_152059,lsh0126_0505_left,lsh-0126__20260505-left-5__20260505_152059.npz
lsh0126,lsh-0126,left,20260505,5,20260505_152317,lsh0126_0505_left,lsh-0126__20260505-left-5__20260505_152317.npz
lsh0126,lsh-0126,left,20260505,5,20260505_152549,lsh0126_0505_left,lsh-0126__20260505-left-5__20260505_152549.npz
lsh0126,lsh-0126,left,20260505,5,20260505_152808,lsh0126_0505_left,lsh-0126__20260505-left-5__20260505_152808.npz
lsh0126,lsh-0126,left,20260505,5,20260505_153029,lsh0126_0505_left,lsh-0126__20260505-left-5__20260505_153029.npz
lsh0126,lsh-0126,left,20260505,5,20260505_153259,lsh0126_0505_left,lsh-0126__20260505-left-5__20260505_153259.npz
lsh0126,lsh-0126,left,20260505,5,20260505_153610,lsh0126_0505_left,lsh-0126__20260505-left-5__20260505_153610.npz
lsh0126,lsh-0126,left,20260505,6,20260505_154421,lsh0126_0505_left,lsh-0126__20260505-left-6__20260505_154421.npz
lsh0126,lsh-0126,left,20260505,6,20260505_154646,lsh0126_0505_left,lsh-0126__20260505-left-6__20260505_154646.npz
lsh0126,lsh-0126,left,20260505,6,20260505_154908,lsh0126_0505_left,lsh-0126__20260505-left-6__20260505_154908.npz
lsh0126,lsh-0126,left,20260505,6,20260505_155127,lsh0126_0505_left,lsh-0126__20260505-left-6__20260505_155127.npz
lsh0126,lsh-0126,left,20260505,6,20260505_155343,lsh0126_0505_left,lsh-0126__20260505-left-6__20260505_155343.npz
lsh0126,lsh-0126,left,20260505,6,20260505_155600,lsh0126_0505_left,lsh-0126__20260505-left-6__20260505_155600.npz
lsh0126,lsh-0126,left,20260505,6,20260505_155818,lsh0126_0505_left,lsh-0126__20260505-left-6__20260505_155818.npz
lsh0126,lsh-0126,left,20260505,6,20260505_160144,lsh0126_0505_left,lsh-0126__20260505-left-6__20260505_160144.npz
lsh0126,lsh-0126,left,20260505,6,20260505_160401,lsh0126_0505_left,lsh-0126__20260505-left-6__20260505_160401.npz
lsh0126,lsh-0126,left,20260505,6,20260505_160630,lsh0126_0505_left,lsh-0126__20260505-left-6__20260505_160630.npz
lsh0126,lsh-0126,left,20260505,6,20260505_161042,lsh0126_0505_left,lsh-0126__20260505-left-6__20260505_161042.npz
lsh0126,lsh-0126,left,20260505,6,20260505_161300,lsh0126_0505_left,lsh-0126__20260505-left-6__20260505_161300.npz
lsh0126,lsh-0126,left,20260505,6,20260505_161518,lsh0126_0505_left,lsh-0126__20260505-left-6__20260505_161518.npz
lsh0126,lsh-0126,left,20260505,6,20260505_161737,lsh0126_0505_left,lsh-0126__20260505-left-6__20260505_161737.npz
lsh0126,lsh-0126,left,20260505,6,20260505_162008,lsh0126_0505_left,lsh-0126__20260505-left-6__20260505_162008.npz
lsh0126,lsh-0126,left,20260505,6,20260505_162323,lsh0126_0505_left,lsh-0126__20260505-left-6__20260505_162323.npz
lsh0126,lsh-0126,left,20260505,6,20260505_162555,lsh0126_0505_left,lsh-0126__20260505-left-6__20260505_162555.npz
lsh0126,lsh-0126,left,20260505,6,20260505_162918,lsh0126_0505_left,lsh-0126__20260505-left-6__20260505_162918.npz
lsh0126,lsh-0126,left,20260505,6,20260505_163144,lsh0126_0505_left,lsh-0126__20260505-left-6__20260505_163144.npz
lsh0126,lsh-0126,left,20260505,6,20260505_163430,lsh0126_0505_left,lsh-0126__20260505-left-6__20260505_163430.npz
lsh0126,lsh-0126,left,20260505,6,20260505_163717,lsh0126_0505_left,lsh-0126__20260505-left-6__20260505_163717.npz
lsh0126,lsh-0126,left,20260505,6,20260505_164017,lsh0126_0505_left,lsh-0126__20260505-left-6__20260505_164017.npz
lsh0126,lsh-0126,left,20260505,7,20260505_165953,lsh0126_0505_left,lsh-0126__20260505-left-7__20260505_165953.npz
lsh0126,lsh-0126,left,20260505,7,20260505_170230,lsh0126_0505_left,lsh-0126__20260505-left-7__20260505_170230.npz
lsh0126,lsh-0126,left,20260505,7,20260505_170525,lsh0126_0505_left,lsh-0126__20260505-left-7__20260505_170525.npz
lsh0126,lsh-0126,left,20260505,7,20260505_170748,lsh0126_0505_left,lsh-0126__20260505-left-7__20260505_170748.npz
lsh0126,lsh-0126,left,20260505,7,20260505_171010,lsh0126_0505_left,lsh-0126__20260505-left-7__20260505_171010.npz
lsh0126,lsh-0126,left,20260505,7,20260505_171230,lsh0126_0505_left,lsh-0126__20260505-left-7__20260505_171230.npz
lsh0126,lsh-0126,left,20260505,7,20260505_171450,lsh0126_0505_left,lsh-0126__20260505-left-7__20260505_171450.npz
lsh0126,lsh-0126,left,20260505,7,20260505_171709,lsh0126_0505_left,lsh-0126__20260505-left-7__20260505_171709.npz
lsh0126,lsh-0126,left,20260505,7,20260505_171954,lsh0126_0505_left,lsh-0126__20260505-left-7__20260505_171954.npz
lsh0126,lsh-0126,left,20260505,7,20260505_172237,lsh0126_0505_left,lsh-0126__20260505-left-7__20260505_172237.npz
lsh0126,lsh-0126,left,20260505,7,20260505_172523,lsh0126_0505_left,lsh-0126__20260505-left-7__20260505_172523.npz
lsh0126,lsh-0126,left,20260505,7,20260505_172759,lsh0126_0505_left,lsh-0126__20260505-left-7__20260505_172759.npz
lsh0126,lsh-0126,left,20260505,7,20260505_173020,lsh0126_0505_left,lsh-0126__20260505-left-7__20260505_173020.npz
lsh0126,lsh-0126,left,20260505,7,20260505_173240,lsh0126_0505_left,lsh-0126__20260505-left-7__20260505_173240.npz
lsh0126,lsh-0126,left,20260505,7,20260505_173502,lsh0126_0505_left,lsh-0126__20260505-left-7__20260505_173502.npz
lsh0126,lsh-0126,left,20260505,7,20260505_173742,lsh0126_0505_left,lsh-0126__20260505-left-7__20260505_173742.npz
lsh0126,lsh-0126,left,20260505,7,20260505_174015,lsh0126_0505_left,lsh-0126__20260505-left-7__20260505_174015.npz
lsh0126,lsh-0126,left,20260505,7,20260505_174237,lsh0126_0505_left,lsh-0126__20260505-left-7__20260505_174237.npz
lsh0126,lsh-0126,left,20260505,7,20260505_174455,lsh0126_0505_left,lsh-0126__20260505-left-7__20260505_174455.npz
lsh0126,lsh-0126,left,20260505,7,20260505_174711,lsh0126_0505_left,lsh-0126__20260505-left-7__20260505_174711.npz
lsh0126,lsh-0126,left,20260505,7,20260505_174927,lsh0126_0505_left,lsh-0126__20260505-left-7__20260505_174927.npz
lsh0126,lsh-0126,left,20260505,7,20260505_175145,lsh0126_0505_left,lsh-0126__20260505-left-7__20260505_175145.npz
lsh0126,lsh-0126,left,20260505,7,20260505_175403,lsh0126_0505_left,lsh-0126__20260505-left-7__20260505_175403.npz
lsh0126,lsh-0126,left,20260505,,20260505_103548,lsh0126_0505_left,lsh-0126__20260505-left__20260505_103548.npz
lsh0126,lsh-0126,left,20260505,,20260505_103811,lsh0126_0505_left,lsh-0126__20260505-left__20260505_103811.npz
lsh0126,lsh-0126,left,20260505,,20260505_104034,lsh0126_0505_left,lsh-0126__20260505-left__20260505_104034.npz
lsh0126,lsh-0126,left,20260505,,20260505_104257,lsh0126_0505_left,lsh-0126__20260505-left__20260505_104257.npz
lsh0126,lsh-0126,left,20260505,,20260505_104519,lsh0126_0505_left,lsh-0126__20260505-left__20260505_104519.npz
lsh0126,lsh-0126,left,20260505,,20260505_104739,lsh0126_0505_left,lsh-0126__20260505-left__20260505_104739.npz
lsh0126,lsh-0126,left,20260505,,20260505_105036,lsh0126_0505_left,lsh-0126__20260505-left__20260505_105036.npz
lsh0126,lsh-0126,left,20260505,,20260505_105258,lsh0126_0505_left,lsh-0126__20260505-left__20260505_105258.npz
lsh0126,lsh-0126,left,20260505,,20260505_105604,lsh0126_0505_left,lsh-0126__20260505-left__20260505_105604.npz
lsh0126,lsh-0126,left,20260505,,20260505_105824,lsh0126_0505_left,lsh-0126__20260505-left__20260505_105824.npz
mlj0303,mlj-0303,left,20260502,,20260502_164540,mlj0303_0502_left,mlj-0303__20260502-left__20260502_164540.npz
mlj0303,mlj-0303,left,20260502,,20260502_164824,mlj0303_0502_left,mlj-0303__20260502-left__20260502_164824.npz
mlj0303,mlj-0303,left,20260502,,20260502_165043,mlj0303_0502_left,mlj-0303__20260502-left__20260502_165043.npz
mlj0303,mlj-0303,left,20260502,,20260502_165311,mlj0303_0502_left,mlj-0303__20260502-left__20260502_165311.npz
mlj0303,mlj-0303,left,20260502,,20260502_165529,mlj0303_0502_left,mlj-0303__20260502-left__20260502_165529.npz
mlj0303,mlj-0303,left,20260502,,20260502_165750,mlj0303_0502_left,mlj-0303__20260502-left__20260502_165750.npz
mlj0303,mlj-0303,left,20260502,,20260502_170632,mlj0303_0502_left,mlj-0303__20260502-left__20260502_170632.npz
mlj0303,mlj-0303,left,20260502,,20260502_170905,mlj0303_0502_left,mlj-0303__20260502-left__20260502_170905.npz
mlj0303,mlj-0303,left,20260502,,20260502_171508,mlj0303_0502_left,mlj-0303__20260502-left__20260502_171508.npz
mlj0303,mlj-0303,left,20260502,,20260502_172234,mlj0303_0502_left,mlj-0303__20260502-left__20260502_172234.npz
mlj0303,mlj-0303,left,20260502,,20260502_172454,mlj0303_0502_left,mlj-0303__20260502-left__20260502_172454.npz
mlj0303,mlj-0303,left,20260502,,20260502_172712,mlj0303_0502_left,mlj-0303__20260502-left__20260502_172712.npz
mlj0303,mlj-0303,left,20260502,,20260502_172936,mlj0303_0502_left,mlj-0303__20260502-left__20260502_172936.npz
mlj0303,mlj-0303,right,20260502,2,20260502_130815,mlj0303_0502_right,mlj-0303__20260502-right-2__20260502_130815.npz
mlj0303,mlj-0303,right,20260502,2,20260502_131108,mlj0303_0502_right,mlj-0303__20260502-right-2__20260502_131108.npz
mlj0303,mlj-0303,right,20260502,2,20260502_141323,mlj0303_0502_right,mlj-0303__20260502-right-2__20260502_141323.npz
mlj0303,mlj-0303,right,20260502,,20260502_105526,mlj0303_0502_right,mlj-0303__20260502-right__20260502_105526.npz
mlj0303,mlj-0303,right,20260502,,20260502_105752,mlj0303_0502_right,mlj-0303__20260502-right__20260502_105752.npz
mlj0303,mlj-0303,right,20260502,,20260502_110029,mlj0303_0502_right,mlj-0303__20260502-right__20260502_110029.npz
mlj0303,mlj-0303,right,20260502,,20260502_110243,mlj0303_0502_right,mlj-0303__20260502-right__20260502_110243.npz
mlj0303,mlj-0303,right,20260502,,20260502_110546,mlj0303_0502_right,mlj-0303__20260502-right__20260502_110546.npz
mlj0303,mlj-0303,right,20260502,,20260502_110800,mlj0303_0502_right,mlj-0303__20260502-right__20260502_110800.npz
mlj0303,mlj-0303,right,20260502,,20260502_111016,mlj0303_0502_right,mlj-0303__20260502-right__20260502_111016.npz
mlj0303,mlj-0303,right,20260502,,20260502_111352,mlj0303_0502_right,mlj-0303__20260502-right__20260502_111352.npz
mlj0303,mlj-0303,right,20260502,,20260502_111622,mlj0303_0502_right,mlj-0303__20260502-right__20260502_111622.npz
mlj0303,mlj-0303,right,20260502,,20260502_111836,mlj0303_0502_right,mlj-0303__20260502-right__20260502_111836.npz
mlj0303,mlj-0303,right,20260502,,20260502_112139,mlj0303_0502_right,mlj-0303__20260502-right__20260502_112139.npz
mlj0303,mlj-0303,right,20260502,,20260502_112355,mlj0303_0502_right,mlj-0303__20260502-right__20260502_112355.npz
mlj0303,mlj-0303,right,20260502,,20260502_112810,mlj0303_0502_right,mlj-0303__20260502-right__20260502_112810.npz
mlj0303,mlj-0303,right,20260502,,20260502_113025,mlj0303_0502_right,mlj-0303__20260502-right__20260502_113025.npz
mlj0303,mlj-0303,right,20260502,,20260502_113241,mlj0303_0502_right,mlj-0303__20260502-right__20260502_113241.npz
mlj0303,mlj-0303,right,20260502,,20260502_113734,mlj0303_0502_right,mlj-0303__20260502-right__20260502_113734.npz
mlj0303,mlj-0303,right,20260502,,20260502_113950,mlj0303_0502_right,mlj-0303__20260502-right__20260502_113950.npz
mlj0303,mlj-0303,right,20260502,,20260502_114203,mlj0303_0502_right,mlj-0303__20260502-right__20260502_114203.npz
mlj0303,mlj-0303,right,20260502,,20260502_114418,mlj0303_0502_right,mlj-0303__20260502-right__20260502_114418.npz
mlj0303,mlj-0303,right,20260502,,20260502_114637,mlj0303_0502_right,mlj-0303__20260502-right__20260502_114637.npz
mlj0303,mlj-0303,left_v71,20260504,,20260504_163952,mlj0303_0504_left,mlj-0303__20260504-left_v71__20260504_163952.npz
mlj0303,mlj-0303,left_v71,20260504,,20260504_164209,mlj0303_0504_left,mlj-0303__20260504-left_v71__20260504_164209.npz
mlj0303,mlj-0303,left_v71,20260504,,20260504_164520,mlj0303_0504_left,mlj-0303__20260504-left_v71__20260504_164520.npz
mlj0303,mlj-0303,left_v71,20260504,,20260504_164737,mlj0303_0504_left,mlj-0303__20260504-left_v71__20260504_164737.npz
mlj0303,mlj-0303,left_v71,20260504,,20260504_165034,mlj0303_0504_left,mlj-0303__20260504-left_v71__20260504_165034.npz
mlj0303,mlj-0303,left_v71,20260504,,20260504_165249,mlj0303_0504_left,mlj-0303__20260504-left_v71__20260504_165249.npz
mlj0303,mlj-0303,left_v71,20260504,,20260504_165537,mlj0303_0504_left,mlj-0303__20260504-left_v71__20260504_165537.npz
mlj0303,mlj-0303,left_v71,20260504,,20260504_165826,mlj0303_0504_left,mlj-0303__20260504-left_v71__20260504_165826.npz
mlj0303,mlj-0303,left_v71,20260504,,20260504_170039,mlj0303_0504_left,mlj-0303__20260504-left_v71__20260504_170039.npz
mlj0303,mlj-0303,left_v71,20260504,,20260504_170256,mlj0303_0504_left,mlj-0303__20260504-left_v71__20260504_170256.npz
mlj0303,mlj-0303,left_v71,20260504,,20260504_170511,mlj0303_0504_left,mlj-0303__20260504-left_v71__20260504_170511.npz
mlj0303,mlj-0303,left_v71,20260504,,20260504_170751,mlj0303_0504_left,mlj-0303__20260504-left_v71__20260504_170751.npz
mlj0303,mlj-0303,left_v71,20260504,,20260504_171006,mlj0303_0504_left,mlj-0303__20260504-left_v71__20260504_171006.npz
mlj0303,mlj-0303,left_v71,20260504,,20260504_171224,mlj0303_0504_left,mlj-0303__20260504-left_v71__20260504_171224.npz
mlj0303,mlj-0303,left_v71,20260504,,20260504_171441,mlj0303_0504_left,mlj-0303__20260504-left_v71__20260504_171441.npz
mlj0303,mlj-0303,left_v71,20260504,,20260504_171725,mlj0303_0504_left,mlj-0303__20260504-left_v71__20260504_171725.npz
mlj0303,mlj-0303,left_v71,20260504,,20260504_172124,mlj0303_0504_left,mlj-0303__20260504-left_v71__20260504_172124.npz
mlj0303,mlj-0303,left_v71,20260504,,20260504_172349,mlj0303_0504_left,mlj-0303__20260504-left_v71__20260504_172349.npz
mlj0303,mlj-0303,left_v71,20260504,,20260504_172623,mlj0303_0504_left,mlj-0303__20260504-left_v71__20260504_172623.npz
mlj0303,mlj-0303,left_v71,20260504,,20260504_182753,mlj0303_0504_left,mlj-0303__20260504-left_v71__20260504_182753.npz
mlj0303,mlj-0303,left_v71,20260504,,20260504_183013,mlj0303_0504_left,mlj-0303__20260504-left_v71__20260504_183013.npz
mlj0303,mlj-0303,left_v71,20260504,,20260504_183246,mlj0303_0504_left,mlj-0303__20260504-left_v71__20260504_183246.npz
mlj0303,mlj-0303,left_v71,20260504,,20260504_183503,mlj0303_0504_left,mlj-0303__20260504-left_v71__20260504_183503.npz
mlj0303,mlj-0303,left_v71,20260504,,20260504_183720,mlj0303_0504_left,mlj-0303__20260504-left_v71__20260504_183720.npz
mlj0303,mlj-0303,left_v71,20260504,,20260504_183940,mlj0303_0504_left,mlj-0303__20260504-left_v71__20260504_183940.npz
mlj0303,mlj-0303,left_v71,20260504,,20260504_184158,mlj0303_0504_left,mlj-0303__20260504-left_v71__20260504_184158.npz
mlj0303,mlj-0303,left_v71,20260504,,20260504_184415,mlj0303_0504_left,mlj-0303__20260504-left_v71__20260504_184415.npz
mlj0303,mlj-0303,left_v71,20260504,,20260504_184635,mlj0303_0504_left,mlj-0303__20260504-left_v71__20260504_184635.npz
mlj0303,mlj-0303,left_v71,20260504,,20260504_184930,mlj0303_0504_left,mlj-0303__20260504-left_v71__20260504_184930.npz
mlj0303,mlj-0303,left,20260505,2,20260505_120523,mlj0303_0505_left,mlj-0303__20260505-left-2__20260505_120523.npz
mlj0303,mlj-0303,left,20260505,3,20260505_132115,mlj0303_0505_left,mlj-0303__20260505-left-3__20260505_132115.npz
mlj0303,mlj-0303,left,20260505,3,20260505_132343,mlj0303_0505_left,mlj-0303__20260505-left-3__20260505_132343.npz
mlj0303,mlj-0303,left,20260505,3,20260505_132600,mlj0303_0505_left,mlj-0303__20260505-left-3__20260505_132600.npz
mlj0303,mlj-0303,left,20260505,3,20260505_132816,mlj0303_0505_left,mlj-0303__20260505-left-3__20260505_132816.npz
mlj0303,mlj-0303,left,20260505,3,20260505_133128,mlj0303_0505_left,mlj-0303__20260505-left-3__20260505_133128.npz
mlj0303,mlj-0303,left,20260505,3,20260505_133355,mlj0303_0505_left,mlj-0303__20260505-left-3__20260505_133355.npz
mlj0303,mlj-0303,left,20260505,3,20260505_133609,mlj0303_0505_left,mlj-0303__20260505-left-3__20260505_133609.npz
mlj0303,mlj-0303,left,20260505,3,20260505_133828,mlj0303_0505_left,mlj-0303__20260505-left-3__20260505_133828.npz
mlj0303,mlj-0303,left,20260505,3,20260505_134046,mlj0303_0505_left,mlj-0303__20260505-left-3__20260505_134046.npz
mlj0303,mlj-0303,left,20260505,3,20260505_134333,mlj0303_0505_left,mlj-0303__20260505-left-3__20260505_134333.npz
mlj0303,mlj-0303,left,20260505,3,20260505_134550,mlj0303_0505_left,mlj-0303__20260505-left-3__20260505_134550.npz
mlj0303,mlj-0303,left,20260505,3,20260505_134809,mlj0303_0505_left,mlj-0303__20260505-left-3__20260505_134809.npz
mlj0303,mlj-0303,left,20260505,3,20260505_135024,mlj0303_0505_left,mlj-0303__20260505-left-3__20260505_135024.npz
mlj0303,mlj-0303,left,20260505,3,20260505_135239,mlj0303_0505_left,mlj-0303__20260505-left-3__20260505_135239.npz
mlj0303,mlj-0303,left,20260505,3,20260505_135455,mlj0303_0505_left,mlj-0303__20260505-left-3__20260505_135455.npz
mlj0303,mlj-0303,left,20260505,3,20260505_135728,mlj0303_0505_left,mlj-0303__20260505-left-3__20260505_135728.npz
mlj0303,mlj-0303,left,20260505,3,20260505_140000,mlj0303_0505_left,mlj-0303__20260505-left-3__20260505_140000.npz
mlj0303,mlj-0303,left,20260505,3,20260505_140216,mlj0303_0505_left,mlj-0303__20260505-left-3__20260505_140216.npz
mlj0303,mlj-0303,left,20260505,3,20260505_140441,mlj0303_0505_left,mlj-0303__20260505-left-3__20260505_140441.npz
mlj0303,mlj-0303,left,20260505,3,20260505_140732,mlj0303_0505_left,mlj-0303__20260505-left-3__20260505_140732.npz
mlj0303,mlj-0303,left,20260505,3,20260505_140948,mlj0303_0505_left,mlj-0303__20260505-left-3__20260505_140948.npz
mlj0303,mlj-0303,left,20260505,3,20260505_141206,mlj0303_0505_left,mlj-0303__20260505-left-3__20260505_141206.npz
mlj0303,mlj-0303,left,20260505,4,20260505_160653,mlj0303_0505_left,mlj-0303__20260505-left-4__20260505_160653.npz
mlj0303,mlj-0303,left,20260505,4,20260505_160913,mlj0303_0505_left,mlj-0303__20260505-left-4__20260505_160913.npz
mlj0303,mlj-0303,left,20260505,4,20260505_161131,mlj0303_0505_left,mlj-0303__20260505-left-4__20260505_161131.npz
mlj0303,mlj-0303,left,20260505,4,20260505_161348,mlj0303_0505_left,mlj-0303__20260505-left-4__20260505_161348.npz
mlj0303,mlj-0303,left,20260505,4,20260505_161604,mlj0303_0505_left,mlj-0303__20260505-left-4__20260505_161604.npz
mlj0303,mlj-0303,left,20260505,4,20260505_161823,mlj0303_0505_left,mlj-0303__20260505-left-4__20260505_161823.npz
mlj0303,mlj-0303,left,20260505,4,20260505_162037,mlj0303_0505_left,mlj-0303__20260505-left-4__20260505_162037.npz
mlj0303,mlj-0303,left,20260505,4,20260505_162255,mlj0303_0505_left,mlj-0303__20260505-left-4__20260505_162255.npz
mlj0303,mlj-0303,left,20260505,4,20260505_162512,mlj0303_0505_left,mlj-0303__20260505-left-4__20260505_162512.npz
mlj0303,mlj-0303,left,20260505,4,20260505_162731,mlj0303_0505_left,mlj-0303__20260505-left-4__20260505_162731.npz
mlj0303,mlj-0303,left,20260505,4,20260505_163113,mlj0303_0505_left,mlj-0303__20260505-left-4__20260505_163113.npz
mlj0303,mlj-0303,left,20260505,4,20260505_163333,mlj0303_0505_left,mlj-0303__20260505-left-4__20260505_163333.npz
mlj0303,mlj-0303,left,20260505,4,20260505_163554,mlj0303_0505_left,mlj-0303__20260505-left-4__20260505_163554.npz
mlj0303,mlj-0303,left,20260505,4,20260505_163817,mlj0303_0505_left,mlj-0303__20260505-left-4__20260505_163817.npz
mlj0303,mlj-0303,left,20260505,4,20260505_164034,mlj0303_0505_left,mlj-0303__20260505-left-4__20260505_164034.npz
mlj0303,mlj-0303,left,20260505,,20260505_102448,mlj0303_0505_left,mlj-0303__20260505-left__20260505_102448.npz
mlj0303,mlj-0303,left,20260505,,20260505_102727,mlj0303_0505_left,mlj-0303__20260505-left__20260505_102727.npz
mlj0303,mlj-0303,left,20260505,,20260505_102947,mlj0303_0505_left,mlj-0303__20260505-left__20260505_102947.npz
mlj0303,mlj-0303,left,20260505,,20260505_103204,mlj0303_0505_left,mlj-0303__20260505-left__20260505_103204.npz
mlj0303,mlj-0303,left,20260505,,20260505_103425,mlj0303_0505_left,mlj-0303__20260505-left__20260505_103425.npz
mlj0303,mlj-0303,left,20260505,,20260505_103642,mlj0303_0505_left,mlj-0303__20260505-left__20260505_103642.npz
mlj0303,mlj-0303,left,20260505,,20260505_103902,mlj0303_0505_left,mlj-0303__20260505-left__20260505_103902.npz
mlj0303,mlj-0303,left,20260505,,20260505_104212,mlj0303_0505_left,mlj-0303__20260505-left__20260505_104212.npz
mlj0303,mlj-0303,left,20260505,,20260505_104440,mlj0303_0505_left,mlj-0303__20260505-left__20260505_104440.npz
mlj0303,mlj-0303,left,20260505,,20260505_104702,mlj0303_0505_left,mlj-0303__20260505-left__20260505_104702.npz
mlj0303,mlj-0303,left,20260505,,20260505_104920,mlj0303_0505_left,mlj-0303__20260505-left__20260505_104920.npz
mlj0303,mlj-0303,left,20260505,,20260505_105316,mlj0303_0505_left,mlj-0303__20260505-left__20260505_105316.npz
mlj0303,mlj-0303,left,20260505,,20260505_105533,mlj0303_0505_left,mlj-0303__20260505-left__20260505_105533.npz
mlj0303,mlj-0303,left,20260505,,20260505_105749,mlj0303_0505_left,mlj-0303__20260505-left__20260505_105749.npz
mlj0303,mlj-0303,left,20260505,,20260505_110017,mlj0303_0505_left,mlj-0303__20260505-left__20260505_110017.npz
mlj0303,mlj-0303,left,20260505,,20260505_110234,mlj0303_0505_left,mlj-0303__20260505-left__20260505_110234.npz
mlj0303,mlj-0303,left,20260505,,20260505_110453,mlj0303_0505_left,mlj-0303__20260505-left__20260505_110453.npz
mlj0303,mlj-0303,left,20260505,,20260505_110858,mlj0303_0505_left,mlj-0303__20260505-left__20260505_110858.npz
mlj0303,mlj-0303,left,20260505,,20260505_111116,mlj0303_0505_left,mlj-0303__20260505-left__20260505_111116.npz
mlj0303,mlj-0303,left,20260505,,20260505_111334,mlj0303_0505_left,mlj-0303__20260505-left__20260505_111334.npz
myy0129,myy-0129,left,20260501,2,20260501_141031,myy0129_0501_left,myy-0129__20260501-left-2__20260501_141031.npz
myy0129,myy-0129,left,20260501,2,20260501_141301,myy0129_0501_left,myy-0129__20260501-left-2__20260501_141301.npz
myy0129,myy-0129,left,20260501,2,20260501_141611,myy0129_0501_left,myy-0129__20260501-left-2__20260501_141611.npz
myy0129,myy-0129,left,20260501,2,20260501_141844,myy0129_0501_left,myy-0129__20260501-left-2__20260501_141844.npz
myy0129,myy-0129,left,20260501,2,20260501_142109,myy0129_0501_left,myy-0129__20260501-left-2__20260501_142109.npz
myy0129,myy-0129,left,20260501,2,20260501_142334,myy0129_0501_left,myy-0129__20260501-left-2__20260501_142334.npz
myy0129,myy-0129,left,20260501,2,20260501_142558,myy0129_0501_left,myy-0129__20260501-left-2__20260501_142558.npz
myy0129,myy-0129,left,20260501,2,20260501_142820,myy0129_0501_left,myy-0129__20260501-left-2__20260501_142820.npz
myy0129,myy-0129,left,20260501,2,20260501_143043,myy0129_0501_left,myy-0129__20260501-left-2__20260501_143043.npz
myy0129,myy-0129,left,20260501,2,20260501_143313,myy0129_0501_left,myy-0129__20260501-left-2__20260501_143313.npz
myy0129,myy-0129,left,20260501,2,20260501_143534,myy0129_0501_left,myy-0129__20260501-left-2__20260501_143534.npz
myy0129,myy-0129,left,20260501,2,20260501_143852,myy0129_0501_left,myy-0129__20260501-left-2__20260501_143852.npz
myy0129,myy-0129,left,20260501,2,20260501_144109,myy0129_0501_left,myy-0129__20260501-left-2__20260501_144109.npz
myy0129,myy-0129,left,20260501,2,20260501_144349,myy0129_0501_left,myy-0129__20260501-left-2__20260501_144349.npz
myy0129,myy-0129,left,20260501,2,20260501_144613,myy0129_0501_left,myy-0129__20260501-left-2__20260501_144613.npz
myy0129,myy-0129,left,20260501,2,20260501_144855,myy0129_0501_left,myy-0129__20260501-left-2__20260501_144855.npz
myy0129,myy-0129,left,20260501,2,20260501_145115,myy0129_0501_left,myy-0129__20260501-left-2__20260501_145115.npz
myy0129,myy-0129,left,20260501,2,20260501_145341,myy0129_0501_left,myy-0129__20260501-left-2__20260501_145341.npz
myy0129,myy-0129,left,20260501,2,20260501_145609,myy0129_0501_left,myy-0129__20260501-left-2__20260501_145609.npz
myy0129,myy-0129,left,20260501,2,20260501_145830,myy0129_0501_left,myy-0129__20260501-left-2__20260501_145830.npz
myy0129,myy-0129,left,20260501,2,20260501_150101,myy0129_0501_left,myy-0129__20260501-left-2__20260501_150101.npz
myy0129,myy-0129,left,20260501,2,20260501_150327,myy0129_0501_left,myy-0129__20260501-left-2__20260501_150327.npz
myy0129,myy-0129,left,20260501,2,20260501_150601,myy0129_0501_left,myy-0129__20260501-left-2__20260501_150601.npz
myy0129,myy-0129,left,20260501,2,20260501_150821,myy0129_0501_left,myy-0129__20260501-left-2__20260501_150821.npz
myy0129,myy-0129,left,20260501,2,20260501_151043,myy0129_0501_left,myy-0129__20260501-left-2__20260501_151043.npz
myy0129,myy-0129,left,20260501,2,20260501_151307,myy0129_0501_left,myy-0129__20260501-left-2__20260501_151307.npz
myy0129,myy-0129,left,20260501,2,20260501_151528,myy0129_0501_left,myy-0129__20260501-left-2__20260501_151528.npz
myy0129,myy-0129,left,20260501,2,20260501_151750,myy0129_0501_left,myy-0129__20260501-left-2__20260501_151750.npz
myy0129,myy-0129,left,20260501,2,20260501_152016,myy0129_0501_left,myy-0129__20260501-left-2__20260501_152016.npz
myy0129,myy-0129,left,20260501,2,20260501_152236,myy0129_0501_left,myy-0129__20260501-left-2__20260501_152236.npz
myy0129,myy-0129,left,20260501,3,20260501_155506,myy0129_0501_left,myy-0129__20260501-left-3__20260501_155506.npz
myy0129,myy-0129,left,20260501,3,20260501_155728,myy0129_0501_left,myy-0129__20260501-left-3__20260501_155728.npz
myy0129,myy-0129,left,20260501,3,20260501_155949,myy0129_0501_left,myy-0129__20260501-left-3__20260501_155949.npz
myy0129,myy-0129,left,20260501,3,20260501_160229,myy0129_0501_left,myy-0129__20260501-left-3__20260501_160229.npz
myy0129,myy-0129,left,20260501,3,20260501_160522,myy0129_0501_left,myy-0129__20260501-left-3__20260501_160522.npz
myy0129,myy-0129,left,20260501,3,20260501_160813,myy0129_0501_left,myy-0129__20260501-left-3__20260501_160813.npz
myy0129,myy-0129,left,20260501,3,20260501_161039,myy0129_0501_left,myy-0129__20260501-left-3__20260501_161039.npz
myy0129,myy-0129,left,20260501,3,20260501_161258,myy0129_0501_left,myy-0129__20260501-left-3__20260501_161258.npz
myy0129,myy-0129,left,20260501,3,20260501_161521,myy0129_0501_left,myy-0129__20260501-left-3__20260501_161521.npz
myy0129,myy-0129,left,20260501,3,20260501_161751,myy0129_0501_left,myy-0129__20260501-left-3__20260501_161751.npz
myy0129,myy-0129,left,20260501,3,20260501_162013,myy0129_0501_left,myy-0129__20260501-left-3__20260501_162013.npz
myy0129,myy-0129,left,20260501,3,20260501_162237,myy0129_0501_left,myy-0129__20260501-left-3__20260501_162237.npz
myy0129,myy-0129,left,20260501,3,20260501_162500,myy0129_0501_left,myy-0129__20260501-left-3__20260501_162500.npz
myy0129,myy-0129,left,20260501,3,20260501_162724,myy0129_0501_left,myy-0129__20260501-left-3__20260501_162724.npz
myy0129,myy-0129,left,20260501,3,20260501_162945,myy0129_0501_left,myy-0129__20260501-left-3__20260501_162945.npz
myy0129,myy-0129,left,20260501,3,20260501_163227,myy0129_0501_left,myy-0129__20260501-left-3__20260501_163227.npz
myy0129,myy-0129,left,20260501,3,20260501_163455,myy0129_0501_left,myy-0129__20260501-left-3__20260501_163455.npz
myy0129,myy-0129,left,20260501,3,20260501_163714,myy0129_0501_left,myy-0129__20260501-left-3__20260501_163714.npz
myy0129,myy-0129,left,20260501,3,20260501_163933,myy0129_0501_left,myy-0129__20260501-left-3__20260501_163933.npz
myy0129,myy-0129,left,20260501,3,20260501_164150,myy0129_0501_left,myy-0129__20260501-left-3__20260501_164150.npz
myy0129,myy-0129,left,20260501,3,20260501_164450,myy0129_0501_left,myy-0129__20260501-left-3__20260501_164450.npz
myy0129,myy-0129,left,20260501,3,20260501_164728,myy0129_0501_left,myy-0129__20260501-left-3__20260501_164728.npz
myy0129,myy-0129,left,20260501,3,20260501_165003,myy0129_0501_left,myy-0129__20260501-left-3__20260501_165003.npz
myy0129,myy-0129,left,20260501,3,20260501_165228,myy0129_0501_left,myy-0129__20260501-left-3__20260501_165228.npz
myy0129,myy-0129,left,20260501,3,20260501_165455,myy0129_0501_left,myy-0129__20260501-left-3__20260501_165455.npz
myy0129,myy-0129,left,20260501,3,20260501_165724,myy0129_0501_left,myy-0129__20260501-left-3__20260501_165724.npz
myy0129,myy-0129,left,20260501,4,20260501_170915,myy0129_0501_left,myy-0129__20260501-left-4__20260501_170915.npz
myy0129,myy-0129,left,20260501,4,20260501_171137,myy0129_0501_left,myy-0129__20260501-left-4__20260501_171137.npz
myy0129,myy-0129,left,20260501,4,20260501_171354,myy0129_0501_left,myy-0129__20260501-left-4__20260501_171354.npz
myy0129,myy-0129,left,20260501,4,20260501_171612,myy0129_0501_left,myy-0129__20260501-left-4__20260501_171612.npz
myy0129,myy-0129,left,20260501,4,20260501_171833,myy0129_0501_left,myy-0129__20260501-left-4__20260501_171833.npz
myy0129,myy-0129,left,20260501,4,20260501_172052,myy0129_0501_left,myy-0129__20260501-left-4__20260501_172052.npz
myy0129,myy-0129,left,20260501,4,20260501_172307,myy0129_0501_left,myy-0129__20260501-left-4__20260501_172307.npz
myy0129,myy-0129,left,20260501,4,20260501_172534,myy0129_0501_left,myy-0129__20260501-left-4__20260501_172534.npz
myy0129,myy-0129,left,20260501,4,20260501_172752,myy0129_0501_left,myy-0129__20260501-left-4__20260501_172752.npz
myy0129,myy-0129,left,20260501,4,20260501_173008,myy0129_0501_left,myy-0129__20260501-left-4__20260501_173008.npz
myy0129,myy-0129,left,20260501,4,20260501_173223,myy0129_0501_left,myy-0129__20260501-left-4__20260501_173223.npz
myy0129,myy-0129,left,20260501,4,20260501_173440,myy0129_0501_left,myy-0129__20260501-left-4__20260501_173440.npz
myy0129,myy-0129,left,20260501,4,20260501_173713,myy0129_0501_left,myy-0129__20260501-left-4__20260501_173713.npz
myy0129,myy-0129,left,20260501,4,20260501_173934,myy0129_0501_left,myy-0129__20260501-left-4__20260501_173934.npz
myy0129,myy-0129,left,20260501,5,20260501_174842,myy0129_0501_left,myy-0129__20260501-left-5__20260501_174842.npz
myy0129,myy-0129,left,20260501,6,20260501_175320,myy0129_0501_left,myy-0129__20260501-left-6__20260501_175320.npz
myy0129,myy-0129,left,20260501,6,20260501_175541,myy0129_0501_left,myy-0129__20260501-left-6__20260501_175541.npz
myy0129,myy-0129,left,20260501,6,20260501_175804,myy0129_0501_left,myy-0129__20260501-left-6__20260501_175804.npz
myy0129,myy-0129,left,20260501,6,20260501_180041,myy0129_0501_left,myy-0129__20260501-left-6__20260501_180041.npz
myy0129,myy-0129,left,20260501,6,20260501_180345,myy0129_0501_left,myy-0129__20260501-left-6__20260501_180345.npz
myy0129,myy-0129,left,20260501,6,20260501_180722,myy0129_0501_left,myy-0129__20260501-left-6__20260501_180722.npz
myy0129,myy-0129,left,20260501,6,20260501_180941,myy0129_0501_left,myy-0129__20260501-left-6__20260501_180941.npz
myy0129,myy-0129,left,20260501,6,20260501_181206,myy0129_0501_left,myy-0129__20260501-left-6__20260501_181206.npz
myy0129,myy-0129,left,20260501,6,20260501_181421,myy0129_0501_left,myy-0129__20260501-left-6__20260501_181421.npz
myy0129,myy-0129,left,20260501,6,20260501_181641,myy0129_0501_left,myy-0129__20260501-left-6__20260501_181641.npz
myy0129,myy-0129,left,20260501,6,20260501_181901,myy0129_0501_left,myy-0129__20260501-left-6__20260501_181901.npz
myy0129,myy-0129,left,20260501,6,20260501_182117,myy0129_0501_left,myy-0129__20260501-left-6__20260501_182117.npz
myy0129,myy-0129,left,20260501,6,20260501_182332,myy0129_0501_left,myy-0129__20260501-left-6__20260501_182332.npz
myy0129,myy-0129,left,20260501,6,20260501_182548,myy0129_0501_left,myy-0129__20260501-left-6__20260501_182548.npz
myy0129,myy-0129,left,20260501,6,20260501_182804,myy0129_0501_left,myy-0129__20260501-left-6__20260501_182804.npz
myy0129,myy-0129,left,20260501,6,20260501_183026,myy0129_0501_left,myy-0129__20260501-left-6__20260501_183026.npz
myy0129,myy-0129,left,20260501,6,20260501_183242,myy0129_0501_left,myy-0129__20260501-left-6__20260501_183242.npz
myy0129,myy-0129,left,20260501,6,20260501_183458,myy0129_0501_left,myy-0129__20260501-left-6__20260501_183458.npz
myy0129,myy-0129,left,20260501,6,20260501_183713,myy0129_0501_left,myy-0129__20260501-left-6__20260501_183713.npz
myy0129,myy-0129,left,20260501,6,20260501_183933,myy0129_0501_left,myy-0129__20260501-left-6__20260501_183933.npz
myy0129,myy-0129,left,20260501,6,20260501_184149,myy0129_0501_left,myy-0129__20260501-left-6__20260501_184149.npz
myy0129,myy-0129,left,20260501,6,20260501_184406,myy0129_0501_left,myy-0129__20260501-left-6__20260501_184406.npz
myy0129,myy-0129,left,20260501,6,20260501_184622,myy0129_0501_left,myy-0129__20260501-left-6__20260501_184622.npz
myy0129,myy-0129,left,20260501,6,20260501_184838,myy0129_0501_left,myy-0129__20260501-left-6__20260501_184838.npz
myy0129,myy-0129,left,20260501,6,20260501_185057,myy0129_0501_left,myy-0129__20260501-left-6__20260501_185057.npz
myy0129,myy-0129,left,20260501,6,20260501_185314,myy0129_0501_left,myy-0129__20260501-left-6__20260501_185314.npz
myy0129,myy-0129,left,20260501,,20260501_131913,myy0129_0501_left,myy-0129__20260501-left__20260501_131913.npz
myy0129,myy-0129,left,20260501,,20260501_132133,myy0129_0501_left,myy-0129__20260501-left__20260501_132133.npz
myy0129,myy-0129,left,20260501,,20260501_132420,myy0129_0501_left,myy-0129__20260501-left__20260501_132420.npz
myy0129,myy-0129,left,20260501,,20260501_132637,myy0129_0501_left,myy-0129__20260501-left__20260501_132637.npz
myy0129,myy-0129,left,20260501,,20260501_132859,myy0129_0501_left,myy-0129__20260501-left__20260501_132859.npz
myy0129,myy-0129,left,20260501,,20260501_133125,myy0129_0501_left,myy-0129__20260501-left__20260501_133125.npz
myy0129,myy-0129,left,20260501,,20260501_133352,myy0129_0501_left,myy-0129__20260501-left__20260501_133352.npz
myy0129,myy-0129,left,20260501,,20260501_133617,myy0129_0501_left,myy-0129__20260501-left__20260501_133617.npz
myy0129,myy-0129,left,20260501,,20260501_133850,myy0129_0501_left,myy-0129__20260501-left__20260501_133850.npz
myy0129,myy-0129,left,20260501,,20260501_134128,myy0129_0501_left,myy-0129__20260501-left__20260501_134128.npz
myy0129,myy-0129,left,20260501,,20260501_134348,myy0129_0501_left,myy-0129__20260501-left__20260501_134348.npz
myy0129,myy-0129,left,20260501,,20260501_134610,myy0129_0501_left,myy-0129__20260501-left__20260501_134610.npz
myy0129,myy-0129,left,20260501,,20260501_134835,myy0129_0501_left,myy-0129__20260501-left__20260501_134835.npz
myy0129,myy-0129,left,20260501,,20260501_135058,myy0129_0501_left,myy-0129__20260501-left__20260501_135058.npz
myy0129,myy-0129,left,20260501,,20260501_135414,myy0129_0501_left,myy-0129__20260501-left__20260501_135414.npz
myy0129,myy-0129,left,20260501,,20260501_135645,myy0129_0501_left,myy-0129__20260501-left__20260501_135645.npz
myy0129,myy-0129,left,20260501,,20260501_135912,myy0129_0501_left,myy-0129__20260501-left__20260501_135912.npz
myy0129,myy-0129,left,20260501,,20260501_140133,myy0129_0501_left,myy-0129__20260501-left__20260501_140133.npz
myy0129,myy-0129,left,20260501,,20260501_140401,myy0129_0501_left,myy-0129__20260501-left__20260501_140401.npz
myy0129,myy-0129,left,20260501,,20260501_140642,myy0129_0501_left,myy-0129__20260501-left__20260501_140642.npz
myy0129,myy-0129,left,20260503,2,20260503_111725,myy0129_0503_left,myy-0129__20260503-left-2__20260503_111725.npz
myy0129,myy-0129,left,20260503,2,20260503_111941,myy0129_0503_left,myy-0129__20260503-left-2__20260503_111941.npz
myy0129,myy-0129,left,20260503,2,20260503_112157,myy0129_0503_left,myy-0129__20260503-left-2__20260503_112157.npz
myy0129,myy-0129,left,20260503,2,20260503_112413,myy0129_0503_left,myy-0129__20260503-left-2__20260503_112413.npz
myy0129,myy-0129,left,20260503,2,20260503_112629,myy0129_0503_left,myy-0129__20260503-left-2__20260503_112629.npz
myy0129,myy-0129,left,20260503,2,20260503_112846,myy0129_0503_left,myy-0129__20260503-left-2__20260503_112846.npz
myy0129,myy-0129,left,20260503,2,20260503_113120,myy0129_0503_left,myy-0129__20260503-left-2__20260503_113120.npz
myy0129,myy-0129,left,20260503,2,20260503_113338,myy0129_0503_left,myy-0129__20260503-left-2__20260503_113338.npz
myy0129,myy-0129,left,20260503,2,20260503_113558,myy0129_0503_left,myy-0129__20260503-left-2__20260503_113558.npz
myy0129,myy-0129,left,20260503,2,20260503_113814,myy0129_0503_left,myy-0129__20260503-left-2__20260503_113814.npz
myy0129,myy-0129,left,20260503,2,20260503_114033,myy0129_0503_left,myy-0129__20260503-left-2__20260503_114033.npz
myy0129,myy-0129,left,20260503,2,20260503_114250,myy0129_0503_left,myy-0129__20260503-left-2__20260503_114250.npz
myy0129,myy-0129,left,20260503,2,20260503_114613,myy0129_0503_left,myy-0129__20260503-left-2__20260503_114613.npz
myy0129,myy-0129,left,20260503,2,20260503_114827,myy0129_0503_left,myy-0129__20260503-left-2__20260503_114827.npz
myy0129,myy-0129,left,20260503,2,20260503_115116,myy0129_0503_left,myy-0129__20260503-left-2__20260503_115116.npz
myy0129,myy-0129,left,20260503,2,20260503_115341,myy0129_0503_left,myy-0129__20260503-left-2__20260503_115341.npz
myy0129,myy-0129,left,20260503,2,20260503_115558,myy0129_0503_left,myy-0129__20260503-left-2__20260503_115558.npz
myy0129,myy-0129,left,20260503,2,20260503_115816,myy0129_0503_left,myy-0129__20260503-left-2__20260503_115816.npz
myy0129,myy-0129,left,20260503,3,20260503_130834,myy0129_0503_left,myy-0129__20260503-left-3__20260503_130834.npz
myy0129,myy-0129,left,20260503,3,20260503_131048,myy0129_0503_left,myy-0129__20260503-left-3__20260503_131048.npz
myy0129,myy-0129,left,20260503,3,20260503_131304,myy0129_0503_left,myy-0129__20260503-left-3__20260503_131304.npz
myy0129,myy-0129,left,20260503,3,20260503_131519,myy0129_0503_left,myy-0129__20260503-left-3__20260503_131519.npz
myy0129,myy-0129,left,20260503,3,20260503_131735,myy0129_0503_left,myy-0129__20260503-left-3__20260503_131735.npz
myy0129,myy-0129,left,20260503,3,20260503_131958,myy0129_0503_left,myy-0129__20260503-left-3__20260503_131958.npz
myy0129,myy-0129,left,20260503,3,20260503_132220,myy0129_0503_left,myy-0129__20260503-left-3__20260503_132220.npz
myy0129,myy-0129,left,20260503,3,20260503_132437,myy0129_0503_left,myy-0129__20260503-left-3__20260503_132437.npz
myy0129,myy-0129,left,20260503,3,20260503_132657,myy0129_0503_left,myy-0129__20260503-left-3__20260503_132657.npz
myy0129,myy-0129,left,20260503,3,20260503_132915,myy0129_0503_left,myy-0129__20260503-left-3__20260503_132915.npz
myy0129,myy-0129,left,20260503,3,20260503_133145,myy0129_0503_left,myy-0129__20260503-left-3__20260503_133145.npz
myy0129,myy-0129,left,20260503,3,20260503_133426,myy0129_0503_left,myy-0129__20260503-left-3__20260503_133426.npz
myy0129,myy-0129,left,20260503,3,20260503_133646,myy0129_0503_left,myy-0129__20260503-left-3__20260503_133646.npz
myy0129,myy-0129,left,20260503,3,20260503_133912,myy0129_0503_left,myy-0129__20260503-left-3__20260503_133912.npz
myy0129,myy-0129,left,20260503,3,20260503_134128,myy0129_0503_left,myy-0129__20260503-left-3__20260503_134128.npz
myy0129,myy-0129,left,20260503,3,20260503_134345,myy0129_0503_left,myy-0129__20260503-left-3__20260503_134345.npz
myy0129,myy-0129,left,20260503,3,20260503_134602,myy0129_0503_left,myy-0129__20260503-left-3__20260503_134602.npz
myy0129,myy-0129,left,20260503,3,20260503_134821,myy0129_0503_left,myy-0129__20260503-left-3__20260503_134821.npz
myy0129,myy-0129,left,20260503,3,20260503_135043,myy0129_0503_left,myy-0129__20260503-left-3__20260503_135043.npz
myy0129,myy-0129,left,20260503,3,20260503_135300,myy0129_0503_left,myy-0129__20260503-left-3__20260503_135300.npz
myy0129,myy-0129,left,20260503,4,20260503_143629,myy0129_0503_left,myy-0129__20260503-left-4__20260503_143629.npz
myy0129,myy-0129,left,20260503,4,20260503_143847,myy0129_0503_left,myy-0129__20260503-left-4__20260503_143847.npz
myy0129,myy-0129,left,20260503,4,20260503_144108,myy0129_0503_left,myy-0129__20260503-left-4__20260503_144108.npz
myy0129,myy-0129,left,20260503,4,20260503_144401,myy0129_0503_left,myy-0129__20260503-left-4__20260503_144401.npz
myy0129,myy-0129,left,20260503,4,20260503_144636,myy0129_0503_left,myy-0129__20260503-left-4__20260503_144636.npz
myy0129,myy-0129,left,20260503,4,20260503_144855,myy0129_0503_left,myy-0129__20260503-left-4__20260503_144855.npz
myy0129,myy-0129,left,20260503,4,20260503_145110,myy0129_0503_left,myy-0129__20260503-left-4__20260503_145110.npz
myy0129,myy-0129,left,20260503,4,20260503_145327,myy0129_0503_left,myy-0129__20260503-left-4__20260503_145327.npz
myy0129,myy-0129,left,20260503,4,20260503_145541,myy0129_0503_left,myy-0129__20260503-left-4__20260503_145541.npz
myy0129,myy-0129,left,20260503,4,20260503_145808,myy0129_0503_left,myy-0129__20260503-left-4__20260503_145808.npz
myy0129,myy-0129,left,20260503,4,20260503_150023,myy0129_0503_left,myy-0129__20260503-left-4__20260503_150023.npz
myy0129,myy-0129,left,20260503,4,20260503_150246,myy0129_0503_left,myy-0129__20260503-left-4__20260503_150246.npz
myy0129,myy-0129,left,20260503,4,20260503_150513,myy0129_0503_left,myy-0129__20260503-left-4__20260503_150513.npz
myy0129,myy-0129,left,20260503,4,20260503_150732,myy0129_0503_left,myy-0129__20260503-left-4__20260503_150732.npz
myy0129,myy-0129,left,20260503,4,20260503_150951,myy0129_0503_left,myy-0129__20260503-left-4__20260503_150951.npz
myy0129,myy-0129,left,20260503,4,20260503_151208,myy0129_0503_left,myy-0129__20260503-left-4__20260503_151208.npz
myy0129,myy-0129,left,20260503,4,20260503_151428,myy0129_0503_left,myy-0129__20260503-left-4__20260503_151428.npz
myy0129,myy-0129,left,20260503,4,20260503_151647,myy0129_0503_left,myy-0129__20260503-left-4__20260503_151647.npz
myy0129,myy-0129,left,20260503,4,20260503_151906,myy0129_0503_left,myy-0129__20260503-left-4__20260503_151906.npz
myy0129,myy-0129,left,20260503,4,20260503_152120,myy0129_0503_left,myy-0129__20260503-left-4__20260503_152120.npz
myy0129,myy-0129,left,20260503,5,20260503_154218,myy0129_0503_left,myy-0129__20260503-left-5__20260503_154218.npz
myy0129,myy-0129,left,20260503,5,20260503_154432,myy0129_0503_left,myy-0129__20260503-left-5__20260503_154432.npz
myy0129,myy-0129,left,20260503,5,20260503_154652,myy0129_0503_left,myy-0129__20260503-left-5__20260503_154652.npz
myy0129,myy-0129,left,20260503,5,20260503_154907,myy0129_0503_left,myy-0129__20260503-left-5__20260503_154907.npz
myy0129,myy-0129,left,20260503,5,20260503_155123,myy0129_0503_left,myy-0129__20260503-left-5__20260503_155123.npz
myy0129,myy-0129,left,20260503,5,20260503_155341,myy0129_0503_left,myy-0129__20260503-left-5__20260503_155341.npz
myy0129,myy-0129,left,20260503,5,20260503_155559,myy0129_0503_left,myy-0129__20260503-left-5__20260503_155559.npz
myy0129,myy-0129,left,20260503,5,20260503_155816,myy0129_0503_left,myy-0129__20260503-left-5__20260503_155816.npz
myy0129,myy-0129,left,20260503,5,20260503_160033,myy0129_0503_left,myy-0129__20260503-left-5__20260503_160033.npz
myy0129,myy-0129,left,20260503,5,20260503_160248,myy0129_0503_left,myy-0129__20260503-left-5__20260503_160248.npz
myy0129,myy-0129,left,20260503,5,20260503_160504,myy0129_0503_left,myy-0129__20260503-left-5__20260503_160504.npz
myy0129,myy-0129,left,20260503,5,20260503_160728,myy0129_0503_left,myy-0129__20260503-left-5__20260503_160728.npz
myy0129,myy-0129,left,20260503,5,20260503_160945,myy0129_0503_left,myy-0129__20260503-left-5__20260503_160945.npz
myy0129,myy-0129,left,20260503,5,20260503_161201,myy0129_0503_left,myy-0129__20260503-left-5__20260503_161201.npz
myy0129,myy-0129,left,20260503,6,20260503_163037,myy0129_0503_left,myy-0129__20260503-left-6__20260503_163037.npz
myy0129,myy-0129,left,20260503,6,20260503_163256,myy0129_0503_left,myy-0129__20260503-left-6__20260503_163256.npz
myy0129,myy-0129,left,20260503,6,20260503_163512,myy0129_0503_left,myy-0129__20260503-left-6__20260503_163512.npz
myy0129,myy-0129,left,20260503,6,20260503_163729,myy0129_0503_left,myy-0129__20260503-left-6__20260503_163729.npz
myy0129,myy-0129,left,20260503,6,20260503_163944,myy0129_0503_left,myy-0129__20260503-left-6__20260503_163944.npz
myy0129,myy-0129,left,20260503,6,20260503_164159,myy0129_0503_left,myy-0129__20260503-left-6__20260503_164159.npz
myy0129,myy-0129,left,20260503,6,20260503_164420,myy0129_0503_left,myy-0129__20260503-left-6__20260503_164420.npz
myy0129,myy-0129,left,20260503,6,20260503_164637,myy0129_0503_left,myy-0129__20260503-left-6__20260503_164637.npz
myy0129,myy-0129,left,20260503,6,20260503_164916,myy0129_0503_left,myy-0129__20260503-left-6__20260503_164916.npz
myy0129,myy-0129,left,20260503,6,20260503_165136,myy0129_0503_left,myy-0129__20260503-left-6__20260503_165136.npz
myy0129,myy-0129,left,20260503,6,20260503_165353,myy0129_0503_left,myy-0129__20260503-left-6__20260503_165353.npz
myy0129,myy-0129,left,20260503,6,20260503_165608,myy0129_0503_left,myy-0129__20260503-left-6__20260503_165608.npz
myy0129,myy-0129,left,20260503,6,20260503_165828,myy0129_0503_left,myy-0129__20260503-left-6__20260503_165828.npz
myy0129,myy-0129,left,20260503,6,20260503_170043,myy0129_0503_left,myy-0129__20260503-left-6__20260503_170043.npz
myy0129,myy-0129,left,20260503,6,20260503_170258,myy0129_0503_left,myy-0129__20260503-left-6__20260503_170258.npz
myy0129,myy-0129,left,20260503,6,20260503_170516,myy0129_0503_left,myy-0129__20260503-left-6__20260503_170516.npz
myy0129,myy-0129,left,20260503,7,20260503_171327,myy0129_0503_left,myy-0129__20260503-left-7__20260503_171327.npz
myy0129,myy-0129,left,20260503,7,20260503_171549,myy0129_0503_left,myy-0129__20260503-left-7__20260503_171549.npz
myy0129,myy-0129,left,20260503,7,20260503_171819,myy0129_0503_left,myy-0129__20260503-left-7__20260503_171819.npz
myy0129,myy-0129,left,20260503,7,20260503_172036,myy0129_0503_left,myy-0129__20260503-left-7__20260503_172036.npz
myy0129,myy-0129,left,20260503,7,20260503_172253,myy0129_0503_left,myy-0129__20260503-left-7__20260503_172253.npz
myy0129,myy-0129,left,20260503,7,20260503_172508,myy0129_0503_left,myy-0129__20260503-left-7__20260503_172508.npz
myy0129,myy-0129,left,20260503,7,20260503_172732,myy0129_0503_left,myy-0129__20260503-left-7__20260503_172732.npz
myy0129,myy-0129,left,20260503,7,20260503_172948,myy0129_0503_left,myy-0129__20260503-left-7__20260503_172948.npz
myy0129,myy-0129,left,20260503,7,20260503_173202,myy0129_0503_left,myy-0129__20260503-left-7__20260503_173202.npz
myy0129,myy-0129,left,20260503,7,20260503_173419,myy0129_0503_left,myy-0129__20260503-left-7__20260503_173419.npz
myy0129,myy-0129,left,20260503,7,20260503_173647,myy0129_0503_left,myy-0129__20260503-left-7__20260503_173647.npz
myy0129,myy-0129,left,20260503,7,20260503_173908,myy0129_0503_left,myy-0129__20260503-left-7__20260503_173908.npz
myy0129,myy-0129,left,20260503,7,20260503_174123,myy0129_0503_left,myy-0129__20260503-left-7__20260503_174123.npz
myy0129,myy-0129,left,20260503,8,20260503_182149,myy0129_0503_left,myy-0129__20260503-left-8__20260503_182149.npz
myy0129,myy-0129,left,20260503,8,20260503_182410,myy0129_0503_left,myy-0129__20260503-left-8__20260503_182410.npz
myy0129,myy-0129,left,20260503,8,20260503_182626,myy0129_0503_left,myy-0129__20260503-left-8__20260503_182626.npz
myy0129,myy-0129,left,20260503,8,20260503_182842,myy0129_0503_left,myy-0129__20260503-left-8__20260503_182842.npz
myy0129,myy-0129,left,20260503,8,20260503_183059,myy0129_0503_left,myy-0129__20260503-left-8__20260503_183059.npz
myy0129,myy-0129,left,20260503,8,20260503_183317,myy0129_0503_left,myy-0129__20260503-left-8__20260503_183317.npz
myy0129,myy-0129,left,20260503,8,20260503_183532,myy0129_0503_left,myy-0129__20260503-left-8__20260503_183532.npz
myy0129,myy-0129,left,20260503,,20260503_103251,myy0129_0503_left,myy-0129__20260503-left__20260503_103251.npz
myy0129,myy-0129,left,20260503,,20260503_103515,myy0129_0503_left,myy-0129__20260503-left__20260503_103515.npz
myy0129,myy-0129,left,20260503,,20260503_103732,myy0129_0503_left,myy-0129__20260503-left__20260503_103732.npz
myy0129,myy-0129,left,20260503,,20260503_103956,myy0129_0503_left,myy-0129__20260503-left__20260503_103956.npz
myy0129,myy-0129,left,20260503,,20260503_104214,myy0129_0503_left,myy-0129__20260503-left__20260503_104214.npz
myy0129,myy-0129,left,20260503,,20260503_104436,myy0129_0503_left,myy-0129__20260503-left__20260503_104436.npz
myy0129,myy-0129,left,20260503,,20260503_104650,myy0129_0503_left,myy-0129__20260503-left__20260503_104650.npz
myy0129,myy-0129,left,20260503,,20260503_104908,myy0129_0503_left,myy-0129__20260503-left__20260503_104908.npz
myy0129,myy-0129,left,20260503,,20260503_105254,myy0129_0503_left,myy-0129__20260503-left__20260503_105254.npz
myy0129,myy-0129,left,20260503,,20260503_105522,myy0129_0503_left,myy-0129__20260503-left__20260503_105522.npz
myy0129,myy-0129,left,20260503,,20260503_105742,myy0129_0503_left,myy-0129__20260503-left__20260503_105742.npz
myy0129,myy-0129,left,20260503,,20260503_105956,myy0129_0503_left,myy-0129__20260503-left__20260503_105956.npz
myy0129,myy-0129,left,20260504,2_v33,20260504_115000,myy0129_0504_left,myy-0129__20260504-left-2_v33__20260504_115000.npz
myy0129,myy-0129,left,20260504,2_v33,20260504_115224,myy0129_0504_left,myy-0129__20260504-left-2_v33__20260504_115224.npz
myy0129,myy-0129,left,20260504,2_v33,20260504_115448,myy0129_0504_left,myy-0129__20260504-left-2_v33__20260504_115448.npz
myy0129,myy-0129,left,20260504,2_v33,20260504_115704,myy0129_0504_left,myy-0129__20260504-left-2_v33__20260504_115704.npz
myy0129,myy-0129,left,20260504,2_v33,20260504_120122,myy0129_0504_left,myy-0129__20260504-left-2_v33__20260504_120122.npz
myy0129,myy-0129,left,20260504,2_v33,20260504_120425,myy0129_0504_left,myy-0129__20260504-left-2_v33__20260504_120425.npz
myy0129,myy-0129,left,20260504,2_v33,20260504_120650,myy0129_0504_left,myy-0129__20260504-left-2_v33__20260504_120650.npz
myy0129,myy-0129,left,20260504,2_v33,20260504_120921,myy0129_0504_left,myy-0129__20260504-left-2_v33__20260504_120921.npz
myy0129,myy-0129,left,20260504,2_v33,20260504_121145,myy0129_0504_left,myy-0129__20260504-left-2_v33__20260504_121145.npz
myy0129,myy-0129,left,20260504,2_v33,20260504_121429,myy0129_0504_left,myy-0129__20260504-left-2_v33__20260504_121429.npz
myy0129,myy-0129,left,20260504,2_v33,20260504_121701,myy0129_0504_left,myy-0129__20260504-left-2_v33__20260504_121701.npz
myy0129,myy-0129,left,20260504,2_v33,20260504_121924,myy0129_0504_left,myy-0129__20260504-left-2_v33__20260504_121924.npz
myy0129,myy-0129,left,20260504,2_v33,20260504_122217,myy0129_0504_left,myy-0129__20260504-left-2_v33__20260504_122217.npz
myy0129,myy-0129,left,20260504,2_v71,20260504_154430,myy0129_0504_left,myy-0129__20260504-left-2_v71__20260504_154430.npz
myy0129,myy-0129,left,20260504,2_v71,20260504_154648,myy0129_0504_left,myy-0129__20260504-left-2_v71__20260504_154648.npz
myy0129,myy-0129,left,20260504,2_v71,20260504_154908,myy0129_0504_left,myy-0129__20260504-left-2_v71__20260504_154908.npz
myy0129,myy-0129,left,20260504,2_v71,20260504_155124,myy0129_0504_left,myy-0129__20260504-left-2_v71__20260504_155124.npz
myy0129,myy-0129,left,20260504,2_v71,20260504_155340,myy0129_0504_left,myy-0129__20260504-left-2_v71__20260504_155340.npz
myy0129,myy-0129,left,20260504,2_v71,20260504_155602,myy0129_0504_left,myy-0129__20260504-left-2_v71__20260504_155602.npz
myy0129,myy-0129,left,20260504,2_v71,20260504_155826,myy0129_0504_left,myy-0129__20260504-left-2_v71__20260504_155826.npz
myy0129,myy-0129,left,20260504,2_v71,20260504_160102,myy0129_0504_left,myy-0129__20260504-left-2_v71__20260504_160102.npz
myy0129,myy-0129,left,20260504,3_v33,20260504_130807,myy0129_0504_left,myy-0129__20260504-left-3_v33__20260504_130807.npz
myy0129,myy-0129,left,20260504,3_v33,20260504_131023,myy0129_0504_left,myy-0129__20260504-left-3_v33__20260504_131023.npz
myy0129,myy-0129,left,20260504,3_v33,20260504_131241,myy0129_0504_left,myy-0129__20260504-left-3_v33__20260504_131241.npz
myy0129,myy-0129,left,20260504,3_v33,20260504_131459,myy0129_0504_left,myy-0129__20260504-left-3_v33__20260504_131459.npz
myy0129,myy-0129,left,20260504,3_v33,20260504_131719,myy0129_0504_left,myy-0129__20260504-left-3_v33__20260504_131719.npz
myy0129,myy-0129,left,20260504,3_v33,20260504_131939,myy0129_0504_left,myy-0129__20260504-left-3_v33__20260504_131939.npz
myy0129,myy-0129,left,20260504,3_v33,20260504_132203,myy0129_0504_left,myy-0129__20260504-left-3_v33__20260504_132203.npz
myy0129,myy-0129,left,20260504,3_v33,20260504_132422,myy0129_0504_left,myy-0129__20260504-left-3_v33__20260504_132422.npz
myy0129,myy-0129,left,20260504,3_v33,20260504_132642,myy0129_0504_left,myy-0129__20260504-left-3_v33__20260504_132642.npz
myy0129,myy-0129,left,20260504,3_v33,20260504_132900,myy0129_0504_left,myy-0129__20260504-left-3_v33__20260504_132900.npz
myy0129,myy-0129,left,20260504,3_v33,20260504_133134,myy0129_0504_left,myy-0129__20260504-left-3_v33__20260504_133134.npz
myy0129,myy-0129,left,20260504,3_v33,20260504_133353,myy0129_0504_left,myy-0129__20260504-left-3_v33__20260504_133353.npz
myy0129,myy-0129,left,20260504,3_v33,20260504_133610,myy0129_0504_left,myy-0129__20260504-left-3_v33__20260504_133610.npz
myy0129,myy-0129,left,20260504,3_v33,20260504_133843,myy0129_0504_left,myy-0129__20260504-left-3_v33__20260504_133843.npz
myy0129,myy-0129,left,20260504,3_v33,20260504_134100,myy0129_0504_left,myy-0129__20260504-left-3_v33__20260504_134100.npz
myy0129,myy-0129,left,20260504,3_v33,20260504_134318,myy0129_0504_left,myy-0129__20260504-left-3_v33__20260504_134318.npz
myy0129,myy-0129,left,20260504,3_v33,20260504_134536,myy0129_0504_left,myy-0129__20260504-left-3_v33__20260504_134536.npz
myy0129,myy-0129,left,20260504,3_v33,20260504_134802,myy0129_0504_left,myy-0129__20260504-left-3_v33__20260504_134802.npz
myy0129,myy-0129,left,20260504,3_v33,20260504_135021,myy0129_0504_left,myy-0129__20260504-left-3_v33__20260504_135021.npz
myy0129,myy-0129,left,20260504,3_v33,20260504_135240,myy0129_0504_left,myy-0129__20260504-left-3_v33__20260504_135240.npz
myy0129,myy-0129,left,20260504,3_v71,20260504_160539,myy0129_0504_left,myy-0129__20260504-left-3_v71__20260504_160539.npz
myy0129,myy-0129,left,20260504,3_v71,20260504_160807,myy0129_0504_left,myy-0129__20260504-left-3_v71__20260504_160807.npz
myy0129,myy-0129,left,20260504,3_v71,20260504_161026,myy0129_0504_left,myy-0129__20260504-left-3_v71__20260504_161026.npz
myy0129,myy-0129,left,20260504,3_v71,20260504_161242,myy0129_0504_left,myy-0129__20260504-left-3_v71__20260504_161242.npz
myy0129,myy-0129,left,20260504,3_v71,20260504_161511,myy0129_0504_left,myy-0129__20260504-left-3_v71__20260504_161511.npz
myy0129,myy-0129,left,20260504,3_v71,20260504_161734,myy0129_0504_left,myy-0129__20260504-left-3_v71__20260504_161734.npz
myy0129,myy-0129,left,20260504,3_v71,20260504_161958,myy0129_0504_left,myy-0129__20260504-left-3_v71__20260504_161958.npz
myy0129,myy-0129,left,20260504,4_v33,20260504_140924,myy0129_0504_left,myy-0129__20260504-left-4_v33__20260504_140924.npz
myy0129,myy-0129,left,20260504,4_v33,20260504_141212,myy0129_0504_left,myy-0129__20260504-left-4_v33__20260504_141212.npz
myy0129,myy-0129,left,20260504,4_v33,20260504_141445,myy0129_0504_left,myy-0129__20260504-left-4_v33__20260504_141445.npz
myy0129,myy-0129,left,20260504,4_v33,20260504_141707,myy0129_0504_left,myy-0129__20260504-left-4_v33__20260504_141707.npz
myy0129,myy-0129,left,20260504,4_v33,20260504_141930,myy0129_0504_left,myy-0129__20260504-left-4_v33__20260504_141930.npz
myy0129,myy-0129,left,20260504,4_v33,20260504_142157,myy0129_0504_left,myy-0129__20260504-left-4_v33__20260504_142157.npz
myy0129,myy-0129,left,20260504,4_v33,20260504_142415,myy0129_0504_left,myy-0129__20260504-left-4_v33__20260504_142415.npz
myy0129,myy-0129,left,20260504,4_v33,20260504_142651,myy0129_0504_left,myy-0129__20260504-left-4_v33__20260504_142651.npz
myy0129,myy-0129,left,20260504,4_v33,20260504_142909,myy0129_0504_left,myy-0129__20260504-left-4_v33__20260504_142909.npz
myy0129,myy-0129,left,20260504,4_v33,20260504_143125,myy0129_0504_left,myy-0129__20260504-left-4_v33__20260504_143125.npz
myy0129,myy-0129,left,20260504,4_v33,20260504_143343,myy0129_0504_left,myy-0129__20260504-left-4_v33__20260504_143343.npz
myy0129,myy-0129,left,20260504,4_v33,20260504_143559,myy0129_0504_left,myy-0129__20260504-left-4_v33__20260504_143559.npz
myy0129,myy-0129,left,20260504,4_v71,20260504_163533,myy0129_0504_left,myy-0129__20260504-left-4_v71__20260504_163533.npz
myy0129,myy-0129,left,20260504,4_v71,20260504_163813,myy0129_0504_left,myy-0129__20260504-left-4_v71__20260504_163813.npz
myy0129,myy-0129,left,20260504,4_v71,20260504_164102,myy0129_0504_left,myy-0129__20260504-left-4_v71__20260504_164102.npz
myy0129,myy-0129,left,20260504,4_v71,20260504_164323,myy0129_0504_left,myy-0129__20260504-left-4_v71__20260504_164323.npz
myy0129,myy-0129,left,20260504,4_v71,20260504_164543,myy0129_0504_left,myy-0129__20260504-left-4_v71__20260504_164543.npz
myy0129,myy-0129,left,20260504,4_v71,20260504_164808,myy0129_0504_left,myy-0129__20260504-left-4_v71__20260504_164808.npz
myy0129,myy-0129,left,20260504,4_v71,20260504_165029,myy0129_0504_left,myy-0129__20260504-left-4_v71__20260504_165029.npz
myy0129,myy-0129,left,20260504,4_v71,20260504_165301,myy0129_0504_left,myy-0129__20260504-left-4_v71__20260504_165301.npz
myy0129,myy-0129,left,20260504,4_v71,20260504_165600,myy0129_0504_left,myy-0129__20260504-left-4_v71__20260504_165600.npz
myy0129,myy-0129,left,20260504,5_v71,20260504_170053,myy0129_0504_left,myy-0129__20260504-left-5_v71__20260504_170053.npz
myy0129,myy-0129,left,20260504,5_v71,20260504_170320,myy0129_0504_left,myy-0129__20260504-left-5_v71__20260504_170320.npz
myy0129,myy-0129,left,20260504,5_v71,20260504_170536,myy0129_0504_left,myy-0129__20260504-left-5_v71__20260504_170536.npz
myy0129,myy-0129,left,20260504,5_v71,20260504_170754,myy0129_0504_left,myy-0129__20260504-left-5_v71__20260504_170754.npz
myy0129,myy-0129,left,20260504,5_v71,20260504_171012,myy0129_0504_left,myy-0129__20260504-left-5_v71__20260504_171012.npz
myy0129,myy-0129,left,20260504,5_v71,20260504_171232,myy0129_0504_left,myy-0129__20260504-left-5_v71__20260504_171232.npz
myy0129,myy-0129,left,20260504,5_v71,20260504_171450,myy0129_0504_left,myy-0129__20260504-left-5_v71__20260504_171450.npz
myy0129,myy-0129,left,20260504,5_v71,20260504_171709,myy0129_0504_left,myy-0129__20260504-left-5_v71__20260504_171709.npz
myy0129,myy-0129,left,20260504,6_v71,20260504_172328,myy0129_0504_left,myy-0129__20260504-left-6_v71__20260504_172328.npz
myy0129,myy-0129,left,20260504,6_v71,20260504_172550,myy0129_0504_left,myy-0129__20260504-left-6_v71__20260504_172550.npz
myy0129,myy-0129,left,20260504,6_v71,20260504_172807,myy0129_0504_left,myy-0129__20260504-left-6_v71__20260504_172807.npz
myy0129,myy-0129,left,20260504,6_v71,20260504_173024,myy0129_0504_left,myy-0129__20260504-left-6_v71__20260504_173024.npz
myy0129,myy-0129,left,20260504,6_v71,20260504_173241,myy0129_0504_left,myy-0129__20260504-left-6_v71__20260504_173241.npz
myy0129,myy-0129,left,20260504,6_v71,20260504_173501,myy0129_0504_left,myy-0129__20260504-left-6_v71__20260504_173501.npz
myy0129,myy-0129,left,20260504,6_v71,20260504_173720,myy0129_0504_left,myy-0129__20260504-left-6_v71__20260504_173720.npz
myy0129,myy-0129,left,20260504,6_v71,20260504_173944,myy0129_0504_left,myy-0129__20260504-left-6_v71__20260504_173944.npz
myy0129,myy-0129,left,20260504,6_v71,20260504_174232,myy0129_0504_left,myy-0129__20260504-left-6_v71__20260504_174232.npz
myy0129,myy-0129,left,20260504,6_v71,20260504_174455,myy0129_0504_left,myy-0129__20260504-left-6_v71__20260504_174455.npz
myy0129,myy-0129,left,20260504,7_v71,20260504_175246,myy0129_0504_left,myy-0129__20260504-left-7_v71__20260504_175246.npz
myy0129,myy-0129,left,20260504,7_v71,20260504_175503,myy0129_0504_left,myy-0129__20260504-left-7_v71__20260504_175503.npz
myy0129,myy-0129,left,20260504,7_v71,20260504_175743,myy0129_0504_left,myy-0129__20260504-left-7_v71__20260504_175743.npz
myy0129,myy-0129,left,20260504,7_v71,20260504_180012,myy0129_0504_left,myy-0129__20260504-left-7_v71__20260504_180012.npz
myy0129,myy-0129,left,20260504,8_v71,20260504_180933,myy0129_0504_left,myy-0129__20260504-left-8_v71__20260504_180933.npz
myy0129,myy-0129,left,20260504,8_v71,20260504_181152,myy0129_0504_left,myy-0129__20260504-left-8_v71__20260504_181152.npz
myy0129,myy-0129,left,20260504,8_v71,20260504_181416,myy0129_0504_left,myy-0129__20260504-left-8_v71__20260504_181416.npz
myy0129,myy-0129,left,20260504,8_v71,20260504_181655,myy0129_0504_left,myy-0129__20260504-left-8_v71__20260504_181655.npz
myy0129,myy-0129,left,20260504,8_v71,20260504_181912,myy0129_0504_left,myy-0129__20260504-left-8_v71__20260504_181912.npz
myy0129,myy-0129,left,20260504,8_v71,20260504_182129,myy0129_0504_left,myy-0129__20260504-left-8_v71__20260504_182129.npz
myy0129,myy-0129,left_v33,20260504,,20260504_112522,myy0129_0504_left,myy-0129__20260504-left_v33__20260504_112522.npz
myy0129,myy-0129,left_v33,20260504,,20260504_112747,myy0129_0504_left,myy-0129__20260504-left_v33__20260504_112747.npz
myy0129,myy-0129,left_v33,20260504,,20260504_113010,myy0129_0504_left,myy-0129__20260504-left_v33__20260504_113010.npz
myy0129,myy-0129,left_v33,20260504,,20260504_113307,myy0129_0504_left,myy-0129__20260504-left_v33__20260504_113307.npz
myy0129,myy-0129,left_v33,20260504,,20260504_113526,myy0129_0504_left,myy-0129__20260504-left_v33__20260504_113526.npz
myy0129,myy-0129,left_v33,20260504,,20260504_113809,myy0129_0504_left,myy-0129__20260504-left_v33__20260504_113809.npz
myy0129,myy-0129,left_v33,20260504,,20260504_114027,myy0129_0504_left,myy-0129__20260504-left_v33__20260504_114027.npz
myy0129,myy-0129,left_v71,20260504,,20260504_145918,myy0129_0504_left,myy-0129__20260504-left_v71__20260504_145918.npz
myy0129,myy-0129,left_v71,20260504,,20260504_150136,myy0129_0504_left,myy-0129__20260504-left_v71__20260504_150136.npz
myy0129,myy-0129,left_v71,20260504,,20260504_150356,myy0129_0504_left,myy-0129__20260504-left_v71__20260504_150356.npz
myy0129,myy-0129,left_v71,20260504,,20260504_150632,myy0129_0504_left,myy-0129__20260504-left_v71__20260504_150632.npz
myy0129,myy-0129,left_v71,20260504,,20260504_150908,myy0129_0504_left,myy-0129__20260504-left_v71__20260504_150908.npz
myy0129,myy-0129,left_v71,20260504,,20260504_151133,myy0129_0504_left,myy-0129__20260504-left_v71__20260504_151133.npz
myy0129,myy-0129,left_v71,20260504,,20260504_151352,myy0129_0504_left,myy-0129__20260504-left_v71__20260504_151352.npz
myy0129,myy-0129,left_v71,20260504,,20260504_151629,myy0129_0504_left,myy-0129__20260504-left_v71__20260504_151629.npz
myy0129,myy-0129,left_v71,20260504,,20260504_151850,myy0129_0504_left,myy-0129__20260504-left_v71__20260504_151850.npz
myy0129,myy-0129,left_v71,20260504,,20260504_152109,myy0129_0504_left,myy-0129__20260504-left_v71__20260504_152109.npz
myy0129,myy-0129,left_v71,20260504,,20260504_152326,myy0129_0504_left,myy-0129__20260504-left_v71__20260504_152326.npz
myy0129,myy-0129,left_v71,20260504,,20260504_152556,myy0129_0504_left,myy-0129__20260504-left_v71__20260504_152556.npz
myy0129,myy-0129,left_v71,20260504,,20260504_152817,myy0129_0504_left,myy-0129__20260504-left_v71__20260504_152817.npz
myy0129,myy-0129,left_v71,20260504,,20260504_153036,myy0129_0504_left,myy-0129__20260504-left_v71__20260504_153036.npz
myy0129,myy-0129,left_v71,20260504,,20260504_153255,myy0129_0504_left,myy-0129__20260504-left_v71__20260504_153255.npz
myy0129,myy-0129,left_v71,20260504,,20260504_153518,myy0129_0504_left,myy-0129__20260504-left_v71__20260504_153518.npz
myy0129,myy-0129,left,20260505,2,20260505_111819,myy0129_0505_left,myy-0129__20260505-left-2__20260505_111819.npz
myy0129,myy-0129,left,20260505,2,20260505_112036,myy0129_0505_left,myy-0129__20260505-left-2__20260505_112036.npz
myy0129,myy-0129,left,20260505,2,20260505_112319,myy0129_0505_left,myy-0129__20260505-left-2__20260505_112319.npz
myy0129,myy-0129,left,20260505,2,20260505_112535,myy0129_0505_left,myy-0129__20260505-left-2__20260505_112535.npz
myy0129,myy-0129,left,20260505,2,20260505_113148,myy0129_0505_left,myy-0129__20260505-left-2__20260505_113148.npz
myy0129,myy-0129,left,20260505,2,20260505_113403,myy0129_0505_left,myy-0129__20260505-left-2__20260505_113403.npz
myy0129,myy-0129,left,20260505,2,20260505_113622,myy0129_0505_left,myy-0129__20260505-left-2__20260505_113622.npz
myy0129,myy-0129,left,20260505,2,20260505_113847,myy0129_0505_left,myy-0129__20260505-left-2__20260505_113847.npz
myy0129,myy-0129,left,20260505,2,20260505_114101,myy0129_0505_left,myy-0129__20260505-left-2__20260505_114101.npz
myy0129,myy-0129,left,20260505,2,20260505_114326,myy0129_0505_left,myy-0129__20260505-left-2__20260505_114326.npz
myy0129,myy-0129,left,20260505,2,20260505_114539,myy0129_0505_left,myy-0129__20260505-left-2__20260505_114539.npz
myy0129,myy-0129,left,20260505,2,20260505_114806,myy0129_0505_left,myy-0129__20260505-left-2__20260505_114806.npz
myy0129,myy-0129,left,20260505,2,20260505_115038,myy0129_0505_left,myy-0129__20260505-left-2__20260505_115038.npz
myy0129,myy-0129,left,20260505,2,20260505_115251,myy0129_0505_left,myy-0129__20260505-left-2__20260505_115251.npz
myy0129,myy-0129,left,20260505,2,20260505_115508,myy0129_0505_left,myy-0129__20260505-left-2__20260505_115508.npz
myy0129,myy-0129,left,20260505,2,20260505_115722,myy0129_0505_left,myy-0129__20260505-left-2__20260505_115722.npz
myy0129,myy-0129,left,20260505,2,20260505_115936,myy0129_0505_left,myy-0129__20260505-left-2__20260505_115936.npz
myy0129,myy-0129,left,20260505,2,20260505_120148,myy0129_0505_left,myy-0129__20260505-left-2__20260505_120148.npz
myy0129,myy-0129,left,20260505,2,20260505_120402,myy0129_0505_left,myy-0129__20260505-left-2__20260505_120402.npz
myy0129,myy-0129,left,20260505,2,20260505_120616,myy0129_0505_left,myy-0129__20260505-left-2__20260505_120616.npz
myy0129,myy-0129,left,20260505,3,20260505_132432,myy0129_0505_left,myy-0129__20260505-left-3__20260505_132432.npz
myy0129,myy-0129,left,20260505,3,20260505_132648,myy0129_0505_left,myy-0129__20260505-left-3__20260505_132648.npz
myy0129,myy-0129,left,20260505,3,20260505_132907,myy0129_0505_left,myy-0129__20260505-left-3__20260505_132907.npz
myy0129,myy-0129,left,20260505,3,20260505_133121,myy0129_0505_left,myy-0129__20260505-left-3__20260505_133121.npz
myy0129,myy-0129,left,20260505,3,20260505_133340,myy0129_0505_left,myy-0129__20260505-left-3__20260505_133340.npz
myy0129,myy-0129,left,20260505,3,20260505_133556,myy0129_0505_left,myy-0129__20260505-left-3__20260505_133556.npz
myy0129,myy-0129,left,20260505,3,20260505_133815,myy0129_0505_left,myy-0129__20260505-left-3__20260505_133815.npz
myy0129,myy-0129,left,20260505,3,20260505_134030,myy0129_0505_left,myy-0129__20260505-left-3__20260505_134030.npz
myy0129,myy-0129,left,20260505,3,20260505_134244,myy0129_0505_left,myy-0129__20260505-left-3__20260505_134244.npz
myy0129,myy-0129,left,20260505,3,20260505_134459,myy0129_0505_left,myy-0129__20260505-left-3__20260505_134459.npz
myy0129,myy-0129,left,20260505,3,20260505_134714,myy0129_0505_left,myy-0129__20260505-left-3__20260505_134714.npz
myy0129,myy-0129,left,20260505,3,20260505_134930,myy0129_0505_left,myy-0129__20260505-left-3__20260505_134930.npz
myy0129,myy-0129,left,20260505,3,20260505_135149,myy0129_0505_left,myy-0129__20260505-left-3__20260505_135149.npz
myy0129,myy-0129,left,20260505,3,20260505_135407,myy0129_0505_left,myy-0129__20260505-left-3__20260505_135407.npz
myy0129,myy-0129,left,20260505,3,20260505_135644,myy0129_0505_left,myy-0129__20260505-left-3__20260505_135644.npz
myy0129,myy-0129,left,20260505,3,20260505_135902,myy0129_0505_left,myy-0129__20260505-left-3__20260505_135902.npz
myy0129,myy-0129,left,20260505,3,20260505_140116,myy0129_0505_left,myy-0129__20260505-left-3__20260505_140116.npz
myy0129,myy-0129,left,20260505,3,20260505_140331,myy0129_0505_left,myy-0129__20260505-left-3__20260505_140331.npz
myy0129,myy-0129,left,20260505,3,20260505_140547,myy0129_0505_left,myy-0129__20260505-left-3__20260505_140547.npz
myy0129,myy-0129,left,20260505,3,20260505_140802,myy0129_0505_left,myy-0129__20260505-left-3__20260505_140802.npz
myy0129,myy-0129,left,20260505,4,20260505_141046,myy0129_0505_left,myy-0129__20260505-left-4__20260505_141046.npz
myy0129,myy-0129,left,20260505,4,20260505_141304,myy0129_0505_left,myy-0129__20260505-left-4__20260505_141304.npz
myy0129,myy-0129,left,20260505,4,20260505_141520,myy0129_0505_left,myy-0129__20260505-left-4__20260505_141520.npz
myy0129,myy-0129,left,20260505,4,20260505_141735,myy0129_0505_left,myy-0129__20260505-left-4__20260505_141735.npz
myy0129,myy-0129,left,20260505,4,20260505_141949,myy0129_0505_left,myy-0129__20260505-left-4__20260505_141949.npz
myy0129,myy-0129,left,20260505,4,20260505_142206,myy0129_0505_left,myy-0129__20260505-left-4__20260505_142206.npz
myy0129,myy-0129,left,20260505,4,20260505_142423,myy0129_0505_left,myy-0129__20260505-left-4__20260505_142423.npz
myy0129,myy-0129,left,20260505,5,20260505_150703,myy0129_0505_left,myy-0129__20260505-left-5__20260505_150703.npz
myy0129,myy-0129,left,20260505,5,20260505_150918,myy0129_0505_left,myy-0129__20260505-left-5__20260505_150918.npz
myy0129,myy-0129,left,20260505,5,20260505_151133,myy0129_0505_left,myy-0129__20260505-left-5__20260505_151133.npz
myy0129,myy-0129,left,20260505,5,20260505_151350,myy0129_0505_left,myy-0129__20260505-left-5__20260505_151350.npz
myy0129,myy-0129,left,20260505,5,20260505_151604,myy0129_0505_left,myy-0129__20260505-left-5__20260505_151604.npz
myy0129,myy-0129,left,20260505,5,20260505_151820,myy0129_0505_left,myy-0129__20260505-left-5__20260505_151820.npz
myy0129,myy-0129,left,20260505,5,20260505_152034,myy0129_0505_left,myy-0129__20260505-left-5__20260505_152034.npz
myy0129,myy-0129,left,20260505,5,20260505_152248,myy0129_0505_left,myy-0129__20260505-left-5__20260505_152248.npz
myy0129,myy-0129,left,20260505,5,20260505_152519,myy0129_0505_left,myy-0129__20260505-left-5__20260505_152519.npz
myy0129,myy-0129,left,20260505,5,20260505_152736,myy0129_0505_left,myy-0129__20260505-left-5__20260505_152736.npz
myy0129,myy-0129,left,20260505,5,20260505_152952,myy0129_0505_left,myy-0129__20260505-left-5__20260505_152952.npz
myy0129,myy-0129,left,20260505,5,20260505_153207,myy0129_0505_left,myy-0129__20260505-left-5__20260505_153207.npz
myy0129,myy-0129,left,20260505,5,20260505_153421,myy0129_0505_left,myy-0129__20260505-left-5__20260505_153421.npz
myy0129,myy-0129,left,20260505,6,20260505_153818,myy0129_0505_left,myy-0129__20260505-left-6__20260505_153818.npz
myy0129,myy-0129,left,20260505,6,20260505_154035,myy0129_0505_left,myy-0129__20260505-left-6__20260505_154035.npz
myy0129,myy-0129,left,20260505,6,20260505_154252,myy0129_0505_left,myy-0129__20260505-left-6__20260505_154252.npz
myy0129,myy-0129,left,20260505,6,20260505_154508,myy0129_0505_left,myy-0129__20260505-left-6__20260505_154508.npz
myy0129,myy-0129,left,20260505,6,20260505_154727,myy0129_0505_left,myy-0129__20260505-left-6__20260505_154727.npz
myy0129,myy-0129,left,20260505,6,20260505_154941,myy0129_0505_left,myy-0129__20260505-left-6__20260505_154941.npz
myy0129,myy-0129,left,20260505,6,20260505_155155,myy0129_0505_left,myy-0129__20260505-left-6__20260505_155155.npz
myy0129,myy-0129,left,20260505,6,20260505_155418,myy0129_0505_left,myy-0129__20260505-left-6__20260505_155418.npz
myy0129,myy-0129,left,20260505,6,20260505_155635,myy0129_0505_left,myy-0129__20260505-left-6__20260505_155635.npz
myy0129,myy-0129,left,20260505,6,20260505_155851,myy0129_0505_left,myy-0129__20260505-left-6__20260505_155851.npz
myy0129,myy-0129,left,20260505,6,20260505_160107,myy0129_0505_left,myy-0129__20260505-left-6__20260505_160107.npz
myy0129,myy-0129,left,20260505,6,20260505_160324,myy0129_0505_left,myy-0129__20260505-left-6__20260505_160324.npz
myy0129,myy-0129,left,20260505,6,20260505_160610,myy0129_0505_left,myy-0129__20260505-left-6__20260505_160610.npz
myy0129,myy-0129,left,20260505,6,20260505_160828,myy0129_0505_left,myy-0129__20260505-left-6__20260505_160828.npz
myy0129,myy-0129,left,20260505,6,20260505_161042,myy0129_0505_left,myy-0129__20260505-left-6__20260505_161042.npz
myy0129,myy-0129,left,20260505,6,20260505_161300,myy0129_0505_left,myy-0129__20260505-left-6__20260505_161300.npz
myy0129,myy-0129,left,20260505,6,20260505_161517,myy0129_0505_left,myy-0129__20260505-left-6__20260505_161517.npz
myy0129,myy-0129,left,20260505,6,20260505_161732,myy0129_0505_left,myy-0129__20260505-left-6__20260505_161732.npz
myy0129,myy-0129,left,20260505,6,20260505_161952,myy0129_0505_left,myy-0129__20260505-left-6__20260505_161952.npz
myy0129,myy-0129,left,20260505,6,20260505_162209,myy0129_0505_left,myy-0129__20260505-left-6__20260505_162209.npz
myy0129,myy-0129,left,20260505,7,20260505_172333,myy0129_0505_left,myy-0129__20260505-left-7__20260505_172333.npz
myy0129,myy-0129,left,20260505,7,20260505_172548,myy0129_0505_left,myy-0129__20260505-left-7__20260505_172548.npz
myy0129,myy-0129,left,20260505,7,20260505_172804,myy0129_0505_left,myy-0129__20260505-left-7__20260505_172804.npz
myy0129,myy-0129,left,20260505,7,20260505_173029,myy0129_0505_left,myy-0129__20260505-left-7__20260505_173029.npz
myy0129,myy-0129,left,20260505,7,20260505_173245,myy0129_0505_left,myy-0129__20260505-left-7__20260505_173245.npz
myy0129,myy-0129,left,20260505,7,20260505_173500,myy0129_0505_left,myy-0129__20260505-left-7__20260505_173500.npz
myy0129,myy-0129,left,20260505,7,20260505_173718,myy0129_0505_left,myy-0129__20260505-left-7__20260505_173718.npz
myy0129,myy-0129,left,20260505,7,20260505_173949,myy0129_0505_left,myy-0129__20260505-left-7__20260505_173949.npz
myy0129,myy-0129,left,20260505,7,20260505_174515,myy0129_0505_left,myy-0129__20260505-left-7__20260505_174515.npz
myy0129,myy-0129,left,20260505,7,20260505_174737,myy0129_0505_left,myy-0129__20260505-left-7__20260505_174737.npz
myy0129,myy-0129,left,20260505,7,20260505_175007,myy0129_0505_left,myy-0129__20260505-left-7__20260505_175007.npz
myy0129,myy-0129,left,20260505,7,20260505_175223,myy0129_0505_left,myy-0129__20260505-left-7__20260505_175223.npz
myy0129,myy-0129,left,20260505,7,20260505_175455,myy0129_0505_left,myy-0129__20260505-left-7__20260505_175455.npz
myy0129,myy-0129,left,20260505,7,20260505_175742,myy0129_0505_left,myy-0129__20260505-left-7__20260505_175742.npz
myy0129,myy-0129,left,20260505,7,20260505_175958,myy0129_0505_left,myy-0129__20260505-left-7__20260505_175958.npz
myy0129,myy-0129,left,20260505,7,20260505_180213,myy0129_0505_left,myy-0129__20260505-left-7__20260505_180213.npz
myy0129,myy-0129,left,20260505,7,20260505_180428,myy0129_0505_left,myy-0129__20260505-left-7__20260505_180428.npz
myy0129,myy-0129,left,20260505,7,20260505_180642,myy0129_0505_left,myy-0129__20260505-left-7__20260505_180642.npz
myy0129,myy-0129,left,20260505,7,20260505_180857,myy0129_0505_left,myy-0129__20260505-left-7__20260505_180857.npz
myy0129,myy-0129,left,20260505,7,20260505_181113,myy0129_0505_left,myy-0129__20260505-left-7__20260505_181113.npz
myy0129,myy-0129,left,20260505,,20260505_101852,myy0129_0505_left,myy-0129__20260505-left__20260505_101852.npz
myy0129,myy-0129,left,20260505,,20260505_102107,myy0129_0505_left,myy-0129__20260505-left__20260505_102107.npz
myy0129,myy-0129,left,20260505,,20260505_102322,myy0129_0505_left,myy-0129__20260505-left__20260505_102322.npz
myy0129,myy-0129,left,20260505,,20260505_102538,myy0129_0505_left,myy-0129__20260505-left__20260505_102538.npz
myy0129,myy-0129,left,20260505,,20260505_102754,myy0129_0505_left,myy-0129__20260505-left__20260505_102754.npz
myy0129,myy-0129,left,20260505,,20260505_103012,myy0129_0505_left,myy-0129__20260505-left__20260505_103012.npz
myy0129,myy-0129,left,20260505,,20260505_103230,myy0129_0505_left,myy-0129__20260505-left__20260505_103230.npz
myy0129,myy-0129,left,20260505,,20260505_103445,myy0129_0505_left,myy-0129__20260505-left__20260505_103445.npz
myy0129,myy-0129,left,20260505,,20260505_103659,myy0129_0505_left,myy-0129__20260505-left__20260505_103659.npz
myy0129,myy-0129,left,20260505,,20260505_103913,myy0129_0505_left,myy-0129__20260505-left__20260505_103913.npz
myy0129,myy-0129,left,20260505,,20260505_104128,myy0129_0505_left,myy-0129__20260505-left__20260505_104128.npz
myy0129,myy-0129,left,20260505,,20260505_104342,myy0129_0505_left,myy-0129__20260505-left__20260505_104342.npz
myy0129,myy-0129,left,20260505,,20260505_104556,myy0129_0505_left,myy-0129__20260505-left__20260505_104556.npz
myy0129,myy-0129,left,20260505,,20260505_104811,myy0129_0505_left,myy-0129__20260505-left__20260505_104811.npz
myy0129,myy-0129,left,20260505,,20260505_105026,myy0129_0505_left,myy-0129__20260505-left__20260505_105026.npz
myy0129,myy-0129,left,20260505,,20260505_105240,myy0129_0505_left,myy-0129__20260505-left__20260505_105240.npz
myy0129,myy-0129,left,20260505,,20260505_105455,myy0129_0505_left,myy-0129__20260505-left__20260505_105455.npz
myy0129,myy-0129,left,20260505,,20260505_105710,myy0129_0505_left,myy-0129__20260505-left__20260505_105710.npz
myy0129,myy-0129,left,20260505,,20260505_105925,myy0129_0505_left,myy-0129__20260505-left__20260505_105925.npz
myy0129,myy-0129,left,20260505,,20260505_110140,myy0129_0505_left,myy-0129__20260505-left__20260505_110140.npz
pkj0309,pkj-0309,left,20260502,100,20260502_170808,pkj0309_0502_left,pkj-0309__20260502-left-100__20260502_170808.npz
pkj0309,pkj-0309,left,20260502,101,20260502_171030,pkj0309_0502_left,pkj-0309__20260502-left-101__20260502_171030.npz
pkj0309,pkj-0309,left,20260502,102,20260502_171248,pkj0309_0502_left,pkj-0309__20260502-left-102__20260502_171248.npz
pkj0309,pkj-0309,left,20260502,103,20260502_171506,pkj0309_0502_left,pkj-0309__20260502-left-103__20260502_171506.npz
pkj0309,pkj-0309,left,20260502,104,20260502_171731,pkj0309_0502_left,pkj-0309__20260502-left-104__20260502_171731.npz
pkj0309,pkj-0309,left,20260502,105,20260502_171950,pkj0309_0502_left,pkj-0309__20260502-left-105__20260502_171950.npz
pkj0309,pkj-0309,left,20260502,106,20260502_172207,pkj0309_0502_left,pkj-0309__20260502-left-106__20260502_172207.npz
pkj0309,pkj-0309,left,20260502,107,20260502_172426,pkj0309_0502_left,pkj-0309__20260502-left-107__20260502_172426.npz
pkj0309,pkj-0309,left,20260502,108,20260502_172642,pkj0309_0502_left,pkj-0309__20260502-left-108__20260502_172642.npz
pkj0309,pkj-0309,left,20260502,109,20260502_172859,pkj0309_0502_left,pkj-0309__20260502-left-109__20260502_172859.npz
pkj0309,pkj-0309,left,20260502,10,20260502_112039,pkj0309_0502_left,pkj-0309__20260502-left-10__20260502_112039.npz
pkj0309,pkj-0309,left,20260502,110,20260502_173116,pkj0309_0502_left,pkj-0309__20260502-left-110__20260502_173116.npz
pkj0309,pkj-0309,left,20260502,111,20260502_173337,pkj0309_0502_left,pkj-0309__20260502-left-111__20260502_173337.npz
pkj0309,pkj-0309,left,20260502,112,20260502_173558,pkj0309_0502_left,pkj-0309__20260502-left-112__20260502_173558.npz
pkj0309,pkj-0309,left,20260502,113,20260502_173821,pkj0309_0502_left,pkj-0309__20260502-left-113__20260502_173821.npz
pkj0309,pkj-0309,left,20260502,114,20260502_174039,pkj0309_0502_left,pkj-0309__20260502-left-114__20260502_174039.npz
pkj0309,pkj-0309,left,20260502,115,20260502_174257,pkj0309_0502_left,pkj-0309__20260502-left-115__20260502_174257.npz
pkj0309,pkj-0309,left,20260502,116,20260502_174513,pkj0309_0502_left,pkj-0309__20260502-left-116__20260502_174513.npz
pkj0309,pkj-0309,left,20260502,117,20260502_174733,pkj0309_0502_left,pkj-0309__20260502-left-117__20260502_174733.npz
pkj0309,pkj-0309,left,20260502,118,20260502_174951,pkj0309_0502_left,pkj-0309__20260502-left-118__20260502_174951.npz
pkj0309,pkj-0309,left,20260502,119,20260502_175208,pkj0309_0502_left,pkj-0309__20260502-left-119__20260502_175208.npz
pkj0309,pkj-0309,left,20260502,11,20260502_112309,pkj0309_0502_left,pkj-0309__20260502-left-11__20260502_112309.npz
pkj0309,pkj-0309,left,20260502,120,20260502_175427,pkj0309_0502_left,pkj-0309__20260502-left-120__20260502_175427.npz
pkj0309,pkj-0309,left,20260502,121,20260502_175720,pkj0309_0502_left,pkj-0309__20260502-left-121__20260502_175720.npz
pkj0309,pkj-0309,left,20260502,122,20260502_175941,pkj0309_0502_left,pkj-0309__20260502-left-122__20260502_175941.npz
pkj0309,pkj-0309,left,20260502,123,20260502_181546,pkj0309_0502_left,pkj-0309__20260502-left-123__20260502_181546.npz
pkj0309,pkj-0309,left,20260502,124,20260502_181808,pkj0309_0502_left,pkj-0309__20260502-left-124__20260502_181808.npz
pkj0309,pkj-0309,left,20260502,125,20260502_182143,pkj0309_0502_left,pkj-0309__20260502-left-125__20260502_182143.npz
pkj0309,pkj-0309,left,20260502,12,20260502_112531,pkj0309_0502_left,pkj-0309__20260502-left-12__20260502_112531.npz
pkj0309,pkj-0309,left,20260502,13,20260502_112755,pkj0309_0502_left,pkj-0309__20260502-left-13__20260502_112755.npz
pkj0309,pkj-0309,left,20260502,14,20260502_113017,pkj0309_0502_left,pkj-0309__20260502-left-14__20260502_113017.npz
pkj0309,pkj-0309,left,20260502,15,20260502_113237,pkj0309_0502_left,pkj-0309__20260502-left-15__20260502_113237.npz
pkj0309,pkj-0309,left,20260502,16,20260502_113458,pkj0309_0502_left,pkj-0309__20260502-left-16__20260502_113458.npz
pkj0309,pkj-0309,left,20260502,17,20260502_113719,pkj0309_0502_left,pkj-0309__20260502-left-17__20260502_113719.npz
pkj0309,pkj-0309,left,20260502,18,20260502_113944,pkj0309_0502_left,pkj-0309__20260502-left-18__20260502_113944.npz
pkj0309,pkj-0309,left,20260502,19,20260502_114203,pkj0309_0502_left,pkj-0309__20260502-left-19__20260502_114203.npz
pkj0309,pkj-0309,left,20260502,20,20260502_114423,pkj0309_0502_left,pkj-0309__20260502-left-20__20260502_114423.npz
pkj0309,pkj-0309,left,20260502,21,20260502_114646,pkj0309_0502_left,pkj-0309__20260502-left-21__20260502_114646.npz
pkj0309,pkj-0309,left,20260502,22,20260502_114908,pkj0309_0502_left,pkj-0309__20260502-left-22__20260502_114908.npz
pkj0309,pkj-0309,left,20260502,23,20260502_115132,pkj0309_0502_left,pkj-0309__20260502-left-23__20260502_115132.npz
pkj0309,pkj-0309,left,20260502,24,20260502_115353,pkj0309_0502_left,pkj-0309__20260502-left-24__20260502_115353.npz
pkj0309,pkj-0309,left,20260502,25,20260502_115613,pkj0309_0502_left,pkj-0309__20260502-left-25__20260502_115613.npz
pkj0309,pkj-0309,left,20260502,26,20260502_115831,pkj0309_0502_left,pkj-0309__20260502-left-26__20260502_115831.npz
pkj0309,pkj-0309,left,20260502,27,20260502_120055,pkj0309_0502_left,pkj-0309__20260502-left-27__20260502_120055.npz
pkj0309,pkj-0309,left,20260502,28,20260502_132232,pkj0309_0502_left,pkj-0309__20260502-left-28__20260502_132232.npz
pkj0309,pkj-0309,left,20260502,29,20260502_132452,pkj0309_0502_left,pkj-0309__20260502-left-29__20260502_132452.npz
pkj0309,pkj-0309,left,20260502,2,20260502_105138,pkj0309_0502_left,pkj-0309__20260502-left-2__20260502_105138.npz
pkj0309,pkj-0309,left,20260502,30,20260502_132721,pkj0309_0502_left,pkj-0309__20260502-left-30__20260502_132721.npz
pkj0309,pkj-0309,left,20260502,31,20260502_132943,pkj0309_0502_left,pkj-0309__20260502-left-31__20260502_132943.npz
pkj0309,pkj-0309,left,20260502,32,20260502_133205,pkj0309_0502_left,pkj-0309__20260502-left-32__20260502_133205.npz
pkj0309,pkj-0309,left,20260502,33,20260502_133431,pkj0309_0502_left,pkj-0309__20260502-left-33__20260502_133431.npz
pkj0309,pkj-0309,left,20260502,34,20260502_133650,pkj0309_0502_left,pkj-0309__20260502-left-34__20260502_133650.npz
pkj0309,pkj-0309,left,20260502,35,20260502_133917,pkj0309_0502_left,pkj-0309__20260502-left-35__20260502_133917.npz
pkj0309,pkj-0309,left,20260502,36,20260502_134137,pkj0309_0502_left,pkj-0309__20260502-left-36__20260502_134137.npz
pkj0309,pkj-0309,left,20260502,37,20260502_142324,pkj0309_0502_left,pkj-0309__20260502-left-37__20260502_142324.npz
pkj0309,pkj-0309,left,20260502,38,20260502_142551,pkj0309_0502_left,pkj-0309__20260502-left-38__20260502_142551.npz
pkj0309,pkj-0309,left,20260502,39,20260502_142819,pkj0309_0502_left,pkj-0309__20260502-left-39__20260502_142819.npz
pkj0309,pkj-0309,left,20260502,3,20260502_105448,pkj0309_0502_left,pkj-0309__20260502-left-3__20260502_105448.npz
pkj0309,pkj-0309,left,20260502,40,20260502_143041,pkj0309_0502_left,pkj-0309__20260502-left-40__20260502_143041.npz
pkj0309,pkj-0309,left,20260502,41,20260502_143307,pkj0309_0502_left,pkj-0309__20260502-left-41__20260502_143307.npz
pkj0309,pkj-0309,left,20260502,42,20260502_143526,pkj0309_0502_left,pkj-0309__20260502-left-42__20260502_143526.npz
pkj0309,pkj-0309,left,20260502,43,20260502_143749,pkj0309_0502_left,pkj-0309__20260502-left-43__20260502_143749.npz
pkj0309,pkj-0309,left,20260502,44,20260502_144008,pkj0309_0502_left,pkj-0309__20260502-left-44__20260502_144008.npz
pkj0309,pkj-0309,left,20260502,45,20260502_144230,pkj0309_0502_left,pkj-0309__20260502-left-45__20260502_144230.npz
pkj0309,pkj-0309,left,20260502,46,20260502_144447,pkj0309_0502_left,pkj-0309__20260502-left-46__20260502_144447.npz
pkj0309,pkj-0309,left,20260502,47,20260502_144705,pkj0309_0502_left,pkj-0309__20260502-left-47__20260502_144705.npz
pkj0309,pkj-0309,left,20260502,48,20260502_144954,pkj0309_0502_left,pkj-0309__20260502-left-48__20260502_144954.npz
pkj0309,pkj-0309,left,20260502,49,20260502_145216,pkj0309_0502_left,pkj-0309__20260502-left-49__20260502_145216.npz
pkj0309,pkj-0309,left,20260502,4,20260502_105849,pkj0309_0502_left,pkj-0309__20260502-left-4__20260502_105849.npz
pkj0309,pkj-0309,left,20260502,50,20260502_145436,pkj0309_0502_left,pkj-0309__20260502-left-50__20260502_145436.npz
pkj0309,pkj-0309,left,20260502,51,20260502_145653,pkj0309_0502_left,pkj-0309__20260502-left-51__20260502_145653.npz
pkj0309,pkj-0309,left,20260502,52,20260502_145911,pkj0309_0502_left,pkj-0309__20260502-left-52__20260502_145911.npz
pkj0309,pkj-0309,left,20260502,53,20260502_150129,pkj0309_0502_left,pkj-0309__20260502-left-53__20260502_150129.npz
pkj0309,pkj-0309,left,20260502,54,20260502_150348,pkj0309_0502_left,pkj-0309__20260502-left-54__20260502_150348.npz
pkj0309,pkj-0309,left,20260502,55,20260502_150606,pkj0309_0502_left,pkj-0309__20260502-left-55__20260502_150606.npz
pkj0309,pkj-0309,left,20260502,56,20260502_150825,pkj0309_0502_left,pkj-0309__20260502-left-56__20260502_150825.npz
pkj0309,pkj-0309,left,20260502,57,20260502_151044,pkj0309_0502_left,pkj-0309__20260502-left-57__20260502_151044.npz
pkj0309,pkj-0309,left,20260502,58,20260502_151709,pkj0309_0502_left,pkj-0309__20260502-left-58__20260502_151709.npz
pkj0309,pkj-0309,left,20260502,59,20260502_151927,pkj0309_0502_left,pkj-0309__20260502-left-59__20260502_151927.npz
pkj0309,pkj-0309,left,20260502,5,20260502_110214,pkj0309_0502_left,pkj-0309__20260502-left-5__20260502_110214.npz
pkj0309,pkj-0309,left,20260502,60,20260502_152145,pkj0309_0502_left,pkj-0309__20260502-left-60__20260502_152145.npz
pkj0309,pkj-0309,left,20260502,61,20260502_152404,pkj0309_0502_left,pkj-0309__20260502-left-61__20260502_152404.npz
pkj0309,pkj-0309,left,20260502,62,20260502_152621,pkj0309_0502_left,pkj-0309__20260502-left-62__20260502_152621.npz
pkj0309,pkj-0309,left,20260502,63,20260502_152838,pkj0309_0502_left,pkj-0309__20260502-left-63__20260502_152838.npz
pkj0309,pkj-0309,left,20260502,64,20260502_153055,pkj0309_0502_left,pkj-0309__20260502-left-64__20260502_153055.npz
pkj0309,pkj-0309,left,20260502,65,20260502_153312,pkj0309_0502_left,pkj-0309__20260502-left-65__20260502_153312.npz
pkj0309,pkj-0309,left,20260502,66,20260502_153531,pkj0309_0502_left,pkj-0309__20260502-left-66__20260502_153531.npz
pkj0309,pkj-0309,left,20260502,67,20260502_153855,pkj0309_0502_left,pkj-0309__20260502-left-67__20260502_153855.npz
pkj0309,pkj-0309,left,20260502,68,20260502_154113,pkj0309_0502_left,pkj-0309__20260502-left-68__20260502_154113.npz
pkj0309,pkj-0309,left,20260502,69,20260502_154334,pkj0309_0502_left,pkj-0309__20260502-left-69__20260502_154334.npz
pkj0309,pkj-0309,left,20260502,6,20260502_110544,pkj0309_0502_left,pkj-0309__20260502-left-6__20260502_110544.npz
pkj0309,pkj-0309,left,20260502,70,20260502_154552,pkj0309_0502_left,pkj-0309__20260502-left-70__20260502_154552.npz
pkj0309,pkj-0309,left,20260502,71,20260502_154808,pkj0309_0502_left,pkj-0309__20260502-left-71__20260502_154808.npz
pkj0309,pkj-0309,left,20260502,72,20260502_155023,pkj0309_0502_left,pkj-0309__20260502-left-72__20260502_155023.npz
pkj0309,pkj-0309,left,20260502,73,20260502_155244,pkj0309_0502_left,pkj-0309__20260502-left-73__20260502_155244.npz
pkj0309,pkj-0309,left,20260502,74,20260502_155500,pkj0309_0502_left,pkj-0309__20260502-left-74__20260502_155500.npz
pkj0309,pkj-0309,left,20260502,75,20260502_155717,pkj0309_0502_left,pkj-0309__20260502-left-75__20260502_155717.npz
pkj0309,pkj-0309,left,20260502,76,20260502_155933,pkj0309_0502_left,pkj-0309__20260502-left-76__20260502_155933.npz
pkj0309,pkj-0309,left,20260502,77,20260502_160155,pkj0309_0502_left,pkj-0309__20260502-left-77__20260502_160155.npz
pkj0309,pkj-0309,left,20260502,78,20260502_160414,pkj0309_0502_left,pkj-0309__20260502-left-78__20260502_160414.npz
pkj0309,pkj-0309,left,20260502,79,20260502_160632,pkj0309_0502_left,pkj-0309__20260502-left-79__20260502_160632.npz
pkj0309,pkj-0309,left,20260502,7,20260502_110859,pkj0309_0502_left,pkj-0309__20260502-left-7__20260502_110859.npz
pkj0309,pkj-0309,left,20260502,80,20260502_160850,pkj0309_0502_left,pkj-0309__20260502-left-80__20260502_160850.npz
pkj0309,pkj-0309,left,20260502,81,20260502_161107,pkj0309_0502_left,pkj-0309__20260502-left-81__20260502_161107.npz
pkj0309,pkj-0309,left,20260502,82,20260502_161325,pkj0309_0502_left,pkj-0309__20260502-left-82__20260502_161325.npz
pkj0309,pkj-0309,left,20260502,83,20260502_161544,pkj0309_0502_left,pkj-0309__20260502-left-83__20260502_161544.npz
pkj0309,pkj-0309,left,20260502,84,20260502_161800,pkj0309_0502_left,pkj-0309__20260502-left-84__20260502_161800.npz
pkj0309,pkj-0309,left,20260502,85,20260502_162018,pkj0309_0502_left,pkj-0309__20260502-left-85__20260502_162018.npz
pkj0309,pkj-0309,left,20260502,86,20260502_162244,pkj0309_0502_left,pkj-0309__20260502-left-86__20260502_162244.npz
pkj0309,pkj-0309,left,20260502,87,20260502_162501,pkj0309_0502_left,pkj-0309__20260502-left-87__20260502_162501.npz
pkj0309,pkj-0309,left,20260502,88,20260502_162717,pkj0309_0502_left,pkj-0309__20260502-left-88__20260502_162717.npz
pkj0309,pkj-0309,left,20260502,89,20260502_163023,pkj0309_0502_left,pkj-0309__20260502-left-89__20260502_163023.npz
pkj0309,pkj-0309,left,20260502,8,20260502_111532,pkj0309_0502_left,pkj-0309__20260502-left-8__20260502_111532.npz
pkj0309,pkj-0309,left,20260502,90,20260502_163244,pkj0309_0502_left,pkj-0309__20260502-left-90__20260502_163244.npz
pkj0309,pkj-0309,left,20260502,91,20260502_163505,pkj0309_0502_left,pkj-0309__20260502-left-91__20260502_163505.npz
pkj0309,pkj-0309,left,20260502,92,20260502_163722,pkj0309_0502_left,pkj-0309__20260502-left-92__20260502_163722.npz
pkj0309,pkj-0309,left,20260502,93,20260502_163944,pkj0309_0502_left,pkj-0309__20260502-left-93__20260502_163944.npz
pkj0309,pkj-0309,left,20260502,94,20260502_164205,pkj0309_0502_left,pkj-0309__20260502-left-94__20260502_164205.npz
pkj0309,pkj-0309,left,20260502,95,20260502_164422,pkj0309_0502_left,pkj-0309__20260502-left-95__20260502_164422.npz
pkj0309,pkj-0309,left,20260502,96,20260502_164640,pkj0309_0502_left,pkj-0309__20260502-left-96__20260502_164640.npz
pkj0309,pkj-0309,left,20260502,97,20260502_170112,pkj0309_0502_left,pkj-0309__20260502-left-97__20260502_170112.npz
pkj0309,pkj-0309,left,20260502,98,20260502_170330,pkj0309_0502_left,pkj-0309__20260502-left-98__20260502_170330.npz
pkj0309,pkj-0309,left,20260502,99,20260502_170550,pkj0309_0502_left,pkj-0309__20260502-left-99__20260502_170550.npz
pkj0309,pkj-0309,left,20260502,9,20260502_111759,pkj0309_0502_left,pkj-0309__20260502-left-9__20260502_111759.npz
pkj0309,pkj-0309,left,20260502,,20260502_104852,pkj0309_0502_left,pkj-0309__20260502-left__20260502_104852.npz
pkj0309,pkj-0309,right,20260503,100,20260503_171446,pkj0309_0503_right,pkj-0309__20260503-right-100__20260503_171446.npz
pkj0309,pkj-0309,right,20260503,101,20260503_173352,pkj0309_0503_right,pkj-0309__20260503-right-101__20260503_173352.npz
pkj0309,pkj-0309,right,20260503,102,20260503_173614,pkj0309_0503_right,pkj-0309__20260503-right-102__20260503_173614.npz
pkj0309,pkj-0309,right,20260503,103,20260503_173835,pkj0309_0503_right,pkj-0309__20260503-right-103__20260503_173835.npz
pkj0309,pkj-0309,right,20260503,104,20260503_174056,pkj0309_0503_right,pkj-0309__20260503-right-104__20260503_174056.npz
pkj0309,pkj-0309,right,20260503,105,20260503_174316,pkj0309_0503_right,pkj-0309__20260503-right-105__20260503_174316.npz
pkj0309,pkj-0309,right,20260503,106,20260503_174537,pkj0309_0503_right,pkj-0309__20260503-right-106__20260503_174537.npz
pkj0309,pkj-0309,right,20260503,107,20260503_174759,pkj0309_0503_right,pkj-0309__20260503-right-107__20260503_174759.npz
pkj0309,pkj-0309,right,20260503,108,20260503_175022,pkj0309_0503_right,pkj-0309__20260503-right-108__20260503_175022.npz
pkj0309,pkj-0309,right,20260503,109,20260503_175246,pkj0309_0503_right,pkj-0309__20260503-right-109__20260503_175246.npz
pkj0309,pkj-0309,right,20260503,10,20260503_110455,pkj0309_0503_right,pkj-0309__20260503-right-10__20260503_110455.npz
pkj0309,pkj-0309,right,20260503,110,20260503_175511,pkj0309_0503_right,pkj-0309__20260503-right-110__20260503_175511.npz
pkj0309,pkj-0309,right,20260503,111,20260503_175731,pkj0309_0503_right,pkj-0309__20260503-right-111__20260503_175731.npz
pkj0309,pkj-0309,right,20260503,112,20260503_175951,pkj0309_0503_right,pkj-0309__20260503-right-112__20260503_175951.npz
pkj0309,pkj-0309,right,20260503,113,20260503_180210,pkj0309_0503_right,pkj-0309__20260503-right-113__20260503_180210.npz
pkj0309,pkj-0309,right,20260503,114,20260503_180432,pkj0309_0503_right,pkj-0309__20260503-right-114__20260503_180432.npz
pkj0309,pkj-0309,right,20260503,115,20260503_180704,pkj0309_0503_right,pkj-0309__20260503-right-115__20260503_180704.npz
pkj0309,pkj-0309,right,20260503,116,20260503_181036,pkj0309_0503_right,pkj-0309__20260503-right-116__20260503_181036.npz
pkj0309,pkj-0309,right,20260503,117,20260503_181312,pkj0309_0503_right,pkj-0309__20260503-right-117__20260503_181312.npz
pkj0309,pkj-0309,right,20260503,118,20260503_181553,pkj0309_0503_right,pkj-0309__20260503-right-118__20260503_181553.npz
pkj0309,pkj-0309,right,20260503,119,20260503_181819,pkj0309_0503_right,pkj-0309__20260503-right-119__20260503_181819.npz
pkj0309,pkj-0309,right,20260503,11,20260503_110721,pkj0309_0503_right,pkj-0309__20260503-right-11__20260503_110721.npz
pkj0309,pkj-0309,right,20260503,120,20260503_182042,pkj0309_0503_right,pkj-0309__20260503-right-120__20260503_182042.npz
pkj0309,pkj-0309,right,20260503,12,20260503_110955,pkj0309_0503_right,pkj-0309__20260503-right-12__20260503_110955.npz
pkj0309,pkj-0309,right,20260503,13,20260503_111351,pkj0309_0503_right,pkj-0309__20260503-right-13__20260503_111351.npz
pkj0309,pkj-0309,right,20260503,14,20260503_111717,pkj0309_0503_right,pkj-0309__20260503-right-14__20260503_111717.npz
pkj0309,pkj-0309,right,20260503,15,20260503_111943,pkj0309_0503_right,pkj-0309__20260503-right-15__20260503_111943.npz
pkj0309,pkj-0309,right,20260503,16,20260503_112218,pkj0309_0503_right,pkj-0309__20260503-right-16__20260503_112218.npz
pkj0309,pkj-0309,right,20260503,17,20260503_112442,pkj0309_0503_right,pkj-0309__20260503-right-17__20260503_112442.npz
pkj0309,pkj-0309,right,20260503,18,20260503_112707,pkj0309_0503_right,pkj-0309__20260503-right-18__20260503_112707.npz
pkj0309,pkj-0309,right,20260503,19,20260503_112932,pkj0309_0503_right,pkj-0309__20260503-right-19__20260503_112932.npz
pkj0309,pkj-0309,right,20260503,20,20260503_113157,pkj0309_0503_right,pkj-0309__20260503-right-20__20260503_113157.npz
pkj0309,pkj-0309,right,20260503,21,20260503_114802,pkj0309_0503_right,pkj-0309__20260503-right-21__20260503_114802.npz
pkj0309,pkj-0309,right,20260503,22,20260503_115328,pkj0309_0503_right,pkj-0309__20260503-right-22__20260503_115328.npz
pkj0309,pkj-0309,right,20260503,23,20260503_115714,pkj0309_0503_right,pkj-0309__20260503-right-23__20260503_115714.npz
pkj0309,pkj-0309,right,20260503,24,20260503_131254,pkj0309_0503_right,pkj-0309__20260503-right-24__20260503_131254.npz
pkj0309,pkj-0309,right,20260503,25,20260503_131517,pkj0309_0503_right,pkj-0309__20260503-right-25__20260503_131517.npz
pkj0309,pkj-0309,right,20260503,26,20260503_131739,pkj0309_0503_right,pkj-0309__20260503-right-26__20260503_131739.npz
pkj0309,pkj-0309,right,20260503,27,20260503_132015,pkj0309_0503_right,pkj-0309__20260503-right-27__20260503_132015.npz
pkj0309,pkj-0309,right,20260503,28,20260503_132256,pkj0309_0503_right,pkj-0309__20260503-right-28__20260503_132256.npz
pkj0309,pkj-0309,right,20260503,29,20260503_132521,pkj0309_0503_right,pkj-0309__20260503-right-29__20260503_132521.npz
pkj0309,pkj-0309,right,20260503,2,20260503_103759,pkj0309_0503_right,pkj-0309__20260503-right-2__20260503_103759.npz
pkj0309,pkj-0309,right,20260503,30,20260503_132753,pkj0309_0503_right,pkj-0309__20260503-right-30__20260503_132753.npz
pkj0309,pkj-0309,right,20260503,31,20260503_133016,pkj0309_0503_right,pkj-0309__20260503-right-31__20260503_133016.npz
pkj0309,pkj-0309,right,20260503,32,20260503_133240,pkj0309_0503_right,pkj-0309__20260503-right-32__20260503_133240.npz
pkj0309,pkj-0309,right,20260503,33,20260503_133548,pkj0309_0503_right,pkj-0309__20260503-right-33__20260503_133548.npz
pkj0309,pkj-0309,right,20260503,34,20260503_133814,pkj0309_0503_right,pkj-0309__20260503-right-34__20260503_133814.npz
pkj0309,pkj-0309,right,20260503,35,20260503_134038,pkj0309_0503_right,pkj-0309__20260503-right-35__20260503_134038.npz
pkj0309,pkj-0309,right,20260503,36,20260503_134308,pkj0309_0503_right,pkj-0309__20260503-right-36__20260503_134308.npz
pkj0309,pkj-0309,right,20260503,37,20260503_134534,pkj0309_0503_right,pkj-0309__20260503-right-37__20260503_134534.npz
pkj0309,pkj-0309,right,20260503,38,20260503_134759,pkj0309_0503_right,pkj-0309__20260503-right-38__20260503_134759.npz
pkj0309,pkj-0309,right,20260503,39,20260503_135028,pkj0309_0503_right,pkj-0309__20260503-right-39__20260503_135028.npz
pkj0309,pkj-0309,right,20260503,3,20260503_104112,pkj0309_0503_right,pkj-0309__20260503-right-3__20260503_104112.npz
pkj0309,pkj-0309,right,20260503,40,20260503_135256,pkj0309_0503_right,pkj-0309__20260503-right-40__20260503_135256.npz
pkj0309,pkj-0309,right,20260503,41,20260503_135525,pkj0309_0503_right,pkj-0309__20260503-right-41__20260503_135525.npz
pkj0309,pkj-0309,right,20260503,42,20260503_135749,pkj0309_0503_right,pkj-0309__20260503-right-42__20260503_135749.npz
pkj0309,pkj-0309,right,20260503,43,20260503_140011,pkj0309_0503_right,pkj-0309__20260503-right-43__20260503_140011.npz
pkj0309,pkj-0309,right,20260503,44,20260503_140235,pkj0309_0503_right,pkj-0309__20260503-right-44__20260503_140235.npz
pkj0309,pkj-0309,right,20260503,45,20260503_143000,pkj0309_0503_right,pkj-0309__20260503-right-45__20260503_143000.npz
pkj0309,pkj-0309,right,20260503,46,20260503_143221,pkj0309_0503_right,pkj-0309__20260503-right-46__20260503_143221.npz
pkj0309,pkj-0309,right,20260503,47,20260503_143443,pkj0309_0503_right,pkj-0309__20260503-right-47__20260503_143443.npz
pkj0309,pkj-0309,right,20260503,48,20260503_143706,pkj0309_0503_right,pkj-0309__20260503-right-48__20260503_143706.npz
pkj0309,pkj-0309,right,20260503,49,20260503_143929,pkj0309_0503_right,pkj-0309__20260503-right-49__20260503_143929.npz
pkj0309,pkj-0309,right,20260503,4,20260503_104818,pkj0309_0503_right,pkj-0309__20260503-right-4__20260503_104818.npz
pkj0309,pkj-0309,right,20260503,50,20260503_144154,pkj0309_0503_right,pkj-0309__20260503-right-50__20260503_144154.npz
pkj0309,pkj-0309,right,20260503,51,20260503_144416,pkj0309_0503_right,pkj-0309__20260503-right-51__20260503_144416.npz
pkj0309,pkj-0309,right,20260503,52,20260503_144638,pkj0309_0503_right,pkj-0309__20260503-right-52__20260503_144638.npz
pkj0309,pkj-0309,right,20260503,53,20260503_144905,pkj0309_0503_right,pkj-0309__20260503-right-53__20260503_144905.npz
pkj0309,pkj-0309,right,20260503,54,20260503_145134,pkj0309_0503_right,pkj-0309__20260503-right-54__20260503_145134.npz
pkj0309,pkj-0309,right,20260503,55,20260503_145357,pkj0309_0503_right,pkj-0309__20260503-right-55__20260503_145357.npz
pkj0309,pkj-0309,right,20260503,56,20260503_145619,pkj0309_0503_right,pkj-0309__20260503-right-56__20260503_145619.npz
pkj0309,pkj-0309,right,20260503,57,20260503_145841,pkj0309_0503_right,pkj-0309__20260503-right-57__20260503_145841.npz
pkj0309,pkj-0309,right,20260503,58,20260503_150102,pkj0309_0503_right,pkj-0309__20260503-right-58__20260503_150102.npz
pkj0309,pkj-0309,right,20260503,59,20260503_150325,pkj0309_0503_right,pkj-0309__20260503-right-59__20260503_150325.npz
pkj0309,pkj-0309,right,20260503,5,20260503_105206,pkj0309_0503_right,pkj-0309__20260503-right-5__20260503_105206.npz
pkj0309,pkj-0309,right,20260503,60,20260503_150548,pkj0309_0503_right,pkj-0309__20260503-right-60__20260503_150548.npz
pkj0309,pkj-0309,right,20260503,61,20260503_152650,pkj0309_0503_right,pkj-0309__20260503-right-61__20260503_152650.npz
pkj0309,pkj-0309,right,20260503,62,20260503_152912,pkj0309_0503_right,pkj-0309__20260503-right-62__20260503_152912.npz
pkj0309,pkj-0309,right,20260503,63,20260503_153136,pkj0309_0503_right,pkj-0309__20260503-right-63__20260503_153136.npz
pkj0309,pkj-0309,right,20260503,64,20260503_153424,pkj0309_0503_right,pkj-0309__20260503-right-64__20260503_153424.npz
pkj0309,pkj-0309,right,20260503,65,20260503_153647,pkj0309_0503_right,pkj-0309__20260503-right-65__20260503_153647.npz
pkj0309,pkj-0309,right,20260503,66,20260503_153945,pkj0309_0503_right,pkj-0309__20260503-right-66__20260503_153945.npz
pkj0309,pkj-0309,right,20260503,67,20260503_154256,pkj0309_0503_right,pkj-0309__20260503-right-67__20260503_154256.npz
pkj0309,pkj-0309,right,20260503,68,20260503_154519,pkj0309_0503_right,pkj-0309__20260503-right-68__20260503_154519.npz
pkj0309,pkj-0309,right,20260503,69,20260503_154801,pkj0309_0503_right,pkj-0309__20260503-right-69__20260503_154801.npz
pkj0309,pkj-0309,right,20260503,6,20260503_105438,pkj0309_0503_right,pkj-0309__20260503-right-6__20260503_105438.npz
pkj0309,pkj-0309,right,20260503,70,20260503_155024,pkj0309_0503_right,pkj-0309__20260503-right-70__20260503_155024.npz
pkj0309,pkj-0309,right,20260503,71,20260503_155248,pkj0309_0503_right,pkj-0309__20260503-right-71__20260503_155248.npz
pkj0309,pkj-0309,right,20260503,72,20260503_155525,pkj0309_0503_right,pkj-0309__20260503-right-72__20260503_155525.npz
pkj0309,pkj-0309,right,20260503,73,20260503_155748,pkj0309_0503_right,pkj-0309__20260503-right-73__20260503_155748.npz
pkj0309,pkj-0309,right,20260503,74,20260503_160013,pkj0309_0503_right,pkj-0309__20260503-right-74__20260503_160013.npz
pkj0309,pkj-0309,right,20260503,75,20260503_160236,pkj0309_0503_right,pkj-0309__20260503-right-75__20260503_160236.npz
pkj0309,pkj-0309,right,20260503,76,20260503_160524,pkj0309_0503_right,pkj-0309__20260503-right-76__20260503_160524.npz
pkj0309,pkj-0309,right,20260503,77,20260503_160745,pkj0309_0503_right,pkj-0309__20260503-right-77__20260503_160745.npz
pkj0309,pkj-0309,right,20260503,78,20260503_161010,pkj0309_0503_right,pkj-0309__20260503-right-78__20260503_161010.npz
pkj0309,pkj-0309,right,20260503,79,20260503_161232,pkj0309_0503_right,pkj-0309__20260503-right-79__20260503_161232.npz
pkj0309,pkj-0309,right,20260503,7,20260503_105723,pkj0309_0503_right,pkj-0309__20260503-right-7__20260503_105723.npz
pkj0309,pkj-0309,right,20260503,80,20260503_161453,pkj0309_0503_right,pkj-0309__20260503-right-80__20260503_161453.npz
pkj0309,pkj-0309,right,20260503,81,20260503_162936,pkj0309_0503_right,pkj-0309__20260503-right-81__20260503_162936.npz
pkj0309,pkj-0309,right,20260503,82,20260503_163155,pkj0309_0503_right,pkj-0309__20260503-right-82__20260503_163155.npz
pkj0309,pkj-0309,right,20260503,83,20260503_163417,pkj0309_0503_right,pkj-0309__20260503-right-83__20260503_163417.npz
pkj0309,pkj-0309,right,20260503,84,20260503_163638,pkj0309_0503_right,pkj-0309__20260503-right-84__20260503_163638.npz
pkj0309,pkj-0309,right,20260503,85,20260503_163859,pkj0309_0503_right,pkj-0309__20260503-right-85__20260503_163859.npz
pkj0309,pkj-0309,right,20260503,86,20260503_164122,pkj0309_0503_right,pkj-0309__20260503-right-86__20260503_164122.npz
pkj0309,pkj-0309,right,20260503,87,20260503_164343,pkj0309_0503_right,pkj-0309__20260503-right-87__20260503_164343.npz
pkj0309,pkj-0309,right,20260503,88,20260503_164608,pkj0309_0503_right,pkj-0309__20260503-right-88__20260503_164608.npz
pkj0309,pkj-0309,right,20260503,89,20260503_164831,pkj0309_0503_right,pkj-0309__20260503-right-89__20260503_164831.npz
pkj0309,pkj-0309,right,20260503,8,20260503_105949,pkj0309_0503_right,pkj-0309__20260503-right-8__20260503_105949.npz
pkj0309,pkj-0309,right,20260503,90,20260503_165056,pkj0309_0503_right,pkj-0309__20260503-right-90__20260503_165056.npz
pkj0309,pkj-0309,right,20260503,91,20260503_165319,pkj0309_0503_right,pkj-0309__20260503-right-91__20260503_165319.npz
pkj0309,pkj-0309,right,20260503,92,20260503_165540,pkj0309_0503_right,pkj-0309__20260503-right-92__20260503_165540.npz
pkj0309,pkj-0309,right,20260503,93,20260503_165802,pkj0309_0503_right,pkj-0309__20260503-right-93__20260503_165802.npz
pkj0309,pkj-0309,right,20260503,94,20260503_170022,pkj0309_0503_right,pkj-0309__20260503-right-94__20260503_170022.npz
pkj0309,pkj-0309,right,20260503,95,20260503_170244,pkj0309_0503_right,pkj-0309__20260503-right-95__20260503_170244.npz
pkj0309,pkj-0309,right,20260503,96,20260503_170510,pkj0309_0503_right,pkj-0309__20260503-right-96__20260503_170510.npz
pkj0309,pkj-0309,right,20260503,97,20260503_170733,pkj0309_0503_right,pkj-0309__20260503-right-97__20260503_170733.npz
pkj0309,pkj-0309,right,20260503,98,20260503_170951,pkj0309_0503_right,pkj-0309__20260503-right-98__20260503_170951.npz
pkj0309,pkj-0309,right,20260503,99,20260503_171222,pkj0309_0503_right,pkj-0309__20260503-right-99__20260503_171222.npz
pkj0309,pkj-0309,right,20260503,9,20260503_110213,pkj0309_0503_right,pkj-0309__20260503-right-9__20260503_110213.npz
pkj0309,pkj-0309,right,20260503,,20260503_103416,pkj0309_0503_right,pkj-0309__20260503-right__20260503_103416.npz
pkj0309,pkj-0309,left,20260505,100,20260505_163459,pkj0309_0505_left,pkj-0309__20260505-left-100__20260505_163459.npz
pkj0309,pkj-0309,left,20260505,101,20260505_165206,pkj0309_0505_left,pkj-0309__20260505-left-101__20260505_165206.npz
pkj0309,pkj-0309,left,20260505,102,20260505_165425,pkj0309_0505_left,pkj-0309__20260505-left-102__20260505_165425.npz
pkj0309,pkj-0309,left,20260505,103,20260505_165641,pkj0309_0505_left,pkj-0309__20260505-left-103__20260505_165641.npz
pkj0309,pkj-0309,left,20260505,104,20260505_165858,pkj0309_0505_left,pkj-0309__20260505-left-104__20260505_165858.npz
pkj0309,pkj-0309,left,20260505,105,20260505_170115,pkj0309_0505_left,pkj-0309__20260505-left-105__20260505_170115.npz
pkj0309,pkj-0309,left,20260505,106,20260505_170339,pkj0309_0505_left,pkj-0309__20260505-left-106__20260505_170339.npz
pkj0309,pkj-0309,left,20260505,107,20260505_170557,pkj0309_0505_left,pkj-0309__20260505-left-107__20260505_170557.npz
pkj0309,pkj-0309,left,20260505,108,20260505_170814,pkj0309_0505_left,pkj-0309__20260505-left-108__20260505_170814.npz
pkj0309,pkj-0309,left,20260505,109,20260505_171128,pkj0309_0505_left,pkj-0309__20260505-left-109__20260505_171128.npz
pkj0309,pkj-0309,left,20260505,10,20260505_103755,pkj0309_0505_left,pkj-0309__20260505-left-10__20260505_103755.npz
pkj0309,pkj-0309,left,20260505,110,20260505_171351,pkj0309_0505_left,pkj-0309__20260505-left-110__20260505_171351.npz
pkj0309,pkj-0309,left,20260505,111,20260505_171733,pkj0309_0505_left,pkj-0309__20260505-left-111__20260505_171733.npz
pkj0309,pkj-0309,left,20260505,112,20260505_171953,pkj0309_0505_left,pkj-0309__20260505-left-112__20260505_171953.npz
pkj0309,pkj-0309,left,20260505,113,20260505_172211,pkj0309_0505_left,pkj-0309__20260505-left-113__20260505_172211.npz
pkj0309,pkj-0309,left,20260505,114,20260505_172434,pkj0309_0505_left,pkj-0309__20260505-left-114__20260505_172434.npz
pkj0309,pkj-0309,left,20260505,115,20260505_172700,pkj0309_0505_left,pkj-0309__20260505-left-115__20260505_172700.npz
pkj0309,pkj-0309,left,20260505,116,20260505_172919,pkj0309_0505_left,pkj-0309__20260505-left-116__20260505_172919.npz
pkj0309,pkj-0309,left,20260505,117,20260505_173144,pkj0309_0505_left,pkj-0309__20260505-left-117__20260505_173144.npz
pkj0309,pkj-0309,left,20260505,118,20260505_173402,pkj0309_0505_left,pkj-0309__20260505-left-118__20260505_173402.npz
pkj0309,pkj-0309,left,20260505,119,20260505_173620,pkj0309_0505_left,pkj-0309__20260505-left-119__20260505_173620.npz
pkj0309,pkj-0309,left,20260505,11,20260505_104014,pkj0309_0505_left,pkj-0309__20260505-left-11__20260505_104014.npz
pkj0309,pkj-0309,left,20260505,120,20260505_173840,pkj0309_0505_left,pkj-0309__20260505-left-120__20260505_173840.npz
pkj0309,pkj-0309,left,20260505,12,20260505_104244,pkj0309_0505_left,pkj-0309__20260505-left-12__20260505_104244.npz
pkj0309,pkj-0309,left,20260505,13,20260505_104523,pkj0309_0505_left,pkj-0309__20260505-left-13__20260505_104523.npz
pkj0309,pkj-0309,left,20260505,14,20260505_104743,pkj0309_0505_left,pkj-0309__20260505-left-14__20260505_104743.npz
pkj0309,pkj-0309,left,20260505,15,20260505_105004,pkj0309_0505_left,pkj-0309__20260505-left-15__20260505_105004.npz
pkj0309,pkj-0309,left,20260505,16,20260505_105221,pkj0309_0505_left,pkj-0309__20260505-left-16__20260505_105221.npz
pkj0309,pkj-0309,left,20260505,17,20260505_105441,pkj0309_0505_left,pkj-0309__20260505-left-17__20260505_105441.npz
pkj0309,pkj-0309,left,20260505,18,20260505_105658,pkj0309_0505_left,pkj-0309__20260505-left-18__20260505_105658.npz
pkj0309,pkj-0309,left,20260505,19,20260505_105915,pkj0309_0505_left,pkj-0309__20260505-left-19__20260505_105915.npz
pkj0309,pkj-0309,left,20260505,20,20260505_110135,pkj0309_0505_left,pkj-0309__20260505-left-20__20260505_110135.npz
pkj0309,pkj-0309,left,20260505,21,20260505_112850,pkj0309_0505_left,pkj-0309__20260505-left-21__20260505_112850.npz
pkj0309,pkj-0309,left,20260505,22,20260505_113113,pkj0309_0505_left,pkj-0309__20260505-left-22__20260505_113113.npz
pkj0309,pkj-0309,left,20260505,23,20260505_113333,pkj0309_0505_left,pkj-0309__20260505-left-23__20260505_113333.npz
pkj0309,pkj-0309,left,20260505,24,20260505_113552,pkj0309_0505_left,pkj-0309__20260505-left-24__20260505_113552.npz
pkj0309,pkj-0309,left,20260505,25,20260505_113813,pkj0309_0505_left,pkj-0309__20260505-left-25__20260505_113813.npz
pkj0309,pkj-0309,left,20260505,26,20260505_114105,pkj0309_0505_left,pkj-0309__20260505-left-26__20260505_114105.npz
pkj0309,pkj-0309,left,20260505,27,20260505_114335,pkj0309_0505_left,pkj-0309__20260505-left-27__20260505_114335.npz
pkj0309,pkj-0309,left,20260505,28,20260505_114636,pkj0309_0505_left,pkj-0309__20260505-left-28__20260505_114636.npz
pkj0309,pkj-0309,left,20260505,29,20260505_114901,pkj0309_0505_left,pkj-0309__20260505-left-29__20260505_114901.npz
pkj0309,pkj-0309,left,20260505,2,20260505_101902,pkj0309_0505_left,pkj-0309__20260505-left-2__20260505_101902.npz
pkj0309,pkj-0309,left,20260505,30,20260505_115124,pkj0309_0505_left,pkj-0309__20260505-left-30__20260505_115124.npz
pkj0309,pkj-0309,left,20260505,31,20260505_115342,pkj0309_0505_left,pkj-0309__20260505-left-31__20260505_115342.npz
pkj0309,pkj-0309,left,20260505,32,20260505_115601,pkj0309_0505_left,pkj-0309__20260505-left-32__20260505_115601.npz
pkj0309,pkj-0309,left,20260505,33,20260505_131148,pkj0309_0505_left,pkj-0309__20260505-left-33__20260505_131148.npz
pkj0309,pkj-0309,left,20260505,34,20260505_131408,pkj0309_0505_left,pkj-0309__20260505-left-34__20260505_131408.npz
pkj0309,pkj-0309,left,20260505,35,20260505_131627,pkj0309_0505_left,pkj-0309__20260505-left-35__20260505_131627.npz
pkj0309,pkj-0309,left,20260505,36,20260505_131850,pkj0309_0505_left,pkj-0309__20260505-left-36__20260505_131850.npz
pkj0309,pkj-0309,left,20260505,37,20260505_132122,pkj0309_0505_left,pkj-0309__20260505-left-37__20260505_132122.npz
pkj0309,pkj-0309,left,20260505,38,20260505_132340,pkj0309_0505_left,pkj-0309__20260505-left-38__20260505_132340.npz
pkj0309,pkj-0309,left,20260505,39,20260505_132559,pkj0309_0505_left,pkj-0309__20260505-left-39__20260505_132559.npz
pkj0309,pkj-0309,left,20260505,3,20260505_102136,pkj0309_0505_left,pkj-0309__20260505-left-3__20260505_102136.npz
pkj0309,pkj-0309,left,20260505,40,20260505_132817,pkj0309_0505_left,pkj-0309__20260505-left-40__20260505_132817.npz
pkj0309,pkj-0309,left,20260505,41,20260505_133254,pkj0309_0505_left,pkj-0309__20260505-left-41__20260505_133254.npz
pkj0309,pkj-0309,left,20260505,42,20260505_133514,pkj0309_0505_left,pkj-0309__20260505-left-42__20260505_133514.npz
pkj0309,pkj-0309,left,20260505,43,20260505_133737,pkj0309_0505_left,pkj-0309__20260505-left-43__20260505_133737.npz
pkj0309,pkj-0309,left,20260505,44,20260505_133954,pkj0309_0505_left,pkj-0309__20260505-left-44__20260505_133954.npz
pkj0309,pkj-0309,left,20260505,45,20260505_134213,pkj0309_0505_left,pkj-0309__20260505-left-45__20260505_134213.npz
pkj0309,pkj-0309,left,20260505,46,20260505_134431,pkj0309_0505_left,pkj-0309__20260505-left-46__20260505_134431.npz
pkj0309,pkj-0309,left,20260505,47,20260505_134651,pkj0309_0505_left,pkj-0309__20260505-left-47__20260505_134651.npz
pkj0309,pkj-0309,left,20260505,48,20260505_134909,pkj0309_0505_left,pkj-0309__20260505-left-48__20260505_134909.npz
pkj0309,pkj-0309,left,20260505,49,20260505_135126,pkj0309_0505_left,pkj-0309__20260505-left-49__20260505_135126.npz
pkj0309,pkj-0309,left,20260505,4,20260505_102404,pkj0309_0505_left,pkj-0309__20260505-left-4__20260505_102404.npz
pkj0309,pkj-0309,left,20260505,50,20260505_135344,pkj0309_0505_left,pkj-0309__20260505-left-50__20260505_135344.npz
pkj0309,pkj-0309,left,20260505,51,20260505_135604,pkj0309_0505_left,pkj-0309__20260505-left-51__20260505_135604.npz
pkj0309,pkj-0309,left,20260505,52,20260505_135822,pkj0309_0505_left,pkj-0309__20260505-left-52__20260505_135822.npz
pkj0309,pkj-0309,left,20260505,53,20260505_140038,pkj0309_0505_left,pkj-0309__20260505-left-53__20260505_140038.npz
pkj0309,pkj-0309,left,20260505,54,20260505_140255,pkj0309_0505_left,pkj-0309__20260505-left-54__20260505_140255.npz
pkj0309,pkj-0309,left,20260505,55,20260505_140513,pkj0309_0505_left,pkj-0309__20260505-left-55__20260505_140513.npz
pkj0309,pkj-0309,left,20260505,56,20260505_140730,pkj0309_0505_left,pkj-0309__20260505-left-56__20260505_140730.npz
pkj0309,pkj-0309,left,20260505,57,20260505_140949,pkj0309_0505_left,pkj-0309__20260505-left-57__20260505_140949.npz
pkj0309,pkj-0309,left,20260505,58,20260505_141206,pkj0309_0505_left,pkj-0309__20260505-left-58__20260505_141206.npz
pkj0309,pkj-0309,left,20260505,59,20260505_141427,pkj0309_0505_left,pkj-0309__20260505-left-59__20260505_141427.npz
pkj0309,pkj-0309,left,20260505,5,20260505_102623,pkj0309_0505_left,pkj-0309__20260505-left-5__20260505_102623.npz
pkj0309,pkj-0309,left,20260505,60,20260505_141645,pkj0309_0505_left,pkj-0309__20260505-left-60__20260505_141645.npz
pkj0309,pkj-0309,left,20260505,61,20260505_144528,pkj0309_0505_left,pkj-0309__20260505-left-61__20260505_144528.npz
pkj0309,pkj-0309,left,20260505,61,20260505_144746,pkj0309_0505_left,pkj-0309__20260505-left-61__20260505_144746.npz
pkj0309,pkj-0309,left,20260505,62,20260505_145043,pkj0309_0505_left,pkj-0309__20260505-left-62__20260505_145043.npz
pkj0309,pkj-0309,left,20260505,63,20260505_145301,pkj0309_0505_left,pkj-0309__20260505-left-63__20260505_145301.npz
pkj0309,pkj-0309,left,20260505,64,20260505_145518,pkj0309_0505_left,pkj-0309__20260505-left-64__20260505_145518.npz
pkj0309,pkj-0309,left,20260505,65,20260505_145740,pkj0309_0505_left,pkj-0309__20260505-left-65__20260505_145740.npz
pkj0309,pkj-0309,left,20260505,66,20260505_145956,pkj0309_0505_left,pkj-0309__20260505-left-66__20260505_145956.npz
pkj0309,pkj-0309,left,20260505,67,20260505_150213,pkj0309_0505_left,pkj-0309__20260505-left-67__20260505_150213.npz
pkj0309,pkj-0309,left,20260505,68,20260505_150430,pkj0309_0505_left,pkj-0309__20260505-left-68__20260505_150430.npz
pkj0309,pkj-0309,left,20260505,69,20260505_150648,pkj0309_0505_left,pkj-0309__20260505-left-69__20260505_150648.npz
pkj0309,pkj-0309,left,20260505,6,20260505_102840,pkj0309_0505_left,pkj-0309__20260505-left-6__20260505_102840.npz
pkj0309,pkj-0309,left,20260505,70,20260505_150911,pkj0309_0505_left,pkj-0309__20260505-left-70__20260505_150911.npz
pkj0309,pkj-0309,left,20260505,71,20260505_151128,pkj0309_0505_left,pkj-0309__20260505-left-71__20260505_151128.npz
pkj0309,pkj-0309,left,20260505,72,20260505_151352,pkj0309_0505_left,pkj-0309__20260505-left-72__20260505_151352.npz
pkj0309,pkj-0309,left,20260505,73,20260505_151609,pkj0309_0505_left,pkj-0309__20260505-left-73__20260505_151609.npz
pkj0309,pkj-0309,left,20260505,74,20260505_151828,pkj0309_0505_left,pkj-0309__20260505-left-74__20260505_151828.npz
pkj0309,pkj-0309,left,20260505,75,20260505_152045,pkj0309_0505_left,pkj-0309__20260505-left-75__20260505_152045.npz
pkj0309,pkj-0309,left,20260505,76,20260505_152338,pkj0309_0505_left,pkj-0309__20260505-left-76__20260505_152338.npz
pkj0309,pkj-0309,left,20260505,77,20260505_152554,pkj0309_0505_left,pkj-0309__20260505-left-77__20260505_152554.npz
pkj0309,pkj-0309,left,20260505,78,20260505_152811,pkj0309_0505_left,pkj-0309__20260505-left-78__20260505_152811.npz
pkj0309,pkj-0309,left,20260505,79,20260505_153028,pkj0309_0505_left,pkj-0309__20260505-left-79__20260505_153028.npz
pkj0309,pkj-0309,left,20260505,7,20260505_103059,pkj0309_0505_left,pkj-0309__20260505-left-7__20260505_103059.npz
pkj0309,pkj-0309,left,20260505,80,20260505_153245,pkj0309_0505_left,pkj-0309__20260505-left-80__20260505_153245.npz
pkj0309,pkj-0309,left,20260505,81,20260505_154902,pkj0309_0505_left,pkj-0309__20260505-left-81__20260505_154902.npz
pkj0309,pkj-0309,left,20260505,82,20260505_155123,pkj0309_0505_left,pkj-0309__20260505-left-82__20260505_155123.npz
pkj0309,pkj-0309,left,20260505,83,20260505_155344,pkj0309_0505_left,pkj-0309__20260505-left-83__20260505_155344.npz
pkj0309,pkj-0309,left,20260505,84,20260505_155601,pkj0309_0505_left,pkj-0309__20260505-left-84__20260505_155601.npz
pkj0309,pkj-0309,left,20260505,85,20260505_155820,pkj0309_0505_left,pkj-0309__20260505-left-85__20260505_155820.npz
pkj0309,pkj-0309,left,20260505,86,20260505_160037,pkj0309_0505_left,pkj-0309__20260505-left-86__20260505_160037.npz
pkj0309,pkj-0309,left,20260505,87,20260505_160254,pkj0309_0505_left,pkj-0309__20260505-left-87__20260505_160254.npz
pkj0309,pkj-0309,left,20260505,88,20260505_160513,pkj0309_0505_left,pkj-0309__20260505-left-88__20260505_160513.npz
pkj0309,pkj-0309,left,20260505,89,20260505_160733,pkj0309_0505_left,pkj-0309__20260505-left-89__20260505_160733.npz
pkj0309,pkj-0309,left,20260505,8,20260505_103318,pkj0309_0505_left,pkj-0309__20260505-left-8__20260505_103318.npz
pkj0309,pkj-0309,left,20260505,90,20260505_160950,pkj0309_0505_left,pkj-0309__20260505-left-90__20260505_160950.npz
pkj0309,pkj-0309,left,20260505,91,20260505_161215,pkj0309_0505_left,pkj-0309__20260505-left-91__20260505_161215.npz
pkj0309,pkj-0309,left,20260505,92,20260505_161433,pkj0309_0505_left,pkj-0309__20260505-left-92__20260505_161433.npz
pkj0309,pkj-0309,left,20260505,93,20260505_161800,pkj0309_0505_left,pkj-0309__20260505-left-93__20260505_161800.npz
pkj0309,pkj-0309,left,20260505,94,20260505_162107,pkj0309_0505_left,pkj-0309__20260505-left-94__20260505_162107.npz
pkj0309,pkj-0309,left,20260505,95,20260505_162327,pkj0309_0505_left,pkj-0309__20260505-left-95__20260505_162327.npz
pkj0309,pkj-0309,left,20260505,96,20260505_162545,pkj0309_0505_left,pkj-0309__20260505-left-96__20260505_162545.npz
pkj0309,pkj-0309,left,20260505,97,20260505_162803,pkj0309_0505_left,pkj-0309__20260505-left-97__20260505_162803.npz
pkj0309,pkj-0309,left,20260505,98,20260505_163020,pkj0309_0505_left,pkj-0309__20260505-left-98__20260505_163020.npz
pkj0309,pkj-0309,left,20260505,99,20260505_163239,pkj0309_0505_left,pkj-0309__20260505-left-99__20260505_163239.npz
pkj0309,pkj-0309,left,20260505,9,20260505_103537,pkj0309_0505_left,pkj-0309__20260505-left-9__20260505_103537.npz
pkj0309,pkj-0309,left,20260505,,20260505_101631,pkj0309_0505_left,pkj-0309__20260505-left__20260505_101631.npz
ghd1108,ghd-1108,right,20260521,2,20260521_142334,pose_20260520-0522_run1,ghd-1108__20260521-right-2__20260521_142334.npz
ghd1108,ghd-1108,right,20260521,2,20260521_142553,pose_20260520-0522_run1,ghd-1108__20260521-right-2__20260521_142553.npz
ghd1108,ghd-1108,right,20260521,2,20260521_142810,pose_20260520-0522_run1,ghd-1108__20260521-right-2__20260521_142810.npz
ghd1108,ghd-1108,right,20260521,2,20260521_143028,pose_20260520-0522_run1,ghd-1108__20260521-right-2__20260521_143028.npz
ghd1108,ghd-1108,right,20260521,2,20260521_143246,pose_20260520-0522_run1,ghd-1108__20260521-right-2__20260521_143246.npz
ghd1108,ghd-1108,right,20260521,2,20260521_143506,pose_20260520-0522_run1,ghd-1108__20260521-right-2__20260521_143506.npz
ghd1108,ghd-1108,right,20260521,2,20260521_143727,pose_20260520-0522_run1,ghd-1108__20260521-right-2__20260521_143727.npz
ghd1108,ghd-1108,right,20260521,2,20260521_143951,pose_20260520-0522_run1,ghd-1108__20260521-right-2__20260521_143951.npz
ghd1108,ghd-1108,right,20260521,2,20260521_144212,pose_20260520-0522_run1,ghd-1108__20260521-right-2__20260521_144212.npz
ghd1108,ghd-1108,right,20260521,2,20260521_144430,pose_20260520-0522_run1,ghd-1108__20260521-right-2__20260521_144430.npz
ghd1108,ghd-1108,right,20260521,2,20260521_144647,pose_20260520-0522_run1,ghd-1108__20260521-right-2__20260521_144647.npz
ghd1108,ghd-1108,right,20260521,2,20260521_144907,pose_20260520-0522_run1,ghd-1108__20260521-right-2__20260521_144907.npz
ghd1108,ghd-1108,right,20260521,2,20260521_145126,pose_20260520-0522_run1,ghd-1108__20260521-right-2__20260521_145126.npz
ghd1108,ghd-1108,right,20260521,2,20260521_145344,pose_20260520-0522_run1,ghd-1108__20260521-right-2__20260521_145344.npz
ghd1108,ghd-1108,right,20260521,2,20260521_145601,pose_20260520-0522_run1,ghd-1108__20260521-right-2__20260521_145601.npz
ghd1108,ghd-1108,right,20260521,2,20260521_145820,pose_20260520-0522_run1,ghd-1108__20260521-right-2__20260521_145820.npz
ghd1108,ghd-1108,right,20260521,2,20260521_150038,pose_20260520-0522_run1,ghd-1108__20260521-right-2__20260521_150038.npz
ghd1108,ghd-1108,right,20260521,2,20260521_150311,pose_20260520-0522_run1,ghd-1108__20260521-right-2__20260521_150311.npz
ghd1108,ghd-1108,right,20260521,2,20260521_151835,pose_20260520-0522_run1,ghd-1108__20260521-right-2__20260521_151835.npz
ghd1108,ghd-1108,right,20260521,2,20260521_152103,pose_20260520-0522_run1,ghd-1108__20260521-right-2__20260521_152103.npz
ghd1108,ghd-1108,right,20260521,,20260521_103126,pose_20260520-0522_run1,ghd-1108__20260521-right__20260521_103126.npz
ghd1108,ghd-1108,right,20260521,,20260521_103350,pose_20260520-0522_run1,ghd-1108__20260521-right__20260521_103350.npz
ghd1108,ghd-1108,right,20260521,,20260521_103620,pose_20260520-0522_run1,ghd-1108__20260521-right__20260521_103620.npz
ghd1108,ghd-1108,right,20260521,,20260521_103855,pose_20260520-0522_run1,ghd-1108__20260521-right__20260521_103855.npz
ghd1108,ghd-1108,right,20260521,,20260521_104133,pose_20260520-0522_run1,ghd-1108__20260521-right__20260521_104133.npz
ghd1108,ghd-1108,right,20260521,,20260521_104355,pose_20260520-0522_run1,ghd-1108__20260521-right__20260521_104355.npz
ghd1108,ghd-1108,right,20260521,,20260521_104612,pose_20260520-0522_run1,ghd-1108__20260521-right__20260521_104612.npz
ghd1108,ghd-1108,right,20260521,,20260521_104831,pose_20260520-0522_run1,ghd-1108__20260521-right__20260521_104831.npz
ghd1108,ghd-1108,right,20260521,,20260521_105051,pose_20260520-0522_run1,ghd-1108__20260521-right__20260521_105051.npz
ghd1108,ghd-1108,right,20260521,,20260521_105310,pose_20260520-0522_run1,ghd-1108__20260521-right__20260521_105310.npz
ghd1108,ghd-1108,right,20260521,,20260521_105528,pose_20260520-0522_run1,ghd-1108__20260521-right__20260521_105528.npz
ghd1108,ghd-1108,right,20260521,,20260521_105744,pose_20260520-0522_run1,ghd-1108__20260521-right__20260521_105744.npz
ghd1108,ghd-1108,right,20260521,,20260521_105958,pose_20260520-0522_run1,ghd-1108__20260521-right__20260521_105958.npz
ghd1108,ghd-1108,right,20260521,,20260521_112420,pose_20260520-0522_run1,ghd-1108__20260521-right__20260521_112420.npz
ghd1108,ghd-1108,right,20260521,,20260521_112637,pose_20260520-0522_run1,ghd-1108__20260521-right__20260521_112637.npz
ghd1108,ghd-1108,right,20260521,,20260521_112856,pose_20260520-0522_run1,ghd-1108__20260521-right__20260521_112856.npz
ghd1108,ghd-1108,right,20260521,,20260521_113113,pose_20260520-0522_run1,ghd-1108__20260521-right__20260521_113113.npz
ghd1108,ghd-1108,right,20260521,,20260521_113331,pose_20260520-0522_run1,ghd-1108__20260521-right__20260521_113331.npz
ghd1108,ghd-1108,right,20260521,,20260521_113547,pose_20260520-0522_run1,ghd-1108__20260521-right__20260521_113547.npz
ghd1108,ghd-1108,right,20260521,,20260521_113803,pose_20260520-0522_run1,ghd-1108__20260521-right__20260521_113803.npz
ghd1108,ghd-1108,right,20260521,,20260521_132006,pose_20260520-0522_run1,ghd-1108__20260521-right__20260521_132006.npz
ghd1108,ghd-1108,right,20260521,,20260521_132222,pose_20260520-0522_run1,ghd-1108__20260521-right__20260521_132222.npz
ghd1108,ghd-1108,right,20260521,,20260521_132442,pose_20260520-0522_run1,ghd-1108__20260521-right__20260521_132442.npz
ghd1108,ghd-1108,right,20260521,,20260521_132659,pose_20260520-0522_run1,ghd-1108__20260521-right__20260521_132659.npz
ghd1108,ghd-1108,right,20260521,,20260521_132930,pose_20260520-0522_run1,ghd-1108__20260521-right__20260521_132930.npz
ghd1108,ghd-1108,right,20260521,,20260521_133148,pose_20260520-0522_run1,ghd-1108__20260521-right__20260521_133148.npz
ghd1108,ghd-1108,right,20260521,,20260521_133410,pose_20260520-0522_run1,ghd-1108__20260521-right__20260521_133410.npz
ghd1108,ghd-1108,right,20260521,,20260521_133631,pose_20260520-0522_run1,ghd-1108__20260521-right__20260521_133631.npz
ghd1108,ghd-1108,right,20260521,,20260521_133849,pose_20260520-0522_run1,ghd-1108__20260521-right__20260521_133849.npz
ghd1108,ghd-1108,right,20260521,,20260521_134107,pose_20260520-0522_run1,ghd-1108__20260521-right__20260521_134107.npz
ghd1108,ghd-1108,right,20260521,,20260521_134324,pose_20260520-0522_run1,ghd-1108__20260521-right__20260521_134324.npz
ghd1108,ghd-1108,right,20260521,,20260521_134541,pose_20260520-0522_run1,ghd-1108__20260521-right__20260521_134541.npz
ghd1108,ghd-1108,right,20260521,,20260521_134806,pose_20260520-0522_run1,ghd-1108__20260521-right__20260521_134806.npz
ghd1108,ghd-1108,right,20260521,,20260521_135027,pose_20260520-0522_run1,ghd-1108__20260521-right__20260521_135027.npz
ghd1108,ghd-1108,right,20260521,,20260521_135245,pose_20260520-0522_run1,ghd-1108__20260521-right__20260521_135245.npz
ghd1108,ghd-1108,right,20260521,,20260521_135503,pose_20260520-0522_run1,ghd-1108__20260521-right__20260521_135503.npz
ghd1108,ghd-1108,right,20260521,,20260521_135720,pose_20260520-0522_run1,ghd-1108__20260521-right__20260521_135720.npz
ghd1108,ghd-1108,right,20260521,,20260521_140835,pose_20260520-0522_run1,ghd-1108__20260521-right__20260521_140835.npz
ghd1108,ghd-1108,right,20260521,,20260521_141053,pose_20260520-0522_run1,ghd-1108__20260521-right__20260521_141053.npz
ghd1108,ghd-1108,right,20260521,,20260521_141310,pose_20260520-0522_run1,ghd-1108__20260521-right__20260521_141310.npz
gzx1027,gzx-1027,left,20260522,2,20260522_112406,pose_20260520-0522_run1,gzx-1027__20260522-left-2__20260522_112406.npz
gzx1027,gzx-1027,left,20260522,2,20260522_112633,pose_20260520-0522_run1,gzx-1027__20260522-left-2__20260522_112633.npz
gzx1027,gzx-1027,left,20260522,2,20260522_112857,pose_20260520-0522_run1,gzx-1027__20260522-left-2__20260522_112857.npz
gzx1027,gzx-1027,left,20260522,2,20260522_113118,pose_20260520-0522_run1,gzx-1027__20260522-left-2__20260522_113118.npz
gzx1027,gzx-1027,left,20260522,3,20260522_113922,pose_20260520-0522_run1,gzx-1027__20260522-left-3__20260522_113922.npz
gzx1027,gzx-1027,left,20260522,3,20260522_114318,pose_20260520-0522_run1,gzx-1027__20260522-left-3__20260522_114318.npz
gzx1027,gzx-1027,left,20260522,3,20260522_114541,pose_20260520-0522_run1,gzx-1027__20260522-left-3__20260522_114541.npz
gzx1027,gzx-1027,left,20260522,3,20260522_114805,pose_20260520-0522_run1,gzx-1027__20260522-left-3__20260522_114805.npz
gzx1027,gzx-1027,left,20260522,3,20260522_115025,pose_20260520-0522_run1,gzx-1027__20260522-left-3__20260522_115025.npz
gzx1027,gzx-1027,left,20260522,3,20260522_115244,pose_20260520-0522_run1,gzx-1027__20260522-left-3__20260522_115244.npz
gzx1027,gzx-1027,left,20260522,3,20260522_115514,pose_20260520-0522_run1,gzx-1027__20260522-left-3__20260522_115514.npz
gzx1027,gzx-1027,left,20260522,,20260522_105444,pose_20260520-0522_run1,gzx-1027__20260522-left__20260522_105444.npz
gzx1027,gzx-1027,left,20260522,,20260522_105709,pose_20260520-0522_run1,gzx-1027__20260522-left__20260522_105709.npz
gzx1027,gzx-1027,left,20260522,,20260522_110005,pose_20260520-0522_run1,gzx-1027__20260522-left__20260522_110005.npz
gzx1027,gzx-1027,left,20260522,,20260522_110240,pose_20260520-0522_run1,gzx-1027__20260522-left__20260522_110240.npz
gzx1027,gzx-1027,left,20260522,,20260522_110504,pose_20260520-0522_run1,gzx-1027__20260522-left__20260522_110504.npz
gzx1027,gzx-1027,left,20260522,,20260522_110744,pose_20260520-0522_run1,gzx-1027__20260522-left__20260522_110744.npz
gzx1027,gzx-1027,left,20260522,,20260522_111009,pose_20260520-0522_run1,gzx-1027__20260522-left__20260522_111009.npz
gzx1027,gzx-1027,left,20260522,,20260522_111233,pose_20260520-0522_run1,gzx-1027__20260522-left__20260522_111233.npz
gzx1027,gzx-1027,left,20260522,,20260522_111502,pose_20260520-0522_run1,gzx-1027__20260522-left__20260522_111502.npz
gzx1027,gzx-1027,left,20260522,,20260522_131450,pose_20260520-0522_run1,gzx-1027__20260522-left__20260522_131450.npz
gzx1027,gzx-1027,left,20260522,,20260522_131719,pose_20260520-0522_run1,gzx-1027__20260522-left__20260522_131719.npz
gzx1027,gzx-1027,left,20260522,,20260522_131943,pose_20260520-0522_run1,gzx-1027__20260522-left__20260522_131943.npz
gzx1027,gzx-1027,left,20260522,,20260522_132205,pose_20260520-0522_run1,gzx-1027__20260522-left__20260522_132205.npz
gzx1027,gzx-1027,left,20260522,,20260522_132428,pose_20260520-0522_run1,gzx-1027__20260522-left__20260522_132428.npz
gzx1027,gzx-1027,left,20260522,,20260522_132657,pose_20260520-0522_run1,gzx-1027__20260522-left__20260522_132657.npz
gzx1027,gzx-1027,left,20260522,,20260522_132919,pose_20260520-0522_run1,gzx-1027__20260522-left__20260522_132919.npz
gzx1027,gzx-1027,left,20260522,,20260522_133141,pose_20260520-0522_run1,gzx-1027__20260522-left__20260522_133141.npz
gzx1027,gzx-1027,left,20260522,,20260522_133402,pose_20260520-0522_run1,gzx-1027__20260522-left__20260522_133402.npz
gzx1027,gzx-1027,left,20260522,,20260522_133625,pose_20260520-0522_run1,gzx-1027__20260522-left__20260522_133625.npz
gzx1027,gzx-1027,left,20260522,,20260522_133858,pose_20260520-0522_run1,gzx-1027__20260522-left__20260522_133858.npz
gzx1027,gzx-1027,left,20260522,,20260522_134244,pose_20260520-0522_run1,gzx-1027__20260522-left__20260522_134244.npz
gzx1027,gzx-1027,left,20260522,,20260522_134506,pose_20260520-0522_run1,gzx-1027__20260522-left__20260522_134506.npz
gzx1027,gzx-1027,left,20260522,,20260522_134732,pose_20260520-0522_run1,gzx-1027__20260522-left__20260522_134732.npz
gzx1027,gzx-1027,left,20260522,,20260522_134954,pose_20260520-0522_run1,gzx-1027__20260522-left__20260522_134954.npz
gzx1027,gzx-1027,left,20260522,,20260522_135245,pose_20260520-0522_run1,gzx-1027__20260522-left__20260522_135245.npz
gzx1027,gzx-1027,left,20260522,,20260522_135535,pose_20260520-0522_run1,gzx-1027__20260522-left__20260522_135535.npz
gzx1027,gzx-1027,left,20260522,,20260522_135815,pose_20260520-0522_run1,gzx-1027__20260522-left__20260522_135815.npz
gzx1027,gzx-1027,left,20260522,,20260522_140042,pose_20260520-0522_run1,gzx-1027__20260522-left__20260522_140042.npz
gzx1027,gzx-1027,left,20260522,,20260522_140315,pose_20260520-0522_run1,gzx-1027__20260522-left__20260522_140315.npz
gzx1027,gzx-1027,left,20260522,,20260522_142228,pose_20260520-0522_run1,gzx-1027__20260522-left__20260522_142228.npz
gzx1027,gzx-1027,left,20260522,,20260522_142504,pose_20260520-0522_run1,gzx-1027__20260522-left__20260522_142504.npz
gzx1027,gzx-1027,left,20260522,,20260522_142725,pose_20260520-0522_run1,gzx-1027__20260522-left__20260522_142725.npz
gzx1027,gzx-1027,left,20260522,,20260522_142953,pose_20260520-0522_run1,gzx-1027__20260522-left__20260522_142953.npz
gzx1027,gzx-1027,left,20260522,,20260522_143220,pose_20260520-0522_run1,gzx-1027__20260522-left__20260522_143220.npz
gzx1027,gzx-1027,left,20260522,,20260522_143458,pose_20260520-0522_run1,gzx-1027__20260522-left__20260522_143458.npz
gzx1027,gzx-1027,left,20260522,,20260522_143722,pose_20260520-0522_run1,gzx-1027__20260522-left__20260522_143722.npz
gzx1027,gzx-1027,left,20260522,,20260522_143944,pose_20260520-0522_run1,gzx-1027__20260522-left__20260522_143944.npz
gzx1027,gzx-1027,left,20260522,,20260522_144209,pose_20260520-0522_run1,gzx-1027__20260522-left__20260522_144209.npz
gzx1027,gzx-1027,left,20260522,,20260522_144429,pose_20260520-0522_run1,gzx-1027__20260522-left__20260522_144429.npz
gzx1027,gzx-1027,left,20260522,,20260522_144700,pose_20260520-0522_run1,gzx-1027__20260522-left__20260522_144700.npz
gzx1027,gzx-1027,left,20260522,,20260522_144954,pose_20260520-0522_run1,gzx-1027__20260522-left__20260522_144954.npz
gzx1027,gzx-1027,left,20260522,,20260522_145456,pose_20260520-0522_run1,gzx-1027__20260522-left__20260522_145456.npz
gzx1027,gzx-1027,left,20260522,,20260522_145731,pose_20260520-0522_run1,gzx-1027__20260522-left__20260522_145731.npz
gzx1027,gzx-1027,left,20260522,,20260522_145951,pose_20260520-0522_run1,gzx-1027__20260522-left__20260522_145951.npz
gzx1027,gzx-1027,left,20260522,,20260522_150327,pose_20260520-0522_run1,gzx-1027__20260522-left__20260522_150327.npz
gzx1027,gzx-1027,left,20260522,,20260522_150551,pose_20260520-0522_run1,gzx-1027__20260522-left__20260522_150551.npz
gzx1027,gzx-1027,left,20260522,,20260522_150932,pose_20260520-0522_run1,gzx-1027__20260522-left__20260522_150932.npz
gzx1027,gzx-1027,left,20260522,,20260522_151204,pose_20260520-0522_run1,gzx-1027__20260522-left__20260522_151204.npz
gzx1027,gzx-1027,left,20260522,,20260522_151441,pose_20260520-0522_run1,gzx-1027__20260522-left__20260522_151441.npz
lah0708,lah-0708,left,20260520,,20260520_192017,pose_20260520-0522_run1,lah-0708__20260520-left__20260520_192017.npz
lah0708,lah-0708,left,20260520,,20260520_192257,pose_20260520-0522_run1,lah-0708__20260520-left__20260520_192257.npz
lah0708,lah-0708,left,20260520,,20260520_192533,pose_20260520-0522_run1,lah-0708__20260520-left__20260520_192533.npz
lah0708,lah-0708,left,20260520,,20260520_192753,pose_20260520-0522_run1,lah-0708__20260520-left__20260520_192753.npz
lah0708,lah-0708,left,20260520,,20260520_193014,pose_20260520-0522_run1,lah-0708__20260520-left__20260520_193014.npz
lah0708,lah-0708,left,20260520,,20260520_193234,pose_20260520-0522_run1,lah-0708__20260520-left__20260520_193234.npz
lah0708,lah-0708,left,20260520,,20260520_193453,pose_20260520-0522_run1,lah-0708__20260520-left__20260520_193453.npz
lah0708,lah-0708,left,20260520,,20260520_194223,pose_20260520-0522_run1,lah-0708__20260520-left__20260520_194223.npz
lah0708,lah-0708,left,20260520,,20260520_194509,pose_20260520-0522_run1,lah-0708__20260520-left__20260520_194509.npz
lah0708,lah-0708,left,20260520,,20260520_194742,pose_20260520-0522_run1,lah-0708__20260520-left__20260520_194742.npz
lah0708,lah-0708,left,20260520,,20260520_195019,pose_20260520-0522_run1,lah-0708__20260520-left__20260520_195019.npz
lah0708,lah-0708,left,20260520,,20260520_195245,pose_20260520-0522_run1,lah-0708__20260520-left__20260520_195245.npz
lah0708,lah-0708,left,20260520,,20260520_195523,pose_20260520-0522_run1,lah-0708__20260520-left__20260520_195523.npz
lah0708,lah-0708,left,20260520,,20260520_195756,pose_20260520-0522_run1,lah-0708__20260520-left__20260520_195756.npz
lah0708,lah-0708,left,20260520,,20260520_200023,pose_20260520-0522_run1,lah-0708__20260520-left__20260520_200023.npz
lah0708,lah-0708,left,20260520,,20260520_200249,pose_20260520-0522_run1,lah-0708__20260520-left__20260520_200249.npz
lah0708,lah-0708,left,20260520,,20260520_200514,pose_20260520-0522_run1,lah-0708__20260520-left__20260520_200514.npz
lah0708,lah-0708,left,20260520,,20260520_200744,pose_20260520-0522_run1,lah-0708__20260520-left__20260520_200744.npz
lah0708,lah-0708,left,20260520,,20260520_201023,pose_20260520-0522_run1,lah-0708__20260520-left__20260520_201023.npz
lah0708,lah-0708,left,20260520,,20260520_201246,pose_20260520-0522_run1,lah-0708__20260520-left__20260520_201246.npz
lah0708,lah-0708,left,20260520,,20260520_204320,pose_20260520-0522_run1,lah-0708__20260520-left__20260520_204320.npz
lah0708,lah-0708,left,20260520,,20260520_204554,pose_20260520-0522_run1,lah-0708__20260520-left__20260520_204554.npz
lah0708,lah-0708,left,20260520,,20260520_204837,pose_20260520-0522_run1,lah-0708__20260520-left__20260520_204837.npz
lah0708,lah-0708,left,20260520,,20260520_205104,pose_20260520-0522_run1,lah-0708__20260520-left__20260520_205104.npz
lah0708,lah-0708,left,20260520,,20260520_205335,pose_20260520-0522_run1,lah-0708__20260520-left__20260520_205335.npz
lah0708,lah-0708,left,20260520,,20260520_205614,pose_20260520-0522_run1,lah-0708__20260520-left__20260520_205614.npz
lah0708,lah-0708,left,20260520,,20260520_205903,pose_20260520-0522_run1,lah-0708__20260520-left__20260520_205903.npz
lah0708,lah-0708,left,20260520,,20260520_210146,pose_20260520-0522_run1,lah-0708__20260520-left__20260520_210146.npz
lah0708,lah-0708,left,20260520,,20260520_210406,pose_20260520-0522_run1,lah-0708__20260520-left__20260520_210406.npz
lah0708,lah-0708,left,20260520,,20260520_210626,pose_20260520-0522_run1,lah-0708__20260520-left__20260520_210626.npz
lah0708,lah-0708,left,20260520,,20260520_210846,pose_20260520-0522_run1,lah-0708__20260520-left__20260520_210846.npz
lah0708,lah-0708,left,20260520,,20260520_211108,pose_20260520-0522_run1,lah-0708__20260520-left__20260520_211108.npz
lah0708,lah-0708,left,20260520,,20260520_211334,pose_20260520-0522_run1,lah-0708__20260520-left__20260520_211334.npz
lah0708,lah-0708,left,20260520,,20260520_211553,pose_20260520-0522_run1,lah-0708__20260520-left__20260520_211553.npz
lah0708,lah-0708,left,20260520,,20260520_211826,pose_20260520-0522_run1,lah-0708__20260520-left__20260520_211826.npz
lah0708,lah-0708,left,20260520,,20260520_212049,pose_20260520-0522_run1,lah-0708__20260520-left__20260520_212049.npz
lah0708,lah-0708,left,20260520,,20260520_212308,pose_20260520-0522_run1,lah-0708__20260520-left__20260520_212308.npz
lah0708,lah-0708,left,20260520,,20260520_212527,pose_20260520-0522_run1,lah-0708__20260520-left__20260520_212527.npz
lah0708,lah-0708,left,20260520,,20260520_212746,pose_20260520-0522_run1,lah-0708__20260520-left__20260520_212746.npz
lah0708,lah-0708,left,20260520,,20260520_213005,pose_20260520-0522_run1,lah-0708__20260520-left__20260520_213005.npz
lql0125,lql-0125,left,20260521,,20260521_160944,pose_20260520-0522_run1,lql-0125__20260521-left__20260521_160944.npz
lql0125,lql-0125,left,20260521,,20260521_161220,pose_20260520-0522_run1,lql-0125__20260521-left__20260521_161220.npz
lql0125,lql-0125,left,20260521,,20260521_161440,pose_20260520-0522_run1,lql-0125__20260521-left__20260521_161440.npz
lql0125,lql-0125,left,20260521,,20260521_161700,pose_20260520-0522_run1,lql-0125__20260521-left__20260521_161700.npz
lql0125,lql-0125,left,20260521,,20260521_161927,pose_20260520-0522_run1,lql-0125__20260521-left__20260521_161927.npz
lql0125,lql-0125,left,20260521,,20260521_162207,pose_20260520-0522_run1,lql-0125__20260521-left__20260521_162207.npz
lql0125,lql-0125,left,20260521,,20260521_162430,pose_20260520-0522_run1,lql-0125__20260521-left__20260521_162430.npz
lql0125,lql-0125,left,20260521,,20260521_162650,pose_20260520-0522_run1,lql-0125__20260521-left__20260521_162650.npz
lql0125,lql-0125,left,20260521,,20260521_162912,pose_20260520-0522_run1,lql-0125__20260521-left__20260521_162912.npz
lql0125,lql-0125,left,20260521,,20260521_163130,pose_20260520-0522_run1,lql-0125__20260521-left__20260521_163130.npz
lql0125,lql-0125,left,20260521,,20260521_164807,pose_20260520-0522_run1,lql-0125__20260521-left__20260521_164807.npz
lql0125,lql-0125,left,20260521,,20260521_165024,pose_20260520-0522_run1,lql-0125__20260521-left__20260521_165024.npz
lql0125,lql-0125,left,20260521,,20260521_165241,pose_20260520-0522_run1,lql-0125__20260521-left__20260521_165241.npz
lql0125,lql-0125,left,20260521,,20260521_165458,pose_20260520-0522_run1,lql-0125__20260521-left__20260521_165458.npz
lql0125,lql-0125,left,20260521,,20260521_165716,pose_20260520-0522_run1,lql-0125__20260521-left__20260521_165716.npz
lql0125,lql-0125,left,20260521,,20260521_165955,pose_20260520-0522_run1,lql-0125__20260521-left__20260521_165955.npz
lql0125,lql-0125,left,20260521,,20260521_170214,pose_20260520-0522_run1,lql-0125__20260521-left__20260521_170214.npz
lql0125,lql-0125,left,20260521,,20260521_170430,pose_20260520-0522_run1,lql-0125__20260521-left__20260521_170430.npz
lql0125,lql-0125,left,20260521,,20260521_170648,pose_20260520-0522_run1,lql-0125__20260521-left__20260521_170648.npz
lql0125,lql-0125,left,20260521,,20260521_170910,pose_20260520-0522_run1,lql-0125__20260521-left__20260521_170910.npz
lql0125,lql-0125,left,20260521,,20260521_171813,pose_20260520-0522_run1,lql-0125__20260521-left__20260521_171813.npz
lql0125,lql-0125,left,20260521,,20260521_172045,pose_20260520-0522_run1,lql-0125__20260521-left__20260521_172045.npz
lql0125,lql-0125,left,20260521,,20260521_172303,pose_20260520-0522_run1,lql-0125__20260521-left__20260521_172303.npz
lql0125,lql-0125,left,20260521,,20260521_172520,pose_20260520-0522_run1,lql-0125__20260521-left__20260521_172520.npz
lql0125,lql-0125,left,20260521,,20260521_172737,pose_20260520-0522_run1,lql-0125__20260521-left__20260521_172737.npz
lql0125,lql-0125,left,20260521,,20260521_173012,pose_20260520-0522_run1,lql-0125__20260521-left__20260521_173012.npz
lql0125,lql-0125,left,20260521,,20260521_173244,pose_20260520-0522_run1,lql-0125__20260521-left__20260521_173244.npz
lql0125,lql-0125,left,20260521,,20260521_173506,pose_20260520-0522_run1,lql-0125__20260521-left__20260521_173506.npz
lql0125,lql-0125,left,20260521,,20260521_173731,pose_20260520-0522_run1,lql-0125__20260521-left__20260521_173731.npz
lql0125,lql-0125,left,20260521,,20260521_173950,pose_20260520-0522_run1,lql-0125__20260521-left__20260521_173950.npz
lql0125,lql-0125,left,20260521,,20260521_174222,pose_20260520-0522_run1,lql-0125__20260521-left__20260521_174222.npz
lql0125,lql-0125,left,20260521,,20260521_174448,pose_20260520-0522_run1,lql-0125__20260521-left__20260521_174448.npz
lql0125,lql-0125,left,20260521,,20260521_174708,pose_20260520-0522_run1,lql-0125__20260521-left__20260521_174708.npz
lql0125,lql-0125,left,20260521,,20260521_174929,pose_20260520-0522_run1,lql-0125__20260521-left__20260521_174929.npz
lql0125,lql-0125,left,20260521,,20260521_175151,pose_20260520-0522_run1,lql-0125__20260521-left__20260521_175151.npz
lql0125,lql-0125,left,20260521,,20260521_175416,pose_20260520-0522_run1,lql-0125__20260521-left__20260521_175416.npz
lql0125,lql-0125,left,20260521,,20260521_175635,pose_20260520-0522_run1,lql-0125__20260521-left__20260521_175635.npz
lql0125,lql-0125,left,20260521,,20260521_175856,pose_20260520-0522_run1,lql-0125__20260521-left__20260521_175856.npz
lql0125,lql-0125,left,20260521,,20260521_180114,pose_20260520-0522_run1,lql-0125__20260521-left__20260521_180114.npz
lql0125,lql-0125,left,20260521,,20260521_180334,pose_20260520-0522_run1,lql-0125__20260521-left__20260521_180334.npz
lsh0126,lsh-0126,right,20260521,,20260521_131544,pose_20260520-0522_run1,lsh-0126__20260521-right__20260521_131544.npz
lsh0126,lsh-0126,right,20260521,,20260521_131833,pose_20260520-0522_run1,lsh-0126__20260521-right__20260521_131833.npz
lsh0126,lsh-0126,right,20260521,,20260521_132057,pose_20260520-0522_run1,lsh-0126__20260521-right__20260521_132057.npz
lsh0126,lsh-0126,right,20260521,,20260521_132320,pose_20260520-0522_run1,lsh-0126__20260521-right__20260521_132320.npz
lsh0126,lsh-0126,right,20260521,,20260521_132541,pose_20260520-0522_run1,lsh-0126__20260521-right__20260521_132541.npz
lsh0126,lsh-0126,right,20260521,,20260521_132820,pose_20260520-0522_run1,lsh-0126__20260521-right__20260521_132820.npz
lsh0126,lsh-0126,right,20260521,,20260521_133045,pose_20260520-0522_run1,lsh-0126__20260521-right__20260521_133045.npz
lsh0126,lsh-0126,right,20260521,,20260521_133312,pose_20260520-0522_run1,lsh-0126__20260521-right__20260521_133312.npz
lsh0126,lsh-0126,right,20260521,,20260521_133541,pose_20260520-0522_run1,lsh-0126__20260521-right__20260521_133541.npz
lsh0126,lsh-0126,right,20260521,,20260521_133804,pose_20260520-0522_run1,lsh-0126__20260521-right__20260521_133804.npz
lsh0126,lsh-0126,right,20260521,,20260521_134027,pose_20260520-0522_run1,lsh-0126__20260521-right__20260521_134027.npz
lsh0126,lsh-0126,right,20260521,,20260521_134250,pose_20260520-0522_run1,lsh-0126__20260521-right__20260521_134250.npz
lsh0126,lsh-0126,right,20260521,,20260521_134514,pose_20260520-0522_run1,lsh-0126__20260521-right__20260521_134514.npz
lsh0126,lsh-0126,right,20260521,,20260521_134735,pose_20260520-0522_run1,lsh-0126__20260521-right__20260521_134735.npz
lsh0126,lsh-0126,right,20260521,,20260521_135000,pose_20260520-0522_run1,lsh-0126__20260521-right__20260521_135000.npz
lsh0126,lsh-0126,right,20260521,,20260521_135304,pose_20260520-0522_run1,lsh-0126__20260521-right__20260521_135304.npz
lsh0126,lsh-0126,right,20260521,,20260521_135629,pose_20260520-0522_run1,lsh-0126__20260521-right__20260521_135629.npz
lsh0126,lsh-0126,right,20260521,,20260521_141204,pose_20260520-0522_run1,lsh-0126__20260521-right__20260521_141204.npz
lsh0126,lsh-0126,right,20260521,,20260521_141430,pose_20260520-0522_run1,lsh-0126__20260521-right__20260521_141430.npz
lsh0126,lsh-0126,right,20260521,,20260521_141653,pose_20260520-0522_run1,lsh-0126__20260521-right__20260521_141653.npz
lsh0126,lsh-0126,right,20260521,,20260521_142338,pose_20260520-0522_run1,lsh-0126__20260521-right__20260521_142338.npz
lsh0126,lsh-0126,right,20260521,,20260521_142556,pose_20260520-0522_run1,lsh-0126__20260521-right__20260521_142556.npz
lsh0126,lsh-0126,right,20260521,,20260521_142816,pose_20260520-0522_run1,lsh-0126__20260521-right__20260521_142816.npz
lsh0126,lsh-0126,right,20260521,,20260521_143036,pose_20260520-0522_run1,lsh-0126__20260521-right__20260521_143036.npz
lsh0126,lsh-0126,right,20260521,,20260521_143301,pose_20260520-0522_run1,lsh-0126__20260521-right__20260521_143301.npz
lsh0126,lsh-0126,right,20260521,,20260521_143519,pose_20260520-0522_run1,lsh-0126__20260521-right__20260521_143519.npz
lsh0126,lsh-0126,right,20260521,,20260521_143736,pose_20260520-0522_run1,lsh-0126__20260521-right__20260521_143736.npz
lsh0126,lsh-0126,right,20260521,,20260521_143955,pose_20260520-0522_run1,lsh-0126__20260521-right__20260521_143955.npz
lsh0126,lsh-0126,right,20260521,,20260521_144215,pose_20260520-0522_run1,lsh-0126__20260521-right__20260521_144215.npz
lsh0126,lsh-0126,right,20260521,,20260521_144435,pose_20260520-0522_run1,lsh-0126__20260521-right__20260521_144435.npz
lsh0126,lsh-0126,right,20260521,,20260521_144745,pose_20260520-0522_run1,lsh-0126__20260521-right__20260521_144745.npz
lsh0126,lsh-0126,right,20260521,,20260521_145005,pose_20260520-0522_run1,lsh-0126__20260521-right__20260521_145005.npz
lsh0126,lsh-0126,right,20260521,,20260521_145227,pose_20260520-0522_run1,lsh-0126__20260521-right__20260521_145227.npz
lsh0126,lsh-0126,right,20260521,,20260521_145444,pose_20260520-0522_run1,lsh-0126__20260521-right__20260521_145444.npz
lsh0126,lsh-0126,right,20260521,,20260521_145705,pose_20260520-0522_run1,lsh-0126__20260521-right__20260521_145705.npz
lsh0126,lsh-0126,right,20260521,,20260521_145922,pose_20260520-0522_run1,lsh-0126__20260521-right__20260521_145922.npz
lsh0126,lsh-0126,right,20260521,,20260521_150140,pose_20260520-0522_run1,lsh-0126__20260521-right__20260521_150140.npz
lsh0126,lsh-0126,right,20260521,,20260521_152151,pose_20260520-0522_run1,lsh-0126__20260521-right__20260521_152151.npz
lsh0126,lsh-0126,right,20260521,,20260521_152436,pose_20260520-0522_run1,lsh-0126__20260521-right__20260521_152436.npz
lsh0126,lsh-0126,right,20260521,,20260521_152704,pose_20260520-0522_run1,lsh-0126__20260521-right__20260521_152704.npz
lwq0901,lwq-0901,left,20260521,,20260521_135317,pose_20260520-0522_run1,lwq-0901__20260521-left__20260521_135317.npz
lwq0901,lwq-0901,left,20260521,,20260521_135543,pose_20260520-0522_run1,lwq-0901__20260521-left__20260521_135543.npz
lwq0901,lwq-0901,left,20260521,,20260521_135804,pose_20260520-0522_run1,lwq-0901__20260521-left__20260521_135804.npz
lwq0901,lwq-0901,left,20260521,,20260521_140024,pose_20260520-0522_run1,lwq-0901__20260521-left__20260521_140024.npz
lwq0901,lwq-0901,left,20260521,,20260521_140246,pose_20260520-0522_run1,lwq-0901__20260521-left__20260521_140246.npz
lwq0901,lwq-0901,left,20260521,,20260521_140507,pose_20260520-0522_run1,lwq-0901__20260521-left__20260521_140507.npz
lwq0901,lwq-0901,left,20260521,,20260521_140728,pose_20260520-0522_run1,lwq-0901__20260521-left__20260521_140728.npz
lwq0901,lwq-0901,left,20260521,,20260521_140948,pose_20260520-0522_run1,lwq-0901__20260521-left__20260521_140948.npz
lwq0901,lwq-0901,left,20260521,,20260521_141219,pose_20260520-0522_run1,lwq-0901__20260521-left__20260521_141219.npz
lwq0901,lwq-0901,left,20260521,,20260521_141442,pose_20260520-0522_run1,lwq-0901__20260521-left__20260521_141442.npz
lwq0901,lwq-0901,left,20260521,,20260521_141705,pose_20260520-0522_run1,lwq-0901__20260521-left__20260521_141705.npz
lwq0901,lwq-0901,left,20260521,,20260521_141929,pose_20260520-0522_run1,lwq-0901__20260521-left__20260521_141929.npz
lwq0901,lwq-0901,left,20260521,,20260521_142153,pose_20260520-0522_run1,lwq-0901__20260521-left__20260521_142153.npz
lwq0901,lwq-0901,left,20260521,,20260521_142432,pose_20260520-0522_run1,lwq-0901__20260521-left__20260521_142432.npz
lwq0901,lwq-0901,left,20260521,,20260521_142653,pose_20260520-0522_run1,lwq-0901__20260521-left__20260521_142653.npz
lwq0901,lwq-0901,left,20260521,,20260521_142915,pose_20260520-0522_run1,lwq-0901__20260521-left__20260521_142915.npz
lwq0901,lwq-0901,left,20260521,,20260521_143139,pose_20260520-0522_run1,lwq-0901__20260521-left__20260521_143139.npz
lwq0901,lwq-0901,left,20260521,,20260521_143406,pose_20260520-0522_run1,lwq-0901__20260521-left__20260521_143406.npz
lwq0901,lwq-0901,left,20260521,,20260521_143633,pose_20260520-0522_run1,lwq-0901__20260521-left__20260521_143633.npz
lwq0901,lwq-0901,left,20260521,,20260521_143904,pose_20260520-0522_run1,lwq-0901__20260521-left__20260521_143904.npz
lwq0901,lwq-0901,left,20260521,,20260521_150604,pose_20260520-0522_run1,lwq-0901__20260521-left__20260521_150604.npz
lwq0901,lwq-0901,left,20260521,,20260521_150824,pose_20260520-0522_run1,lwq-0901__20260521-left__20260521_150824.npz
lwq0901,lwq-0901,left,20260521,,20260521_151045,pose_20260520-0522_run1,lwq-0901__20260521-left__20260521_151045.npz
lwq0901,lwq-0901,left,20260521,,20260521_151315,pose_20260520-0522_run1,lwq-0901__20260521-left__20260521_151315.npz
lwq0901,lwq-0901,left,20260521,,20260521_151536,pose_20260520-0522_run1,lwq-0901__20260521-left__20260521_151536.npz
lwq0901,lwq-0901,left,20260521,,20260521_151805,pose_20260520-0522_run1,lwq-0901__20260521-left__20260521_151805.npz
lwq0901,lwq-0901,left,20260521,,20260521_152024,pose_20260520-0522_run1,lwq-0901__20260521-left__20260521_152024.npz
lwq0901,lwq-0901,left,20260521,,20260521_152244,pose_20260520-0522_run1,lwq-0901__20260521-left__20260521_152244.npz
lwq0901,lwq-0901,left,20260521,,20260521_152505,pose_20260520-0522_run1,lwq-0901__20260521-left__20260521_152505.npz
lwq0901,lwq-0901,left,20260521,,20260521_152731,pose_20260520-0522_run1,lwq-0901__20260521-left__20260521_152731.npz
lwq0901,lwq-0901,left,20260521,,20260521_152951,pose_20260520-0522_run1,lwq-0901__20260521-left__20260521_152951.npz
lwq0901,lwq-0901,left,20260521,,20260521_153212,pose_20260520-0522_run1,lwq-0901__20260521-left__20260521_153212.npz
lwq0901,lwq-0901,left,20260521,,20260521_153432,pose_20260520-0522_run1,lwq-0901__20260521-left__20260521_153432.npz
lwq0901,lwq-0901,left,20260521,,20260521_153652,pose_20260520-0522_run1,lwq-0901__20260521-left__20260521_153652.npz
lwq0901,lwq-0901,left,20260521,,20260521_153919,pose_20260520-0522_run1,lwq-0901__20260521-left__20260521_153919.npz
lwq0901,lwq-0901,left,20260521,,20260521_154143,pose_20260520-0522_run1,lwq-0901__20260521-left__20260521_154143.npz
lwq0901,lwq-0901,left,20260521,,20260521_154404,pose_20260520-0522_run1,lwq-0901__20260521-left__20260521_154404.npz
lwq0901,lwq-0901,left,20260521,,20260521_154625,pose_20260520-0522_run1,lwq-0901__20260521-left__20260521_154625.npz
lwq0901,lwq-0901,left,20260521,,20260521_154845,pose_20260520-0522_run1,lwq-0901__20260521-left__20260521_154845.npz
lwq0901,lwq-0901,left,20260521,,20260521_155106,pose_20260520-0522_run1,lwq-0901__20260521-left__20260521_155106.npz
lzy1210,lzy-1210,left,20260522,2,20260522_134411,pose_20260520-0522_run1,lzy-1210__20260522-left-2__20260522_134411.npz
lzy1210,lzy-1210,left,20260522,2,20260522_134631,pose_20260520-0522_run1,lzy-1210__20260522-left-2__20260522_134631.npz
lzy1210,lzy-1210,left,20260522,2,20260522_134853,pose_20260520-0522_run1,lzy-1210__20260522-left-2__20260522_134853.npz
lzy1210,lzy-1210,left,20260522,2,20260522_135114,pose_20260520-0522_run1,lzy-1210__20260522-left-2__20260522_135114.npz
lzy1210,lzy-1210,left,20260522,2,20260522_135407,pose_20260520-0522_run1,lzy-1210__20260522-left-2__20260522_135407.npz
lzy1210,lzy-1210,left,20260522,2,20260522_135634,pose_20260520-0522_run1,lzy-1210__20260522-left-2__20260522_135634.npz
lzy1210,lzy-1210,left,20260522,2,20260522_135854,pose_20260520-0522_run1,lzy-1210__20260522-left-2__20260522_135854.npz
lzy1210,lzy-1210,left,20260522,2,20260522_140113,pose_20260520-0522_run1,lzy-1210__20260522-left-2__20260522_140113.npz
lzy1210,lzy-1210,left,20260522,2,20260522_140337,pose_20260520-0522_run1,lzy-1210__20260522-left-2__20260522_140337.npz
lzy1210,lzy-1210,left,20260522,2,20260522_140600,pose_20260520-0522_run1,lzy-1210__20260522-left-2__20260522_140600.npz
lzy1210,lzy-1210,left,20260522,2,20260522_140819,pose_20260520-0522_run1,lzy-1210__20260522-left-2__20260522_140819.npz
lzy1210,lzy-1210,left,20260522,2,20260522_141040,pose_20260520-0522_run1,lzy-1210__20260522-left-2__20260522_141040.npz
lzy1210,lzy-1210,left,20260522,2,20260522_141301,pose_20260520-0522_run1,lzy-1210__20260522-left-2__20260522_141301.npz
lzy1210,lzy-1210,left,20260522,2,20260522_141519,pose_20260520-0522_run1,lzy-1210__20260522-left-2__20260522_141519.npz
lzy1210,lzy-1210,left,20260522,3,20260522_150910,pose_20260520-0522_run1,lzy-1210__20260522-left-3__20260522_150910.npz
lzy1210,lzy-1210,left,20260522,3,20260522_151126,pose_20260520-0522_run1,lzy-1210__20260522-left-3__20260522_151126.npz
lzy1210,lzy-1210,left,20260522,3,20260522_151406,pose_20260520-0522_run1,lzy-1210__20260522-left-3__20260522_151406.npz
lzy1210,lzy-1210,left,20260522,3,20260522_151624,pose_20260520-0522_run1,lzy-1210__20260522-left-3__20260522_151624.npz
lzy1210,lzy-1210,left,20260522,3,20260522_151840,pose_20260520-0522_run1,lzy-1210__20260522-left-3__20260522_151840.npz
lzy1210,lzy-1210,left,20260522,3,20260522_152104,pose_20260520-0522_run1,lzy-1210__20260522-left-3__20260522_152104.npz
lzy1210,lzy-1210,left,20260522,3,20260522_152320,pose_20260520-0522_run1,lzy-1210__20260522-left-3__20260522_152320.npz
lzy1210,lzy-1210,left,20260522,3,20260522_152539,pose_20260520-0522_run1,lzy-1210__20260522-left-3__20260522_152539.npz
lzy1210,lzy-1210,left,20260522,3,20260522_152757,pose_20260520-0522_run1,lzy-1210__20260522-left-3__20260522_152757.npz
lzy1210,lzy-1210,left,20260522,3,20260522_153015,pose_20260520-0522_run1,lzy-1210__20260522-left-3__20260522_153015.npz
lzy1210,lzy-1210,left,20260522,3,20260522_153240,pose_20260520-0522_run1,lzy-1210__20260522-left-3__20260522_153240.npz
lzy1210,lzy-1210,left,20260522,3,20260522_153457,pose_20260520-0522_run1,lzy-1210__20260522-left-3__20260522_153457.npz
lzy1210,lzy-1210,left,20260522,3,20260522_153715,pose_20260520-0522_run1,lzy-1210__20260522-left-3__20260522_153715.npz
lzy1210,lzy-1210,left,20260522,3,20260522_153931,pose_20260520-0522_run1,lzy-1210__20260522-left-3__20260522_153931.npz
lzy1210,lzy-1210,left,20260522,3,20260522_154148,pose_20260520-0522_run1,lzy-1210__20260522-left-3__20260522_154148.npz
lzy1210,lzy-1210,left,20260522,3,20260522_154412,pose_20260520-0522_run1,lzy-1210__20260522-left-3__20260522_154412.npz
lzy1210,lzy-1210,left,20260522,3,20260522_154630,pose_20260520-0522_run1,lzy-1210__20260522-left-3__20260522_154630.npz
lzy1210,lzy-1210,left,20260522,3,20260522_154852,pose_20260520-0522_run1,lzy-1210__20260522-left-3__20260522_154852.npz
lzy1210,lzy-1210,left,20260522,3,20260522_155107,pose_20260520-0522_run1,lzy-1210__20260522-left-3__20260522_155107.npz
lzy1210,lzy-1210,left,20260522,3,20260522_155324,pose_20260520-0522_run1,lzy-1210__20260522-left-3__20260522_155324.npz
lzy1210,lzy-1210,left,20260522,,20260522_105327,pose_20260520-0522_run1,lzy-1210__20260522-left__20260522_105327.npz
lzy1210,lzy-1210,left,20260522,,20260522_105552,pose_20260520-0522_run1,lzy-1210__20260522-left__20260522_105552.npz
lzy1210,lzy-1210,left,20260522,,20260522_105819,pose_20260520-0522_run1,lzy-1210__20260522-left__20260522_105819.npz
lzy1210,lzy-1210,left,20260522,,20260522_110047,pose_20260520-0522_run1,lzy-1210__20260522-left__20260522_110047.npz
lzy1210,lzy-1210,left,20260522,,20260522_110404,pose_20260520-0522_run1,lzy-1210__20260522-left__20260522_110404.npz
lzy1210,lzy-1210,left,20260522,,20260522_110656,pose_20260520-0522_run1,lzy-1210__20260522-left__20260522_110656.npz
lzy1210,lzy-1210,left,20260522,,20260522_110922,pose_20260520-0522_run1,lzy-1210__20260522-left__20260522_110922.npz
lzy1210,lzy-1210,left,20260522,,20260522_111149,pose_20260520-0522_run1,lzy-1210__20260522-left__20260522_111149.npz
lzy1210,lzy-1210,left,20260522,,20260522_111416,pose_20260520-0522_run1,lzy-1210__20260522-left__20260522_111416.npz
lzy1210,lzy-1210,left,20260522,,20260522_111819,pose_20260520-0522_run1,lzy-1210__20260522-left__20260522_111819.npz
lzy1210,lzy-1210,left,20260522,,20260522_112144,pose_20260520-0522_run1,lzy-1210__20260522-left__20260522_112144.npz
lzy1210,lzy-1210,left,20260522,,20260522_112510,pose_20260520-0522_run1,lzy-1210__20260522-left__20260522_112510.npz
lzy1210,lzy-1210,left,20260522,,20260522_112737,pose_20260520-0522_run1,lzy-1210__20260522-left__20260522_112737.npz
lzy1210,lzy-1210,left,20260522,,20260522_113239,pose_20260520-0522_run1,lzy-1210__20260522-left__20260522_113239.npz
lzy1210,lzy-1210,left,20260522,,20260522_113503,pose_20260520-0522_run1,lzy-1210__20260522-left__20260522_113503.npz
lzy1210,lzy-1210,left,20260522,,20260522_113736,pose_20260520-0522_run1,lzy-1210__20260522-left__20260522_113736.npz
lzy1210,lzy-1210,left,20260522,,20260522_113955,pose_20260520-0522_run1,lzy-1210__20260522-left__20260522_113955.npz
lzy1210,lzy-1210,left,20260522,,20260522_114216,pose_20260520-0522_run1,lzy-1210__20260522-left__20260522_114216.npz
lzy1210,lzy-1210,left,20260522,,20260522_114620,pose_20260520-0522_run1,lzy-1210__20260522-left__20260522_114620.npz
lzy1210,lzy-1210,left,20260522,,20260522_114841,pose_20260520-0522_run1,lzy-1210__20260522-left__20260522_114841.npz
lzy1210,lzy-1210,left,20260522,,20260522_131900,pose_20260520-0522_run1,lzy-1210__20260522-left__20260522_131900.npz
lzy1210,lzy-1210,left,20260522,,20260522_132119,pose_20260520-0522_run1,lzy-1210__20260522-left__20260522_132119.npz
lzy1210,lzy-1210,left,20260522,,20260522_132549,pose_20260520-0522_run1,lzy-1210__20260522-left__20260522_132549.npz
lzy1210,lzy-1210,left,20260522,,20260522_132809,pose_20260520-0522_run1,lzy-1210__20260522-left__20260522_132809.npz
lzy1210,lzy-1210,left,20260522,,20260522_133030,pose_20260520-0522_run1,lzy-1210__20260522-left__20260522_133030.npz
lzy1210,lzy-1210,left,20260522,,20260522_133503,pose_20260520-0522_run1,lzy-1210__20260522-left__20260522_133503.npz
mlj0303,mlj-0303,left,20260520,,20260520_132934,pose_20260520-0522_run1,mlj-0303__20260520-left__20260520_132934.npz
mlj0303,mlj-0303,left,20260520,,20260520_133249,pose_20260520-0522_run1,mlj-0303__20260520-left__20260520_133249.npz
mlj0303,mlj-0303,left,20260520,,20260520_133509,pose_20260520-0522_run1,mlj-0303__20260520-left__20260520_133509.npz
mlj0303,mlj-0303,left,20260520,,20260520_133729,pose_20260520-0522_run1,mlj-0303__20260520-left__20260520_133729.npz
mlj0303,mlj-0303,left,20260520,,20260520_133950,pose_20260520-0522_run1,mlj-0303__20260520-left__20260520_133950.npz
mlj0303,mlj-0303,left,20260520,,20260520_134220,pose_20260520-0522_run1,mlj-0303__20260520-left__20260520_134220.npz
mlj0303,mlj-0303,left,20260520,,20260520_134507,pose_20260520-0522_run1,mlj-0303__20260520-left__20260520_134507.npz
mlj0303,mlj-0303,left,20260520,,20260520_134726,pose_20260520-0522_run1,mlj-0303__20260520-left__20260520_134726.npz
mlj0303,mlj-0303,left,20260520,,20260520_134945,pose_20260520-0522_run1,mlj-0303__20260520-left__20260520_134945.npz
mlj0303,mlj-0303,left,20260520,,20260520_135214,pose_20260520-0522_run1,mlj-0303__20260520-left__20260520_135214.npz
mlj0303,mlj-0303,left,20260520,,20260520_135437,pose_20260520-0522_run1,mlj-0303__20260520-left__20260520_135437.npz
mlj0303,mlj-0303,left,20260520,,20260520_135659,pose_20260520-0522_run1,mlj-0303__20260520-left__20260520_135659.npz
mlj0303,mlj-0303,left,20260520,,20260520_135917,pose_20260520-0522_run1,mlj-0303__20260520-left__20260520_135917.npz
mlj0303,mlj-0303,left,20260520,,20260520_141258,pose_20260520-0522_run1,mlj-0303__20260520-left__20260520_141258.npz
mlj0303,mlj-0303,left,20260520,,20260520_141519,pose_20260520-0522_run1,mlj-0303__20260520-left__20260520_141519.npz
mlj0303,mlj-0303,left,20260520,,20260520_141739,pose_20260520-0522_run1,mlj-0303__20260520-left__20260520_141739.npz
mlj0303,mlj-0303,left,20260520,,20260520_142111,pose_20260520-0522_run1,mlj-0303__20260520-left__20260520_142111.npz
mlj0303,mlj-0303,left,20260520,,20260520_142332,pose_20260520-0522_run1,mlj-0303__20260520-left__20260520_142332.npz
mlj0303,mlj-0303,left,20260520,,20260520_142550,pose_20260520-0522_run1,mlj-0303__20260520-left__20260520_142550.npz
mlj0303,mlj-0303,left,20260520,,20260520_144149,pose_20260520-0522_run1,mlj-0303__20260520-left__20260520_144149.npz
pgy0226,pgy-0226,left,20260520,2,20260520_131618,pose_20260520-0522_run1,pgy-0226__20260520-left-2__20260520_131618.npz
pgy0226,pgy-0226,left,20260520,2,20260520_131846,pose_20260520-0522_run1,pgy-0226__20260520-left-2__20260520_131846.npz
pgy0226,pgy-0226,left,20260520,2,20260520_132110,pose_20260520-0522_run1,pgy-0226__20260520-left-2__20260520_132110.npz
pgy0226,pgy-0226,left,20260520,2,20260520_132405,pose_20260520-0522_run1,pgy-0226__20260520-left-2__20260520_132405.npz
pgy0226,pgy-0226,left,20260520,3,20260520_134514,pose_20260520-0522_run1,pgy-0226__20260520-left-3__20260520_134514.npz
pgy0226,pgy-0226,left,20260520,3,20260520_134738,pose_20260520-0522_run1,pgy-0226__20260520-left-3__20260520_134738.npz
pgy0226,pgy-0226,left,20260520,4,20260520_140919,pose_20260520-0522_run1,pgy-0226__20260520-left-4__20260520_140919.npz
pgy0226,pgy-0226,left,20260520,4,20260520_141145,pose_20260520-0522_run1,pgy-0226__20260520-left-4__20260520_141145.npz
pgy0226,pgy-0226,left,20260520,4,20260520_141418,pose_20260520-0522_run1,pgy-0226__20260520-left-4__20260520_141418.npz
pgy0226,pgy-0226,left,20260520,4,20260520_141639,pose_20260520-0522_run1,pgy-0226__20260520-left-4__20260520_141639.npz
pgy0226,pgy-0226,left,20260520,,20260520_113002,pose_20260520-0522_run1,pgy-0226__20260520-left__20260520_113002.npz
pgy0226,pgy-0226,left,20260520,,20260520_113227,pose_20260520-0522_run1,pgy-0226__20260520-left__20260520_113227.npz
pgy0226,pgy-0226,left,20260520,,20260520_113457,pose_20260520-0522_run1,pgy-0226__20260520-left__20260520_113457.npz
pgy0226,pgy-0226,left,20260520,,20260520_113724,pose_20260520-0522_run1,pgy-0226__20260520-left__20260520_113724.npz
pgy0226,pgy-0226,left,20260520,,20260520_114012,pose_20260520-0522_run1,pgy-0226__20260520-left__20260520_114012.npz
pgy0226,pgy-0226,left,20260520,,20260520_114310,pose_20260520-0522_run1,pgy-0226__20260520-left__20260520_114310.npz
pgy0226,pgy-0226,left,20260520,,20260520_114535,pose_20260520-0522_run1,pgy-0226__20260520-left__20260520_114535.npz
pgy0226,pgy-0226,left,20260520,,20260520_114842,pose_20260520-0522_run1,pgy-0226__20260520-left__20260520_114842.npz
pgy0226,pgy-0226,left,20260520,,20260520_115115,pose_20260520-0522_run1,pgy-0226__20260520-left__20260520_115115.npz
pgy0226,pgy-0226,left,20260520,,20260520_115336,pose_20260520-0522_run1,pgy-0226__20260520-left__20260520_115336.npz
pgy0226,pgy-0226,left,20260520,,20260520_165311,pose_20260520-0522_run1,pgy-0226__20260520-left__20260520_165311.npz
pgy0226,pgy-0226,left,20260520,,20260520_165534,pose_20260520-0522_run1,pgy-0226__20260520-left__20260520_165534.npz
pgy0226,pgy-0226,left,20260520,,20260520_165807,pose_20260520-0522_run1,pgy-0226__20260520-left__20260520_165807.npz
pgy0226,pgy-0226,left,20260520,,20260520_170056,pose_20260520-0522_run1,pgy-0226__20260520-left__20260520_170056.npz
pgy0226,pgy-0226,left,20260520,,20260520_170316,pose_20260520-0522_run1,pgy-0226__20260520-left__20260520_170316.npz
pgy0226,pgy-0226,left,20260520,,20260520_170539,pose_20260520-0522_run1,pgy-0226__20260520-left__20260520_170539.npz
pgy0226,pgy-0226,left,20260520,,20260520_170800,pose_20260520-0522_run1,pgy-0226__20260520-left__20260520_170800.npz
pgy0226,pgy-0226,left,20260520,,20260520_171026,pose_20260520-0522_run1,pgy-0226__20260520-left__20260520_171026.npz
pgy0226,pgy-0226,left,20260520,,20260520_171247,pose_20260520-0522_run1,pgy-0226__20260520-left__20260520_171247.npz
pgy0226,pgy-0226,left,20260520,,20260520_171514,pose_20260520-0522_run1,pgy-0226__20260520-left__20260520_171514.npz
pgy0226,pgy-0226,left,20260520,,20260520_171739,pose_20260520-0522_run1,pgy-0226__20260520-left__20260520_171739.npz
pgy0226,pgy-0226,left,20260520,,20260520_171959,pose_20260520-0522_run1,pgy-0226__20260520-left__20260520_171959.npz
pgy0226,pgy-0226,left,20260520,,20260520_172229,pose_20260520-0522_run1,pgy-0226__20260520-left__20260520_172229.npz
pgy0226,pgy-0226,left,20260520,,20260520_172456,pose_20260520-0522_run1,pgy-0226__20260520-left__20260520_172456.npz
pgy0226,pgy-0226,left,20260520,,20260520_172718,pose_20260520-0522_run1,pgy-0226__20260520-left__20260520_172718.npz
pgy0226,pgy-0226,left,20260520,,20260520_172938,pose_20260520-0522_run1,pgy-0226__20260520-left__20260520_172938.npz
pgy0226,pgy-0226,left,20260520,,20260520_173157,pose_20260520-0522_run1,pgy-0226__20260520-left__20260520_173157.npz
pgy0226,pgy-0226,left,20260520,,20260520_173420,pose_20260520-0522_run1,pgy-0226__20260520-left__20260520_173420.npz
pgy0226,pgy-0226,left,20260520,,20260520_173647,pose_20260520-0522_run1,pgy-0226__20260520-left__20260520_173647.npz
pgy0226,pgy-0226,left,20260520,,20260520_173909,pose_20260520-0522_run1,pgy-0226__20260520-left__20260520_173909.npz
pgy0226,pgy-0226,left,20260520,,20260520_180141,pose_20260520-0522_run1,pgy-0226__20260520-left__20260520_180141.npz
pgy0226,pgy-0226,left,20260520,,20260520_180406,pose_20260520-0522_run1,pgy-0226__20260520-left__20260520_180406.npz
pgy0226,pgy-0226,left,20260520,,20260520_180649,pose_20260520-0522_run1,pgy-0226__20260520-left__20260520_180649.npz
pgy0226,pgy-0226,left,20260520,,20260520_180927,pose_20260520-0522_run1,pgy-0226__20260520-left__20260520_180927.npz
pgy0226,pgy-0226,left,20260520,,20260520_181224,pose_20260520-0522_run1,pgy-0226__20260520-left__20260520_181224.npz
pgy0226,pgy-0226,left,20260520,,20260520_181449,pose_20260520-0522_run1,pgy-0226__20260520-left__20260520_181449.npz
pgy0226,pgy-0226,left,20260520,,20260520_181708,pose_20260520-0522_run1,pgy-0226__20260520-left__20260520_181708.npz
pgy0226,pgy-0226,left,20260520,,20260520_181927,pose_20260520-0522_run1,pgy-0226__20260520-left__20260520_181927.npz
pgy0226,pgy-0226,left,20260520,,20260520_182148,pose_20260520-0522_run1,pgy-0226__20260520-left__20260520_182148.npz
pgy0226,pgy-0226,left,20260520,,20260520_182425,pose_20260520-0522_run1,pgy-0226__20260520-left__20260520_182425.npz
pgy0226,pgy-0226,left,20260520,,20260520_182650,pose_20260520-0522_run1,pgy-0226__20260520-left__20260520_182650.npz
pgy0226,pgy-0226,left,20260520,,20260520_182915,pose_20260520-0522_run1,pgy-0226__20260520-left__20260520_182915.npz
pgy0226,pgy-0226,left,20260520,,20260520_183139,pose_20260520-0522_run1,pgy-0226__20260520-left__20260520_183139.npz
pgy0226,pgy-0226,left,20260520,,20260520_183400,pose_20260520-0522_run1,pgy-0226__20260520-left__20260520_183400.npz
pgy0226,pgy-0226,left,20260520,,20260520_183620,pose_20260520-0522_run1,pgy-0226__20260520-left__20260520_183620.npz
pgy0226,pgy-0226,left,20260520,,20260520_183845,pose_20260520-0522_run1,pgy-0226__20260520-left__20260520_183845.npz
pgy0226,pgy-0226,left,20260520,,20260520_184106,pose_20260520-0522_run1,pgy-0226__20260520-left__20260520_184106.npz
pgy0226,pgy-0226,left,20260520,,20260520_184332,pose_20260520-0522_run1,pgy-0226__20260520-left__20260520_184332.npz
pgy0226,pgy-0226,left,20260520,,20260520_184559,pose_20260520-0522_run1,pgy-0226__20260520-left__20260520_184559.npz
pgy0226,pgy-0226,left,20260520,,20260520_184820,pose_20260520-0522_run1,pgy-0226__20260520-left__20260520_184820.npz
wlm1118,wlm-1118,left,20260522,2,20260522_111718,pose_20260520-0522_run1,wlm-1118__20260522-left-2__20260522_111718.npz
wlm1118,wlm-1118,left,20260522,2,20260522_111959,pose_20260520-0522_run1,wlm-1118__20260522-left-2__20260522_111959.npz
wlm1118,wlm-1118,left,20260522,2,20260522_112442,pose_20260520-0522_run1,wlm-1118__20260522-left-2__20260522_112442.npz
wlm1118,wlm-1118,left,20260522,2,20260522_112723,pose_20260520-0522_run1,wlm-1118__20260522-left-2__20260522_112723.npz
wlm1118,wlm-1118,left,20260522,2,20260522_112944,pose_20260520-0522_run1,wlm-1118__20260522-left-2__20260522_112944.npz
wlm1118,wlm-1118,left,20260522,2,20260522_154521,pose_20260520-0522_run1,wlm-1118__20260522-left-2__20260522_154521.npz
wlm1118,wlm-1118,left,20260522,2,20260522_154739,pose_20260520-0522_run1,wlm-1118__20260522-left-2__20260522_154739.npz
wlm1118,wlm-1118,left,20260522,2,20260522_154958,pose_20260520-0522_run1,wlm-1118__20260522-left-2__20260522_154958.npz
wlm1118,wlm-1118,left,20260522,2,20260522_155240,pose_20260520-0522_run1,wlm-1118__20260522-left-2__20260522_155240.npz
wlm1118,wlm-1118,left,20260522,2,20260522_155504,pose_20260520-0522_run1,wlm-1118__20260522-left-2__20260522_155504.npz
wlm1118,wlm-1118,left,20260522,2,20260522_155756,pose_20260520-0522_run1,wlm-1118__20260522-left-2__20260522_155756.npz
wlm1118,wlm-1118,left,20260522,2,20260522_160016,pose_20260520-0522_run1,wlm-1118__20260522-left-2__20260522_160016.npz
wlm1118,wlm-1118,left,20260522,2,20260522_160237,pose_20260520-0522_run1,wlm-1118__20260522-left-2__20260522_160237.npz
wlm1118,wlm-1118,left,20260522,2,20260522_160455,pose_20260520-0522_run1,wlm-1118__20260522-left-2__20260522_160455.npz
wlm1118,wlm-1118,left,20260522,2,20260522_160816,pose_20260520-0522_run1,wlm-1118__20260522-left-2__20260522_160816.npz
wlm1118,wlm-1118,left,20260522,3,20260522_114048,pose_20260520-0522_run1,wlm-1118__20260522-left-3__20260522_114048.npz
wlm1118,wlm-1118,left,20260522,3,20260522_115738,pose_20260520-0522_run1,wlm-1118__20260522-left-3__20260522_115738.npz
wlm1118,wlm-1118,left,20260522,3,20260522_131315,pose_20260520-0522_run1,wlm-1118__20260522-left-3__20260522_131315.npz
wlm1118,wlm-1118,left,20260522,3,20260522_132641,pose_20260520-0522_run1,wlm-1118__20260522-left-3__20260522_132641.npz
wlm1118,wlm-1118,left,20260522,3,20260522_133147,pose_20260520-0522_run1,wlm-1118__20260522-left-3__20260522_133147.npz
wlm1118,wlm-1118,left,20260522,3,20260522_133417,pose_20260520-0522_run1,wlm-1118__20260522-left-3__20260522_133417.npz
wlm1118,wlm-1118,left,20260522,3,20260522_133638,pose_20260520-0522_run1,wlm-1118__20260522-left-3__20260522_133638.npz
wlm1118,wlm-1118,left,20260522,3,20260522_133859,pose_20260520-0522_run1,wlm-1118__20260522-left-3__20260522_133859.npz
wlm1118,wlm-1118,left,20260522,3,20260522_134131,pose_20260520-0522_run1,wlm-1118__20260522-left-3__20260522_134131.npz
wlm1118,wlm-1118,left,20260522,3,20260522_134403,pose_20260520-0522_run1,wlm-1118__20260522-left-3__20260522_134403.npz
wlm1118,wlm-1118,left,20260522,3,20260522_134628,pose_20260520-0522_run1,wlm-1118__20260522-left-3__20260522_134628.npz
wlm1118,wlm-1118,left,20260522,3,20260522_134849,pose_20260520-0522_run1,wlm-1118__20260522-left-3__20260522_134849.npz
wlm1118,wlm-1118,left,20260522,3,20260522_135210,pose_20260520-0522_run1,wlm-1118__20260522-left-3__20260522_135210.npz
wlm1118,wlm-1118,left,20260522,3,20260522_135430,pose_20260520-0522_run1,wlm-1118__20260522-left-3__20260522_135430.npz
wlm1118,wlm-1118,left,20260522,3,20260522_135653,pose_20260520-0522_run1,wlm-1118__20260522-left-3__20260522_135653.npz
wlm1118,wlm-1118,left,20260522,3,20260522_135927,pose_20260520-0522_run1,wlm-1118__20260522-left-3__20260522_135927.npz
wlm1118,wlm-1118,left,20260522,,20260522_110442,pose_20260520-0522_run1,wlm-1118__20260522-left__20260522_110442.npz
wlm1118,wlm-1118,left,20260522,,20260522_110711,pose_20260520-0522_run1,wlm-1118__20260522-left__20260522_110711.npz
wlm1118,wlm-1118,left,20260522,,20260522_111013,pose_20260520-0522_run1,wlm-1118__20260522-left__20260522_111013.npz
wlm1118,wlm-1118,left,20260522,,20260522_150902,pose_20260520-0522_run1,wlm-1118__20260522-left__20260522_150902.npz
wlm1118,wlm-1118,left,20260522,,20260522_151127,pose_20260520-0522_run1,wlm-1118__20260522-left__20260522_151127.npz
wlm1118,wlm-1118,left,20260522,,20260522_151349,pose_20260520-0522_run1,wlm-1118__20260522-left__20260522_151349.npz
wlm1118,wlm-1118,left,20260522,,20260522_151612,pose_20260520-0522_run1,wlm-1118__20260522-left__20260522_151612.npz
wlm1118,wlm-1118,left,20260522,,20260522_151831,pose_20260520-0522_run1,wlm-1118__20260522-left__20260522_151831.npz
wlm1118,wlm-1118,left,20260522,,20260522_152050,pose_20260520-0522_run1,wlm-1118__20260522-left__20260522_152050.npz
wlm1118,wlm-1118,left,20260522,,20260522_152307,pose_20260520-0522_run1,wlm-1118__20260522-left__20260522_152307.npz
wlm1118,wlm-1118,left,20260522,,20260522_152525,pose_20260520-0522_run1,wlm-1118__20260522-left__20260522_152525.npz
wlm1118,wlm-1118,left,20260522,,20260522_152752,pose_20260520-0522_run1,wlm-1118__20260522-left__20260522_152752.npz
wlm1118,wlm-1118,left,20260522,,20260522_153011,pose_20260520-0522_run1,wlm-1118__20260522-left__20260522_153011.npz
wlm1118,wlm-1118,left,20260522,,20260522_153244,pose_20260520-0522_run1,wlm-1118__20260522-left__20260522_153244.npz
wlm1118,wlm-1118,left,20260522,,20260522_162741,pose_20260520-0522_run1,wlm-1118__20260522-left__20260522_162741.npz
wlm1118,wlm-1118,left,20260522,,20260522_163001,pose_20260520-0522_run1,wlm-1118__20260522-left__20260522_163001.npz
wlm1118,wlm-1118,left,20260522,,20260522_163222,pose_20260520-0522_run1,wlm-1118__20260522-left__20260522_163222.npz
wlm1118,wlm-1118,left,20260522,,20260522_163514,pose_20260520-0522_run1,wlm-1118__20260522-left__20260522_163514.npz
wlm1118,wlm-1118,left,20260522,,20260522_163740,pose_20260520-0522_run1,wlm-1118__20260522-left__20260522_163740.npz
wlm1118,wlm-1118,left,20260522,,20260522_164029,pose_20260520-0522_run1,wlm-1118__20260522-left__20260522_164029.npz
wlm1118,wlm-1118,left,20260522,,20260522_164302,pose_20260520-0522_run1,wlm-1118__20260522-left__20260522_164302.npz
wlm1118,wlm-1118,left,20260522,,20260522_164523,pose_20260520-0522_run1,wlm-1118__20260522-left__20260522_164523.npz
wlm1118,wlm-1118,left,20260522,,20260522_164747,pose_20260520-0522_run1,wlm-1118__20260522-left__20260522_164747.npz
wlm1118,wlm-1118,left,20260522,,20260522_165006,pose_20260520-0522_run1,wlm-1118__20260522-left__20260522_165006.npz
wlm1118,wlm-1118,left,20260522,,20260522_165226,pose_20260520-0522_run1,wlm-1118__20260522-left__20260522_165226.npz
wlm1118,wlm-1118,left,20260522,,20260522_165444,pose_20260520-0522_run1,wlm-1118__20260522-left__20260522_165444.npz
wlm1118,wlm-1118,left,20260522,,20260522_165712,pose_20260520-0522_run1,wlm-1118__20260522-left__20260522_165712.npz
wlm1118,wlm-1118,left,20260522,,20260522_165932,pose_20260520-0522_run1,wlm-1118__20260522-left__20260522_165932.npz
wlm1118,wlm-1118,left,20260522,,20260522_170152,pose_20260520-0522_run1,wlm-1118__20260522-left__20260522_170152.npz
wlm1118,wlm-1118,left,20260522,,20260522_170505,pose_20260520-0522_run1,wlm-1118__20260522-left__20260522_170505.npz
wlm1118,wlm-1118,left,20260522,,20260522_170726,pose_20260520-0522_run1,wlm-1118__20260522-left__20260522_170726.npz
wlm1118,wlm-1118,left,20260522,,20260522_170944,pose_20260520-0522_run1,wlm-1118__20260522-left__20260522_170944.npz
wlm1118,wlm-1118,left,20260522,,20260522_171203,pose_20260520-0522_run1,wlm-1118__20260522-left__20260522_171203.npz
wlm1118,wlm-1118,left,20260522,,20260522_171424,pose_20260520-0522_run1,wlm-1118__20260522-left__20260522_171424.npz
zlh0320,zlh-0320,left,20260522,,20260522_112023,pose_20260520-0522_run1,zlh-0320__20260522-left__20260522_112023.npz
zlh0320,zlh-0320,left,20260522,,20260522_112306,pose_20260520-0522_run1,zlh-0320__20260522-left__20260522_112306.npz
zlh0320,zlh-0320,left,20260522,,20260522_112550,pose_20260520-0522_run1,zlh-0320__20260522-left__20260522_112550.npz
zlh0320,zlh-0320,left,20260522,,20260522_112811,pose_20260520-0522_run1,zlh-0320__20260522-left__20260522_112811.npz
zlh0320,zlh-0320,left,20260522,,20260522_113040,pose_20260520-0522_run1,zlh-0320__20260522-left__20260522_113040.npz
zlh0320,zlh-0320,left,20260522,,20260522_113304,pose_20260520-0522_run1,zlh-0320__20260522-left__20260522_113304.npz
zlh0320,zlh-0320,left,20260522,,20260522_113527,pose_20260520-0522_run1,zlh-0320__20260522-left__20260522_113527.npz
zlh0320,zlh-0320,left,20260522,,20260522_113749,pose_20260520-0522_run1,zlh-0320__20260522-left__20260522_113749.npz
zlh0320,zlh-0320,left,20260522,,20260522_114010,pose_20260520-0522_run1,zlh-0320__20260522-left__20260522_114010.npz
zlh0320,zlh-0320,left,20260522,,20260522_114233,pose_20260520-0522_run1,zlh-0320__20260522-left__20260522_114233.npz
zlh0320,zlh-0320,left,20260522,,20260522_114502,pose_20260520-0522_run1,zlh-0320__20260522-left__20260522_114502.npz
zlh0320,zlh-0320,left,20260522,,20260522_114721,pose_20260520-0522_run1,zlh-0320__20260522-left__20260522_114721.npz
zlh0320,zlh-0320,left,20260522,,20260522_114942,pose_20260520-0522_run1,zlh-0320__20260522-left__20260522_114942.npz
zlh0320,zlh-0320,left,20260522,,20260522_115201,pose_20260520-0522_run1,zlh-0320__20260522-left__20260522_115201.npz
zlh0320,zlh-0320,left,20260522,,20260522_115555,pose_20260520-0522_run1,zlh-0320__20260522-left__20260522_115555.npz
zlh0320,zlh-0320,left,20260522,,20260522_115820,pose_20260520-0522_run1,zlh-0320__20260522-left__20260522_115820.npz
zlh0320,zlh-0320,left,20260522,,20260522_120043,pose_20260520-0522_run1,zlh-0320__20260522-left__20260522_120043.npz
zlh0320,zlh-0320,left,20260522,,20260522_120308,pose_20260520-0522_run1,zlh-0320__20260522-left__20260522_120308.npz
zlh0320,zlh-0320,left,20260522,,20260522_120528,pose_20260520-0522_run1,zlh-0320__20260522-left__20260522_120528.npz
zlh0320,zlh-0320,left,20260522,,20260522_120808,pose_20260520-0522_run1,zlh-0320__20260522-left__20260522_120808.npz
zlh0320,zlh-0320,left,20260522,,20260522_131759,pose_20260520-0522_run1,zlh-0320__20260522-left__20260522_131759.npz
zlh0320,zlh-0320,left,20260522,,20260522_132023,pose_20260520-0522_run1,zlh-0320__20260522-left__20260522_132023.npz
zlh0320,zlh-0320,left,20260522,,20260522_132245,pose_20260520-0522_run1,zlh-0320__20260522-left__20260522_132245.npz
zlh0320,zlh-0320,left,20260522,,20260522_132512,pose_20260520-0522_run1,zlh-0320__20260522-left__20260522_132512.npz
zlh0320,zlh-0320,left,20260522,,20260522_132739,pose_20260520-0522_run1,zlh-0320__20260522-left__20260522_132739.npz
zlh0320,zlh-0320,left,20260522,,20260522_133033,pose_20260520-0522_run1,zlh-0320__20260522-left__20260522_133033.npz
zlh0320,zlh-0320,left,20260522,,20260522_133256,pose_20260520-0522_run1,zlh-0320__20260522-left__20260522_133256.npz
zlh0320,zlh-0320,left,20260522,,20260522_133517,pose_20260520-0522_run1,zlh-0320__20260522-left__20260522_133517.npz
zlh0320,zlh-0320,left,20260522,,20260522_133738,pose_20260520-0522_run1,zlh-0320__20260522-left__20260522_133738.npz
zlh0320,zlh-0320,left,20260522,,20260522_134001,pose_20260520-0522_run1,zlh-0320__20260522-left__20260522_134001.npz
zlh0320,zlh-0320,left,20260522,,20260522_134250,pose_20260520-0522_run1,zlh-0320__20260522-left__20260522_134250.npz
zlh0320,zlh-0320,left,20260522,,20260522_134511,pose_20260520-0522_run1,zlh-0320__20260522-left__20260522_134511.npz
zlh0320,zlh-0320,left,20260522,,20260522_134730,pose_20260520-0522_run1,zlh-0320__20260522-left__20260522_134730.npz
zlh0320,zlh-0320,left,20260522,,20260522_134950,pose_20260520-0522_run1,zlh-0320__20260522-left__20260522_134950.npz
zlh0320,zlh-0320,left,20260522,,20260522_135214,pose_20260520-0522_run1,zlh-0320__20260522-left__20260522_135214.npz
zlh0320,zlh-0320,left,20260522,,20260522_135511,pose_20260520-0522_run1,zlh-0320__20260522-left__20260522_135511.npz
zlh0320,zlh-0320,left,20260522,,20260522_135732,pose_20260520-0522_run1,zlh-0320__20260522-left__20260522_135732.npz
zlh0320,zlh-0320,left,20260522,,20260522_135951,pose_20260520-0522_run1,zlh-0320__20260522-left__20260522_135951.npz
zlh0320,zlh-0320,left,20260522,,20260522_140212,pose_20260520-0522_run1,zlh-0320__20260522-left__20260522_140212.npz
zlh0320,zlh-0320,left,20260522,,20260522_140435,pose_20260520-0522_run1,zlh-0320__20260522-left__20260522_140435.npz
zlh0320,zlh-0320,left,20260522,,20260522_153118,pose_20260520-0522_run1,zlh-0320__20260522-left__20260522_153118.npz
zlh0320,zlh-0320,left,20260522,,20260522_153401,pose_20260520-0522_run1,zlh-0320__20260522-left__20260522_153401.npz
zlh0320,zlh-0320,left,20260522,,20260522_153619,pose_20260520-0522_run1,zlh-0320__20260522-left__20260522_153619.npz
zlh0320,zlh-0320,left,20260522,,20260522_153838,pose_20260520-0522_run1,zlh-0320__20260522-left__20260522_153838.npz
zlh0320,zlh-0320,left,20260522,,20260522_154056,pose_20260520-0522_run1,zlh-0320__20260522-left__20260522_154056.npz
zlh0320,zlh-0320,left,20260522,,20260522_154655,pose_20260520-0522_run1,zlh-0320__20260522-left__20260522_154655.npz
zlh0320,zlh-0320,left,20260522,,20260522_154913,pose_20260520-0522_run1,zlh-0320__20260522-left__20260522_154913.npz
zlh0320,zlh-0320,left,20260522,,20260522_155137,pose_20260520-0522_run1,zlh-0320__20260522-left__20260522_155137.npz
zlh0320,zlh-0320,left,20260522,,20260522_155355,pose_20260520-0522_run1,zlh-0320__20260522-left__20260522_155355.npz
zlh0320,zlh-0320,left,20260522,,20260522_155614,pose_20260520-0522_run1,zlh-0320__20260522-left__20260522_155614.npz
zlh0320,zlh-0320,left,20260522,,20260522_155854,pose_20260520-0522_run1,zlh-0320__20260522-left__20260522_155854.npz
zlh0320,zlh-0320,left,20260522,,20260522_160113,pose_20260520-0522_run1,zlh-0320__20260522-left__20260522_160113.npz
zlh0320,zlh-0320,left,20260522,,20260522_160331,pose_20260520-0522_run1,zlh-0320__20260522-left__20260522_160331.npz
zlh0320,zlh-0320,left,20260522,,20260522_160549,pose_20260520-0522_run1,zlh-0320__20260522-left__20260522_160549.npz
zlh0320,zlh-0320,left,20260522,,20260522_160809,pose_20260520-0522_run1,zlh-0320__20260522-left__20260522_160809.npz
zlh0320,zlh-0320,left,20260522,,20260522_161049,pose_20260520-0522_run1,zlh-0320__20260522-left__20260522_161049.npz
zlh0320,zlh-0320,left,20260522,,20260522_161312,pose_20260520-0522_run1,zlh-0320__20260522-left__20260522_161312.npz
zlh0320,zlh-0320,left,20260522,,20260522_161529,pose_20260520-0522_run1,zlh-0320__20260522-left__20260522_161529.npz
zlh0320,zlh-0320,left,20260522,,20260522_161826,pose_20260520-0522_run1,zlh-0320__20260522-left__20260522_161826.npz
zlh0320,zlh-0320,left,20260522,,20260522_162044,pose_20260520-0522_run1,zlh-0320__20260522-left__20260522_162044.npz
zlh0804,zlh-0804,right,20260522,2,20260522_155013,pose_20260520-0522_run1,zlh-0804__20260522-right-2__20260522_155013.npz
zlh0804,zlh-0804,right,20260522,2,20260522_155247,pose_20260520-0522_run1,zlh-0804__20260522-right-2__20260522_155247.npz
zlh0804,zlh-0804,right,20260522,2,20260522_155510,pose_20260520-0522_run1,zlh-0804__20260522-right-2__20260522_155510.npz
zlh0804,zlh-0804,right,20260522,2,20260522_155759,pose_20260520-0522_run1,zlh-0804__20260522-right-2__20260522_155759.npz
zlh0804,zlh-0804,right,20260522,2,20260522_160049,pose_20260520-0522_run1,zlh-0804__20260522-right-2__20260522_160049.npz
zlh0804,zlh-0804,right,20260522,2,20260522_160323,pose_20260520-0522_run1,zlh-0804__20260522-right-2__20260522_160323.npz
zlh0804,zlh-0804,right,20260522,2,20260522_160545,pose_20260520-0522_run1,zlh-0804__20260522-right-2__20260522_160545.npz
zlh0804,zlh-0804,right,20260522,2,20260522_160814,pose_20260520-0522_run1,zlh-0804__20260522-right-2__20260522_160814.npz
zlh0804,zlh-0804,right,20260522,2,20260522_161045,pose_20260520-0522_run1,zlh-0804__20260522-right-2__20260522_161045.npz
zlh0804,zlh-0804,right,20260522,2,20260522_161309,pose_20260520-0522_run1,zlh-0804__20260522-right-2__20260522_161309.npz
zlh0804,zlh-0804,right,20260522,2,20260522_161620,pose_20260520-0522_run1,zlh-0804__20260522-right-2__20260522_161620.npz
zlh0804,zlh-0804,right,20260522,2,20260522_161845,pose_20260520-0522_run1,zlh-0804__20260522-right-2__20260522_161845.npz
zlh0804,zlh-0804,right,20260522,2,20260522_162447,pose_20260520-0522_run1,zlh-0804__20260522-right-2__20260522_162447.npz
zlh0804,zlh-0804,right,20260522,2,20260522_162739,pose_20260520-0522_run1,zlh-0804__20260522-right-2__20260522_162739.npz
zlh0804,zlh-0804,right,20260522,2,20260522_163011,pose_20260520-0522_run1,zlh-0804__20260522-right-2__20260522_163011.npz
zlh0804,zlh-0804,right,20260522,2,20260522_163236,pose_20260520-0522_run1,zlh-0804__20260522-right-2__20260522_163236.npz
zlh0804,zlh-0804,right,20260522,2,20260522_163553,pose_20260520-0522_run1,zlh-0804__20260522-right-2__20260522_163553.npz
zlh0804,zlh-0804,right,20260522,2,20260522_163829,pose_20260520-0522_run1,zlh-0804__20260522-right-2__20260522_163829.npz
zlh0804,zlh-0804,right,20260522,2,20260522_164112,pose_20260520-0522_run1,zlh-0804__20260522-right-2__20260522_164112.npz
zlh0804,zlh-0804,right,20260522,2,20260522_164344,pose_20260520-0522_run1,zlh-0804__20260522-right-2__20260522_164344.npz
zlh0804,zlh-0804,right,20260522,2,20260522_170013,pose_20260520-0522_run1,zlh-0804__20260522-right-2__20260522_170013.npz
zlh0804,zlh-0804,right,20260522,2,20260522_170436,pose_20260520-0522_run1,zlh-0804__20260522-right-2__20260522_170436.npz
zlh0804,zlh-0804,right,20260522,2,20260522_170713,pose_20260520-0522_run1,zlh-0804__20260522-right-2__20260522_170713.npz
zlh0804,zlh-0804,right,20260522,2,20260522_170934,pose_20260520-0522_run1,zlh-0804__20260522-right-2__20260522_170934.npz
zlh0804,zlh-0804,right,20260522,2,20260522_171747,pose_20260520-0522_run1,zlh-0804__20260522-right-2__20260522_171747.npz
zlh0804,zlh-0804,right,20260522,2,20260522_172009,pose_20260520-0522_run1,zlh-0804__20260522-right-2__20260522_172009.npz
zlh0804,zlh-0804,right,20260522,2,20260522_172237,pose_20260520-0522_run1,zlh-0804__20260522-right-2__20260522_172237.npz
zlh0804,zlh-0804,right,20260522,2,20260522_172549,pose_20260520-0522_run1,zlh-0804__20260522-right-2__20260522_172549.npz
zlh0804,zlh-0804,right,20260522,2,20260522_172852,pose_20260520-0522_run1,zlh-0804__20260522-right-2__20260522_172852.npz
zlh0804,zlh-0804,right,20260522,2,20260522_173130,pose_20260520-0522_run1,zlh-0804__20260522-right-2__20260522_173130.npz
zlh0804,zlh-0804,right,20260522,2,20260522_173429,pose_20260520-0522_run1,zlh-0804__20260522-right-2__20260522_173429.npz
zlh0804,zlh-0804,right,20260522,2,20260522_173742,pose_20260520-0522_run1,zlh-0804__20260522-right-2__20260522_173742.npz
zlh0804,zlh-0804,right,20260522,2,20260522_174102,pose_20260520-0522_run1,zlh-0804__20260522-right-2__20260522_174102.npz
zlh0804,zlh-0804,right,20260522,2,20260522_174630,pose_20260520-0522_run1,zlh-0804__20260522-right-2__20260522_174630.npz
zlh0804,zlh-0804,right,20260522,2,20260522_174940,pose_20260520-0522_run1,zlh-0804__20260522-right-2__20260522_174940.npz
zlh0804,zlh-0804,right,20260522,2,20260522_175228,pose_20260520-0522_run1,zlh-0804__20260522-right-2__20260522_175228.npz
zlh0804,zlh-0804,right,20260522,2,20260522_175524,pose_20260520-0522_run1,zlh-0804__20260522-right-2__20260522_175524.npz
zlh0804,zlh-0804,right,20260522,2,20260522_175905,pose_20260520-0522_run1,zlh-0804__20260522-right-2__20260522_175905.npz
zlh0804,zlh-0804,right,20260522,2,20260522_180808,pose_20260520-0522_run1,zlh-0804__20260522-right-2__20260522_180808.npz
zlh0804,zlh-0804,right,20260522,2,20260522_181140,pose_20260520-0522_run1,zlh-0804__20260522-right-2__20260522_181140.npz
zlh0804,zlh-0804,right,20260522,4,20260522_183243,pose_20260520-0522_run1,zlh-0804__20260522-right-4__20260522_183243.npz
zlh0804,zlh-0804,right,20260522,4,20260522_183539,pose_20260520-0522_run1,zlh-0804__20260522-right-4__20260522_183539.npz
zlh0804,zlh-0804,right,20260522,4,20260522_183830,pose_20260520-0522_run1,zlh-0804__20260522-right-4__20260522_183830.npz
zlh0804,zlh-0804,right,20260522,4,20260522_184100,pose_20260520-0522_run1,zlh-0804__20260522-right-4__20260522_184100.npz
zlh0804,zlh-0804,right,20260522,4,20260522_184330,pose_20260520-0522_run1,zlh-0804__20260522-right-4__20260522_184330.npz
zlh0804,zlh-0804,right,20260522,4,20260522_184602,pose_20260520-0522_run1,zlh-0804__20260522-right-4__20260522_184602.npz
zlh0804,zlh-0804,right,20260522,4,20260522_184826,pose_20260520-0522_run1,zlh-0804__20260522-right-4__20260522_184826.npz
zlh0804,zlh-0804,right,20260522,4,20260522_185049,pose_20260520-0522_run1,zlh-0804__20260522-right-4__20260522_185049.npz
zlh0804,zlh-0804,right,20260522,4,20260522_185313,pose_20260520-0522_run1,zlh-0804__20260522-right-4__20260522_185313.npz
zlh0804,zlh-0804,right,20260522,4,20260522_185537,pose_20260520-0522_run1,zlh-0804__20260522-right-4__20260522_185537.npz
zlh0804,zlh-0804,right,20260522,4,20260522_185815,pose_20260520-0522_run1,zlh-0804__20260522-right-4__20260522_185815.npz
zlh0804,zlh-0804,right,20260522,4,20260522_190045,pose_20260520-0522_run1,zlh-0804__20260522-right-4__20260522_190045.npz
zlh0804,zlh-0804,right,20260522,4,20260522_190346,pose_20260520-0522_run1,zlh-0804__20260522-right-4__20260522_190346.npz
zlh0804,zlh-0804,right,20260522,4,20260522_190622,pose_20260520-0522_run1,zlh-0804__20260522-right-4__20260522_190622.npz
zlh0804,zlh-0804,right,20260522,4,20260522_190850,pose_20260520-0522_run1,zlh-0804__20260522-right-4__20260522_190850.npz
zlh0804,zlh-0804,right,20260522,4,20260522_191123,pose_20260520-0522_run1,zlh-0804__20260522-right-4__20260522_191123.npz
zlh0804,zlh-0804,right,20260522,4,20260522_191358,pose_20260520-0522_run1,zlh-0804__20260522-right-4__20260522_191358.npz
zlh0804,zlh-0804,right,20260522,4,20260522_191620,pose_20260520-0522_run1,zlh-0804__20260522-right-4__20260522_191620.npz
zlh0804,zlh-0804,right,20260522,4,20260522_191840,pose_20260520-0522_run1,zlh-0804__20260522-right-4__20260522_191840.npz
zlh0804,zlh-0804,right,20260522,4,20260522_192104,pose_20260520-0522_run1,zlh-0804__20260522-right-4__20260522_192104.npz
zrh0313,zrh-0313,left,20260520,2,20260520_111855,pose_20260520-0522_run1,zrh-0313__20260520-left-2__20260520_111855.npz
zrh0313,zrh-0313,left,20260520,2,20260520_112451,pose_20260520-0522_run1,zrh-0313__20260520-left-2__20260520_112451.npz
zrh0313,zrh-0313,left,20260520,3,20260520_112821,pose_20260520-0522_run1,zrh-0313__20260520-left-3__20260520_112821.npz
zrh0313,zrh-0313,left,20260520,3,20260520_113127,pose_20260520-0522_run1,zrh-0313__20260520-left-3__20260520_113127.npz
zrh0313,zrh-0313,left,20260520,,20260520_102437,pose_20260520-0522_run1,zrh-0313__20260520-left__20260520_102437.npz
zrh0313,zrh-0313,left,20260520,,20260520_102824,pose_20260520-0522_run1,zrh-0313__20260520-left__20260520_102824.npz
zrh0313,zrh-0313,left,20260520,,20260520_103131,pose_20260520-0522_run1,zrh-0313__20260520-left__20260520_103131.npz
zrh0313,zrh-0313,left,20260520,,20260520_103658,pose_20260520-0522_run1,zrh-0313__20260520-left__20260520_103658.npz
zrh0313,zrh-0313,left,20260520,,20260520_103920,pose_20260520-0522_run1,zrh-0313__20260520-left__20260520_103920.npz
zrh0313,zrh-0313,left,20260520,,20260520_104206,pose_20260520-0522_run1,zrh-0313__20260520-left__20260520_104206.npz
zrh0313,zrh-0313,left,20260520,,20260520_104518,pose_20260520-0522_run1,zrh-0313__20260520-left__20260520_104518.npz
zrh0313,zrh-0313,left,20260520,,20260520_104847,pose_20260520-0522_run1,zrh-0313__20260520-left__20260520_104847.npz
zrh0313,zrh-0313,left,20260520,,20260520_105254,pose_20260520-0522_run1,zrh-0313__20260520-left__20260520_105254.npz
zrh0313,zrh-0313,left,20260520,,20260520_105517,pose_20260520-0522_run1,zrh-0313__20260520-left__20260520_105517.npz
zrh0313,zrh-0313,left,20260520,,20260520_105750,pose_20260520-0522_run1,zrh-0313__20260520-left__20260520_105750.npz
zrh0313,zrh-0313,left,20260520,,20260520_110125,pose_20260520-0522_run1,zrh-0313__20260520-left__20260520_110125.npz
zrh0313,zrh-0313,left,20260520,,20260520_110347,pose_20260520-0522_run1,zrh-0313__20260520-left__20260520_110347.npz
zrh0313,zrh-0313,left,20260520,,20260520_110645,pose_20260520-0522_run1,zrh-0313__20260520-left__20260520_110645.npz
zrh0313,zrh-0313,left,20260520,,20260520_110934,pose_20260520-0522_run1,zrh-0313__20260520-left__20260520_110934.npz
zrh0313,zrh-0313,left,20260520,,20260520_111205,pose_20260520-0522_run1,zrh-0313__20260520-left__20260520_111205.npz
zxw1211,zxw-1211,left,20260521,,20260521_163820,pose_20260520-0522_run1,zxw-1211__20260521-left__20260521_163820.npz
zxw1211,zxw-1211,left,20260521,,20260521_164049,pose_20260520-0522_run1,zxw-1211__20260521-left__20260521_164049.npz
zxw1211,zxw-1211,left,20260521,,20260521_164320,pose_20260520-0522_run1,zxw-1211__20260521-left__20260521_164320.npz
zxw1211,zxw-1211,left,20260521,,20260521_164604,pose_20260520-0522_run1,zxw-1211__20260521-left__20260521_164604.npz
zxw1211,zxw-1211,left,20260521,,20260521_164831,pose_20260520-0522_run1,zxw-1211__20260521-left__20260521_164831.npz
zxw1211,zxw-1211,left,20260521,,20260521_165106,pose_20260520-0522_run1,zxw-1211__20260521-left__20260521_165106.npz
zxw1211,zxw-1211,left,20260521,,20260521_165401,pose_20260520-0522_run1,zxw-1211__20260521-left__20260521_165401.npz
zxw1211,zxw-1211,left,20260521,,20260521_165639,pose_20260520-0522_run1,zxw-1211__20260521-left__20260521_165639.npz
zxw1211,zxw-1211,left,20260521,,20260521_165920,pose_20260520-0522_run1,zxw-1211__20260521-left__20260521_165920.npz
zxw1211,zxw-1211,left,20260521,,20260521_170152,pose_20260520-0522_run1,zxw-1211__20260521-left__20260521_170152.npz
zxw1211,zxw-1211,left,20260521,,20260521_170723,pose_20260520-0522_run1,zxw-1211__20260521-left__20260521_170723.npz
zxw1211,zxw-1211,left,20260521,,20260521_170957,pose_20260520-0522_run1,zxw-1211__20260521-left__20260521_170957.npz
zxw1211,zxw-1211,left,20260521,,20260521_171225,pose_20260520-0522_run1,zxw-1211__20260521-left__20260521_171225.npz
zxw1211,zxw-1211,left,20260521,,20260521_171455,pose_20260520-0522_run1,zxw-1211__20260521-left__20260521_171455.npz
zxw1211,zxw-1211,left,20260521,,20260521_171727,pose_20260520-0522_run1,zxw-1211__20260521-left__20260521_171727.npz
zxw1211,zxw-1211,left,20260521,,20260521_171959,pose_20260520-0522_run1,zxw-1211__20260521-left__20260521_171959.npz
zxw1211,zxw-1211,left,20260521,,20260521_172228,pose_20260520-0522_run1,zxw-1211__20260521-left__20260521_172228.npz
zxw1211,zxw-1211,left,20260521,,20260521_172513,pose_20260520-0522_run1,zxw-1211__20260521-left__20260521_172513.npz
zxw1211,zxw-1211,left,20260521,,20260521_172755,pose_20260520-0522_run1,zxw-1211__20260521-left__20260521_172755.npz
zxw1211,zxw-1211,left,20260521,,20260521_173019,pose_20260520-0522_run1,zxw-1211__20260521-left__20260521_173019.npz
zxw1211,zxw-1211,left,20260521,,20260521_174257,pose_20260520-0522_run1,zxw-1211__20260521-left__20260521_174257.npz
zxw1211,zxw-1211,left,20260521,,20260521_174716,pose_20260520-0522_run1,zxw-1211__20260521-left__20260521_174716.npz
zxw1211,zxw-1211,left,20260521,,20260521_175009,pose_20260520-0522_run1,zxw-1211__20260521-left__20260521_175009.npz
zxw1211,zxw-1211,left,20260521,,20260521_175244,pose_20260520-0522_run1,zxw-1211__20260521-left__20260521_175244.npz
zxw1211,zxw-1211,left,20260521,,20260521_175510,pose_20260520-0522_run1,zxw-1211__20260521-left__20260521_175510.npz
zxw1211,zxw-1211,left,20260521,,20260521_180613,pose_20260520-0522_run1,zxw-1211__20260521-left__20260521_180613.npz
zxw1211,zxw-1211,left,20260521,,20260521_180930,pose_20260520-0522_run1,zxw-1211__20260521-left__20260521_180930.npz
zxw1211,zxw-1211,left,20260521,,20260521_181238,pose_20260520-0522_run1,zxw-1211__20260521-left__20260521_181238.npz
zxw1211,zxw-1211,left,20260521,,20260521_181620,pose_20260520-0522_run1,zxw-1211__20260521-left__20260521_181620.npz
zxw1211,zxw-1211,left,20260521,,20260521_182212,pose_20260520-0522_run1,zxw-1211__20260521-left__20260521_182212.npz
zxw1211,zxw-1211,left,20260521,,20260521_182434,pose_20260520-0522_run1,zxw-1211__20260521-left__20260521_182434.npz
zxw1211,zxw-1211,left,20260521,,20260521_182704,pose_20260520-0522_run1,zxw-1211__20260521-left__20260521_182704.npz
zxw1211,zxw-1211,left,20260521,,20260521_182930,pose_20260520-0522_run1,zxw-1211__20260521-left__20260521_182930.npz
zxw1211,zxw-1211,left,20260521,,20260521_183157,pose_20260520-0522_run1,zxw-1211__20260521-left__20260521_183157.npz
zxw1211,zxw-1211,left,20260521,,20260521_183425,pose_20260520-0522_run1,zxw-1211__20260521-left__20260521_183425.npz
zxw1211,zxw-1211,left,20260521,,20260521_183721,pose_20260520-0522_run1,zxw-1211__20260521-left__20260521_183721.npz
zxw1211,zxw-1211,left,20260521,,20260521_183951,pose_20260520-0522_run1,zxw-1211__20260521-left__20260521_183951.npz
zxw1211,zxw-1211,left,20260521,,20260521_192059,pose_20260520-0522_run1,zxw-1211__20260521-left__20260521_192059.npz
zxw1211,zxw-1211,left,20260521,,20260521_192404,pose_20260520-0522_run1,zxw-1211__20260521-left__20260521_192404.npz
zxw1211,zxw-1211,left,20260521,,20260521_192642,pose_20260520-0522_run1,zxw-1211__20260521-left__20260521_192642.npz
zxw1211,zxw-1211,left,20260521,,20260521_193942,pose_20260520-0522_run1,zxw-1211__20260521-left__20260521_193942.npz
zxw1211,zxw-1211,left,20260521,,20260521_194209,pose_20260520-0522_run1,zxw-1211__20260521-left__20260521_194209.npz
zxw1211,zxw-1211,left,20260521,,20260521_194656,pose_20260520-0522_run1,zxw-1211__20260521-left__20260521_194656.npz
zxw1211,zxw-1211,left,20260521,,20260521_194918,pose_20260520-0522_run1,zxw-1211__20260521-left__20260521_194918.npz
zxw1211,zxw-1211,left,20260521,,20260521_195145,pose_20260520-0522_run1,zxw-1211__20260521-left__20260521_195145.npz
zxw1211,zxw-1211,left,20260521,,20260521_195414,pose_20260520-0522_run1,zxw-1211__20260521-left__20260521_195414.npz
zxw1211,zxw-1211,left,20260521,,20260521_195638,pose_20260520-0522_run1,zxw-1211__20260521-left__20260521_195638.npz
zxw1211,zxw-1211,left,20260521,,20260521_201148,pose_20260520-0522_run1,zxw-1211__20260521-left__20260521_201148.npz
zxw1211,zxw-1211,left,20260521,,20260521_201423,pose_20260520-0522_run1,zxw-1211__20260521-left__20260521_201423.npz
zxw1211,zxw-1211,left,20260521,,20260521_201657,pose_20260520-0522_run1,zxw-1211__20260521-left__20260521_201657.npz
zxw1211,zxw-1211,left,20260521,,20260521_201927,pose_20260520-0522_run1,zxw-1211__20260521-left__20260521_201927.npz
zxw1211,zxw-1211,left,20260521,,20260521_202241,pose_20260520-0522_run1,zxw-1211__20260521-left__20260521_202241.npz
zxw1211,zxw-1211,left,20260521,,20260521_202505,pose_20260520-0522_run1,zxw-1211__20260521-left__20260521_202505.npz
zxw1211,zxw-1211,left,20260521,,20260521_202728,pose_20260520-0522_run1,zxw-1211__20260521-left__20260521_202728.npz
zxw1211,zxw-1211,left,20260521,,20260521_203028,pose_20260520-0522_run1,zxw-1211__20260521-left__20260521_203028.npz
zxw1211,zxw-1211,left,20260521,,20260521_203252,pose_20260520-0522_run1,zxw-1211__20260521-left__20260521_203252.npz
zxw1211,zxw-1211,left,20260521,,20260521_203523,pose_20260520-0522_run1,zxw-1211__20260521-left__20260521_203523.npz
zxw1211,zxw-1211,left,20260521,,20260521_203749,pose_20260520-0522_run1,zxw-1211__20260521-left__20260521_203749.npz
zxw1211,zxw-1211,left,20260521,,20260521_204029,pose_20260520-0522_run1,zxw-1211__20260521-left__20260521_204029.npz
zxw1211,zxw-1211,left,20260521,,20260521_204253,pose_20260520-0522_run1,zxw-1211__20260521-left__20260521_204253.npz
zyb0201,zyb-0201,left,20260520,,20260520_100614,pose_20260520-0522_run1,zyb-0201__20260520-left__20260520_100614.npz
zyb0201,zyb-0201,left,20260520,,20260520_100842,pose_20260520-0522_run1,zyb-0201__20260520-left__20260520_100842.npz
zyb0201,zyb-0201,left,20260520,,20260520_101104,pose_20260520-0522_run1,zyb-0201__20260520-left__20260520_101104.npz
zyb0201,zyb-0201,left,20260520,,20260520_101327,pose_20260520-0522_run1,zyb-0201__20260520-left__20260520_101327.npz
zyb0201,zyb-0201,left,20260520,,20260520_101620,pose_20260520-0522_run1,zyb-0201__20260520-left__20260520_101620.npz
zyb0201,zyb-0201,left,20260520,,20260520_101849,pose_20260520-0522_run1,zyb-0201__20260520-left__20260520_101849.npz
zyb0201,zyb-0201,left,20260520,,20260520_102124,pose_20260520-0522_run1,zyb-0201__20260520-left__20260520_102124.npz
zyb0201,zyb-0201,left,20260520,,20260520_102354,pose_20260520-0522_run1,zyb-0201__20260520-left__20260520_102354.npz
zyb0201,zyb-0201,left,20260520,,20260520_102624,pose_20260520-0522_run1,zyb-0201__20260520-left__20260520_102624.npz
zyb0201,zyb-0201,left,20260520,,20260520_102844,pose_20260520-0522_run1,zyb-0201__20260520-left__20260520_102844.npz
zyb0201,zyb-0201,left,20260520,,20260520_103140,pose_20260520-0522_run1,zyb-0201__20260520-left__20260520_103140.npz
zyb0201,zyb-0201,left,20260520,,20260520_103417,pose_20260520-0522_run1,zyb-0201__20260520-left__20260520_103417.npz
zyb0201,zyb-0201,left,20260520,,20260520_103640,pose_20260520-0522_run1,zyb-0201__20260520-left__20260520_103640.npz
zyb0201,zyb-0201,left,20260520,,20260520_103906,pose_20260520-0522_run1,zyb-0201__20260520-left__20260520_103906.npz
zyb0201,zyb-0201,left,20260520,,20260520_104140,pose_20260520-0522_run1,zyb-0201__20260520-left__20260520_104140.npz
zyb0201,zyb-0201,left,20260520,,20260520_104758,pose_20260520-0522_run1,zyb-0201__20260520-left__20260520_104758.npz
zyb0201,zyb-0201,left,20260520,,20260520_105019,pose_20260520-0522_run1,zyb-0201__20260520-left__20260520_105019.npz
zyb0201,zyb-0201,left,20260520,,20260520_105242,pose_20260520-0522_run1,zyb-0201__20260520-left__20260520_105242.npz
zyb0201,zyb-0201,left,20260520,,20260520_105503,pose_20260520-0522_run1,zyb-0201__20260520-left__20260520_105503.npz
zyb0201,zyb-0201,left,20260520,,20260520_105741,pose_20260520-0522_run1,zyb-0201__20260520-left__20260520_105741.npz
zyb0923,zyb-0923,right,20260522,2,20260522_111259,pose_20260520-0522_run1,zyb-0923__20260522-right-2__20260522_111259.npz
zyb0923,zyb-0923,right,20260522,2,20260522_111626,pose_20260520-0522_run1,zyb-0923__20260522-right-2__20260522_111626.npz
zyb0923,zyb-0923,right,20260522,2,20260522_111914,pose_20260520-0522_run1,zyb-0923__20260522-right-2__20260522_111914.npz
zyb0923,zyb-0923,right,20260522,2,20260522_112146,pose_20260520-0522_run1,zyb-0923__20260522-right-2__20260522_112146.npz
zyb0923,zyb-0923,right,20260522,2,20260522_112426,pose_20260520-0522_run1,zyb-0923__20260522-right-2__20260522_112426.npz
zyb0923,zyb-0923,right,20260522,2,20260522_112700,pose_20260520-0522_run1,zyb-0923__20260522-right-2__20260522_112700.npz
zyb0923,zyb-0923,right,20260522,2,20260522_112942,pose_20260520-0522_run1,zyb-0923__20260522-right-2__20260522_112942.npz
zyb0923,zyb-0923,right,20260522,2,20260522_113214,pose_20260520-0522_run1,zyb-0923__20260522-right-2__20260522_113214.npz
zyb0923,zyb-0923,right,20260522,2,20260522_113458,pose_20260520-0522_run1,zyb-0923__20260522-right-2__20260522_113458.npz
zyb0923,zyb-0923,right,20260522,2,20260522_114105,pose_20260520-0522_run1,zyb-0923__20260522-right-2__20260522_114105.npz
zyb0923,zyb-0923,right,20260522,2,20260522_114340,pose_20260520-0522_run1,zyb-0923__20260522-right-2__20260522_114340.npz
zyb0923,zyb-0923,right,20260522,2,20260522_114611,pose_20260520-0522_run1,zyb-0923__20260522-right-2__20260522_114611.npz
zyb0923,zyb-0923,right,20260522,2,20260522_114845,pose_20260520-0522_run1,zyb-0923__20260522-right-2__20260522_114845.npz
zyb0923,zyb-0923,right,20260522,2,20260522_115113,pose_20260520-0522_run1,zyb-0923__20260522-right-2__20260522_115113.npz
zyb0923,zyb-0923,right,20260522,2,20260522_115341,pose_20260520-0522_run1,zyb-0923__20260522-right-2__20260522_115341.npz
zyb0923,zyb-0923,right,20260522,2,20260522_115610,pose_20260520-0522_run1,zyb-0923__20260522-right-2__20260522_115610.npz
zyb0923,zyb-0923,right,20260522,2,20260522_115844,pose_20260520-0522_run1,zyb-0923__20260522-right-2__20260522_115844.npz
zyb0923,zyb-0923,right,20260522,2,20260522_134013,pose_20260520-0522_run1,zyb-0923__20260522-right-2__20260522_134013.npz
zyb0923,zyb-0923,right,20260522,2,20260522_134239,pose_20260520-0522_run1,zyb-0923__20260522-right-2__20260522_134239.npz
zyb0923,zyb-0923,right,20260522,2,20260522_134521,pose_20260520-0522_run1,zyb-0923__20260522-right-2__20260522_134521.npz
zyb0923,zyb-0923,right,20260522,2,20260522_134750,pose_20260520-0522_run1,zyb-0923__20260522-right-2__20260522_134750.npz
zyb0923,zyb-0923,right,20260522,2,20260522_135016,pose_20260520-0522_run1,zyb-0923__20260522-right-2__20260522_135016.npz
zyb0923,zyb-0923,right,20260522,2,20260522_135250,pose_20260520-0522_run1,zyb-0923__20260522-right-2__20260522_135250.npz
zyb0923,zyb-0923,right,20260522,2,20260522_135513,pose_20260520-0522_run1,zyb-0923__20260522-right-2__20260522_135513.npz
zyb0923,zyb-0923,right,20260522,2,20260522_135745,pose_20260520-0522_run1,zyb-0923__20260522-right-2__20260522_135745.npz
zyb0923,zyb-0923,right,20260522,2,20260522_140011,pose_20260520-0522_run1,zyb-0923__20260522-right-2__20260522_140011.npz
zyb0923,zyb-0923,right,20260522,2,20260522_140242,pose_20260520-0522_run1,zyb-0923__20260522-right-2__20260522_140242.npz
zyb0923,zyb-0923,right,20260522,2,20260522_140516,pose_20260520-0522_run1,zyb-0923__20260522-right-2__20260522_140516.npz
zyb0923,zyb-0923,right,20260522,2,20260522_140741,pose_20260520-0522_run1,zyb-0923__20260522-right-2__20260522_140741.npz
zyb0923,zyb-0923,right,20260522,2,20260522_141015,pose_20260520-0522_run1,zyb-0923__20260522-right-2__20260522_141015.npz
zyb0923,zyb-0923,right,20260522,2,20260522_141246,pose_20260520-0522_run1,zyb-0923__20260522-right-2__20260522_141246.npz
zyb0923,zyb-0923,right,20260522,2,20260522_141517,pose_20260520-0522_run1,zyb-0923__20260522-right-2__20260522_141517.npz
zyb0923,zyb-0923,right,20260522,2,20260522_141740,pose_20260520-0522_run1,zyb-0923__20260522-right-2__20260522_141740.npz
zyb0923,zyb-0923,right,20260522,,20260522_110235,pose_20260520-0522_run1,zyb-0923__20260522-right__20260522_110235.npz
zyb0923,zyb-0923,right,20260522,,20260522_110505,pose_20260520-0522_run1,zyb-0923__20260522-right__20260522_110505.npz
zyb0923,zyb-0923,right,20260522,,20260522_110747,pose_20260520-0522_run1,zyb-0923__20260522-right__20260522_110747.npz
zyb0923,zyb-0923,right,20260522,,20260522_131934,pose_20260520-0522_run1,zyb-0923__20260522-right__20260522_131934.npz
zyb0923,zyb-0923,right,20260522,,20260522_132159,pose_20260520-0522_run1,zyb-0923__20260522-right__20260522_132159.npz
zyb0923,zyb-0923,right,20260522,,20260522_132422,pose_20260520-0522_run1,zyb-0923__20260522-right__20260522_132422.npz
zyb0923,zyb-0923,right,20260522,,20260522_132645,pose_20260520-0522_run1,zyb-0923__20260522-right__20260522_132645.npz
zyb0923,zyb-0923,right,20260522,,20260522_132912,pose_20260520-0522_run1,zyb-0923__20260522-right__20260522_132912.npz
zyb0923,zyb-0923,right,20260522,,20260522_133203,pose_20260520-0522_run1,zyb-0923__20260522-right__20260522_133203.npz
zyb0923,zyb-0923,right,20260522,,20260522_143543,pose_20260520-0522_run1,zyb-0923__20260522-right__20260522_143543.npz
zyb0923,zyb-0923,right,20260522,,20260522_143809,pose_20260520-0522_run1,zyb-0923__20260522-right__20260522_143809.npz
zyb0923,zyb-0923,right,20260522,,20260522_144044,pose_20260520-0522_run1,zyb-0923__20260522-right__20260522_144044.npz
zyb0923,zyb-0923,right,20260522,,20260522_144354,pose_20260520-0522_run1,zyb-0923__20260522-right__20260522_144354.npz
zyb0923,zyb-0923,right,20260522,,20260522_144756,pose_20260520-0522_run1,zyb-0923__20260522-right__20260522_144756.npz
zyb0923,zyb-0923,right,20260522,,20260522_145132,pose_20260520-0522_run1,zyb-0923__20260522-right__20260522_145132.npz
zyb0923,zyb-0923,right,20260522,,20260522_145411,pose_20260520-0522_run1,zyb-0923__20260522-right__20260522_145411.npz
zyb0923,zyb-0923,right,20260522,,20260522_145655,pose_20260520-0522_run1,zyb-0923__20260522-right__20260522_145655.npz
zyb0923,zyb-0923,right,20260522,,20260522_145924,pose_20260520-0522_run1,zyb-0923__20260522-right__20260522_145924.npz
zyb0923,zyb-0923,right,20260522,,20260522_150207,pose_20260520-0522_run1,zyb-0923__20260522-right__20260522_150207.npz
zyb0923,zyb-0923,right,20260522,,20260522_150446,pose_20260520-0522_run1,zyb-0923__20260522-right__20260522_150446.npz
zyb0923,zyb-0923,right,20260522,,20260522_150733,pose_20260520-0522_run1,zyb-0923__20260522-right__20260522_150733.npz
zyb0923,zyb-0923,right,20260522,,20260522_151019,pose_20260520-0522_run1,zyb-0923__20260522-right__20260522_151019.npz
zyb0923,zyb-0923,right,20260522,,20260522_151249,pose_20260520-0522_run1,zyb-0923__20260522-right__20260522_151249.npz
zyb0923,zyb-0923,right,20260522,,20260522_151525,pose_20260520-0522_run1,zyb-0923__20260522-right__20260522_151525.npz
zyb0923,zyb-0923,right,20260522,,20260522_151757,pose_20260520-0522_run1,zyb-0923__20260522-right__20260522_151757.npz
zyb0923,zyb-0923,right,20260522,,20260522_152042,pose_20260520-0522_run1,zyb-0923__20260522-right__20260522_152042.npz
zyb0923,zyb-0923,right,20260522,,20260522_152310,pose_20260520-0522_run1,zyb-0923__20260522-right__20260522_152310.npz
zyb0923,zyb-0923,right,20260522,,20260522_152946,pose_20260520-0522_run1,zyb-0923__20260522-right__20260522_152946.npz
zyb0923,zyb-0923,right,20260522,,20260522_153220,pose_20260520-0522_run1,zyb-0923__20260522-right__20260522_153220.npz
wjh0111,wjh-0111,left,20260502,2,20260502_105005,wjh0111_0502_left,wjh-0111__20260502-left-2__20260502_105005.npz
wjh0111,wjh-0111,left,20260502,2,20260502_105224,wjh0111_0502_left,wjh-0111__20260502-left-2__20260502_105224.npz
wjh0111,wjh-0111,left,20260502,2,20260502_105439,wjh0111_0502_left,wjh-0111__20260502-left-2__20260502_105439.npz
wjh0111,wjh-0111,left,20260502,2,20260502_105657,wjh0111_0502_left,wjh-0111__20260502-left-2__20260502_105657.npz
wjh0111,wjh-0111,left,20260502,2,20260502_105915,wjh0111_0502_left,wjh-0111__20260502-left-2__20260502_105915.npz
wjh0111,wjh-0111,left,20260502,2,20260502_110131,wjh0111_0502_left,wjh-0111__20260502-left-2__20260502_110131.npz
wjh0111,wjh-0111,left,20260502,2,20260502_110346,wjh0111_0502_left,wjh-0111__20260502-left-2__20260502_110346.npz
wjh0111,wjh-0111,left,20260502,2,20260502_110600,wjh0111_0502_left,wjh-0111__20260502-left-2__20260502_110600.npz
wjh0111,wjh-0111,left,20260502,2,20260502_110814,wjh0111_0502_left,wjh-0111__20260502-left-2__20260502_110814.npz
wjh0111,wjh-0111,left,20260502,2,20260502_111032,wjh0111_0502_left,wjh-0111__20260502-left-2__20260502_111032.npz
wjh0111,wjh-0111,left,20260502,2,20260502_111246,wjh0111_0502_left,wjh-0111__20260502-left-2__20260502_111246.npz
wjh0111,wjh-0111,left,20260502,2,20260502_111500,wjh0111_0502_left,wjh-0111__20260502-left-2__20260502_111500.npz
wjh0111,wjh-0111,left,20260502,2,20260502_111713,wjh0111_0502_left,wjh-0111__20260502-left-2__20260502_111713.npz
wjh0111,wjh-0111,left,20260502,2,20260502_111928,wjh0111_0502_left,wjh-0111__20260502-left-2__20260502_111928.npz
wjh0111,wjh-0111,left,20260502,2,20260502_112206,wjh0111_0502_left,wjh-0111__20260502-left-2__20260502_112206.npz
wjh0111,wjh-0111,left,20260502,2,20260502_112420,wjh0111_0502_left,wjh-0111__20260502-left-2__20260502_112420.npz
wjh0111,wjh-0111,left,20260502,2,20260502_112633,wjh0111_0502_left,wjh-0111__20260502-left-2__20260502_112633.npz
wjh0111,wjh-0111,left,20260502,2,20260502_112849,wjh0111_0502_left,wjh-0111__20260502-left-2__20260502_112849.npz
wjh0111,wjh-0111,left,20260502,2,20260502_113225,wjh0111_0502_left,wjh-0111__20260502-left-2__20260502_113225.npz
wjh0111,wjh-0111,left,20260502,2,20260502_113440,wjh0111_0502_left,wjh-0111__20260502-left-2__20260502_113440.npz
wjh0111,wjh-0111,left,20260502,2,20260502_113701,wjh0111_0502_left,wjh-0111__20260502-left-2__20260502_113701.npz
wjh0111,wjh-0111,left,20260502,2,20260502_113915,wjh0111_0502_left,wjh-0111__20260502-left-2__20260502_113915.npz
wjh0111,wjh-0111,left,20260502,2,20260502_114129,wjh0111_0502_left,wjh-0111__20260502-left-2__20260502_114129.npz
wjh0111,wjh-0111,left,20260502,2,20260502_114343,wjh0111_0502_left,wjh-0111__20260502-left-2__20260502_114343.npz
wjh0111,wjh-0111,left,20260502,2,20260502_114611,wjh0111_0502_left,wjh-0111__20260502-left-2__20260502_114611.npz
wjh0111,wjh-0111,left,20260502,2,20260502_114827,wjh0111_0502_left,wjh-0111__20260502-left-2__20260502_114827.npz
wjh0111,wjh-0111,left,20260502,2,20260502_115042,wjh0111_0502_left,wjh-0111__20260502-left-2__20260502_115042.npz
wjh0111,wjh-0111,left,20260502,2,20260502_115256,wjh0111_0502_left,wjh-0111__20260502-left-2__20260502_115256.npz
wjh0111,wjh-0111,left,20260502,2,20260502_115510,wjh0111_0502_left,wjh-0111__20260502-left-2__20260502_115510.npz
wjh0111,wjh-0111,left,20260502,2,20260502_115725,wjh0111_0502_left,wjh-0111__20260502-left-2__20260502_115725.npz
wjh0111,wjh-0111,left,20260502,2,20260502_115938,wjh0111_0502_left,wjh-0111__20260502-left-2__20260502_115938.npz
wjh0111,wjh-0111,left,20260502,3,20260502_130433,wjh0111_0502_left,wjh-0111__20260502-left-3__20260502_130433.npz
wjh0111,wjh-0111,left,20260502,3,20260502_130653,wjh0111_0502_left,wjh-0111__20260502-left-3__20260502_130653.npz
wjh0111,wjh-0111,left,20260502,3,20260502_130908,wjh0111_0502_left,wjh-0111__20260502-left-3__20260502_130908.npz
wjh0111,wjh-0111,left,20260502,3,20260502_131125,wjh0111_0502_left,wjh-0111__20260502-left-3__20260502_131125.npz
wjh0111,wjh-0111,left,20260502,3,20260502_131340,wjh0111_0502_left,wjh-0111__20260502-left-3__20260502_131340.npz
wjh0111,wjh-0111,left,20260502,3,20260502_131556,wjh0111_0502_left,wjh-0111__20260502-left-3__20260502_131556.npz
wjh0111,wjh-0111,left,20260502,3,20260502_131810,wjh0111_0502_left,wjh-0111__20260502-left-3__20260502_131810.npz
wjh0111,wjh-0111,left,20260502,3,20260502_132035,wjh0111_0502_left,wjh-0111__20260502-left-3__20260502_132035.npz
wjh0111,wjh-0111,left,20260502,3,20260502_132313,wjh0111_0502_left,wjh-0111__20260502-left-3__20260502_132313.npz
wjh0111,wjh-0111,left,20260502,3,20260502_132528,wjh0111_0502_left,wjh-0111__20260502-left-3__20260502_132528.npz
wjh0111,wjh-0111,left,20260502,3,20260502_132743,wjh0111_0502_left,wjh-0111__20260502-left-3__20260502_132743.npz
wjh0111,wjh-0111,left,20260502,3,20260502_133001,wjh0111_0502_left,wjh-0111__20260502-left-3__20260502_133001.npz
wjh0111,wjh-0111,left,20260502,3,20260502_133214,wjh0111_0502_left,wjh-0111__20260502-left-3__20260502_133214.npz
wjh0111,wjh-0111,left,20260502,3,20260502_133428,wjh0111_0502_left,wjh-0111__20260502-left-3__20260502_133428.npz
wjh0111,wjh-0111,left,20260502,3,20260502_133641,wjh0111_0502_left,wjh-0111__20260502-left-3__20260502_133641.npz
wjh0111,wjh-0111,left,20260502,3,20260502_133856,wjh0111_0502_left,wjh-0111__20260502-left-3__20260502_133856.npz
wjh0111,wjh-0111,left,20260502,3,20260502_134121,wjh0111_0502_left,wjh-0111__20260502-left-3__20260502_134121.npz
wjh0111,wjh-0111,left,20260502,3,20260502_134335,wjh0111_0502_left,wjh-0111__20260502-left-3__20260502_134335.npz
wjh0111,wjh-0111,left,20260502,3,20260502_134549,wjh0111_0502_left,wjh-0111__20260502-left-3__20260502_134549.npz
wjh0111,wjh-0111,left,20260502,3,20260502_134802,wjh0111_0502_left,wjh-0111__20260502-left-3__20260502_134802.npz
wjh0111,wjh-0111,left,20260502,3,20260502_135016,wjh0111_0502_left,wjh-0111__20260502-left-3__20260502_135016.npz
wjh0111,wjh-0111,left,20260502,3,20260502_135231,wjh0111_0502_left,wjh-0111__20260502-left-3__20260502_135231.npz
wjh0111,wjh-0111,left,20260502,3,20260502_135447,wjh0111_0502_left,wjh-0111__20260502-left-3__20260502_135447.npz
wjh0111,wjh-0111,left,20260502,3,20260502_135703,wjh0111_0502_left,wjh-0111__20260502-left-3__20260502_135703.npz
wjh0111,wjh-0111,left,20260502,3,20260502_135918,wjh0111_0502_left,wjh-0111__20260502-left-3__20260502_135918.npz
wjh0111,wjh-0111,left,20260502,3,20260502_140132,wjh0111_0502_left,wjh-0111__20260502-left-3__20260502_140132.npz
wjh0111,wjh-0111,left,20260502,3,20260502_140347,wjh0111_0502_left,wjh-0111__20260502-left-3__20260502_140347.npz
wjh0111,wjh-0111,left,20260502,3,20260502_140601,wjh0111_0502_left,wjh-0111__20260502-left-3__20260502_140601.npz
wjh0111,wjh-0111,left,20260502,3,20260502_140814,wjh0111_0502_left,wjh-0111__20260502-left-3__20260502_140814.npz
wjh0111,wjh-0111,left,20260502,3,20260502_141039,wjh0111_0502_left,wjh-0111__20260502-left-3__20260502_141039.npz
wjh0111,wjh-0111,left,20260502,3,20260502_141255,wjh0111_0502_left,wjh-0111__20260502-left-3__20260502_141255.npz
wjh0111,wjh-0111,left,20260502,3,20260502_141510,wjh0111_0502_left,wjh-0111__20260502-left-3__20260502_141510.npz
wjh0111,wjh-0111,left,20260502,3,20260502_141724,wjh0111_0502_left,wjh-0111__20260502-left-3__20260502_141724.npz
wjh0111,wjh-0111,left,20260502,3,20260502_141941,wjh0111_0502_left,wjh-0111__20260502-left-3__20260502_141941.npz
wjh0111,wjh-0111,left,20260502,3,20260502_142156,wjh0111_0502_left,wjh-0111__20260502-left-3__20260502_142156.npz
wjh0111,wjh-0111,left,20260502,3,20260502_142410,wjh0111_0502_left,wjh-0111__20260502-left-3__20260502_142410.npz
wjh0111,wjh-0111,left,20260502,3,20260502_142624,wjh0111_0502_left,wjh-0111__20260502-left-3__20260502_142624.npz
wjh0111,wjh-0111,left,20260502,3,20260502_142840,wjh0111_0502_left,wjh-0111__20260502-left-3__20260502_142840.npz
wjh0111,wjh-0111,left,20260502,3,20260502_143054,wjh0111_0502_left,wjh-0111__20260502-left-3__20260502_143054.npz
wjh0111,wjh-0111,left,20260502,3,20260502_143309,wjh0111_0502_left,wjh-0111__20260502-left-3__20260502_143309.npz
wjh0111,wjh-0111,left,20260502,4,20260502_150608,wjh0111_0502_left,wjh-0111__20260502-left-4__20260502_150608.npz
wjh0111,wjh-0111,left,20260502,4,20260502_150825,wjh0111_0502_left,wjh-0111__20260502-left-4__20260502_150825.npz
wjh0111,wjh-0111,left,20260502,4,20260502_151052,wjh0111_0502_left,wjh-0111__20260502-left-4__20260502_151052.npz
wjh0111,wjh-0111,left,20260502,5,20260502_151935,wjh0111_0502_left,wjh-0111__20260502-left-5__20260502_151935.npz
wjh0111,wjh-0111,left,20260502,5,20260502_152157,wjh0111_0502_left,wjh-0111__20260502-left-5__20260502_152157.npz
wjh0111,wjh-0111,left,20260502,5,20260502_152447,wjh0111_0502_left,wjh-0111__20260502-left-5__20260502_152447.npz
wjh0111,wjh-0111,left,20260502,5,20260502_152702,wjh0111_0502_left,wjh-0111__20260502-left-5__20260502_152702.npz
wjh0111,wjh-0111,left,20260502,5,20260502_152950,wjh0111_0502_left,wjh-0111__20260502-left-5__20260502_152950.npz
wjh0111,wjh-0111,left,20260502,5,20260502_153214,wjh0111_0502_left,wjh-0111__20260502-left-5__20260502_153214.npz
wjh0111,wjh-0111,left,20260502,5,20260502_153427,wjh0111_0502_left,wjh-0111__20260502-left-5__20260502_153427.npz
wjh0111,wjh-0111,left,20260502,5,20260502_153737,wjh0111_0502_left,wjh-0111__20260502-left-5__20260502_153737.npz
wjh0111,wjh-0111,left,20260502,5,20260502_154000,wjh0111_0502_left,wjh-0111__20260502-left-5__20260502_154000.npz
wjh0111,wjh-0111,left,20260502,5,20260502_154214,wjh0111_0502_left,wjh-0111__20260502-left-5__20260502_154214.npz
wjh0111,wjh-0111,left,20260502,5,20260502_154430,wjh0111_0502_left,wjh-0111__20260502-left-5__20260502_154430.npz
wjh0111,wjh-0111,left,20260502,5,20260502_154645,wjh0111_0502_left,wjh-0111__20260502-left-5__20260502_154645.npz
wjh0111,wjh-0111,left,20260502,5,20260502_154859,wjh0111_0502_left,wjh-0111__20260502-left-5__20260502_154859.npz
wjh0111,wjh-0111,left,20260502,5,20260502_155113,wjh0111_0502_left,wjh-0111__20260502-left-5__20260502_155113.npz
wjh0111,wjh-0111,left,20260502,5,20260502_155327,wjh0111_0502_left,wjh-0111__20260502-left-5__20260502_155327.npz
wjh0111,wjh-0111,left,20260502,5,20260502_155543,wjh0111_0502_left,wjh-0111__20260502-left-5__20260502_155543.npz
wjh0111,wjh-0111,left,20260502,5,20260502_155800,wjh0111_0502_left,wjh-0111__20260502-left-5__20260502_155800.npz
wjh0111,wjh-0111,left,20260502,5,20260502_160014,wjh0111_0502_left,wjh-0111__20260502-left-5__20260502_160014.npz
wjh0111,wjh-0111,left,20260502,5,20260502_160228,wjh0111_0502_left,wjh-0111__20260502-left-5__20260502_160228.npz
wjh0111,wjh-0111,left,20260502,5,20260502_160452,wjh0111_0502_left,wjh-0111__20260502-left-5__20260502_160452.npz
wjh0111,wjh-0111,left,20260502,6,20260502_161814,wjh0111_0502_left,wjh-0111__20260502-left-6__20260502_161814.npz
wjh0111,wjh-0111,left,20260502,6,20260502_162028,wjh0111_0502_left,wjh-0111__20260502-left-6__20260502_162028.npz
wjh0111,wjh-0111,left,20260502,6,20260502_162243,wjh0111_0502_left,wjh-0111__20260502-left-6__20260502_162243.npz
wjh0111,wjh-0111,left,20260502,6,20260502_162456,wjh0111_0502_left,wjh-0111__20260502-left-6__20260502_162456.npz
wjh0111,wjh-0111,left,20260502,6,20260502_162709,wjh0111_0502_left,wjh-0111__20260502-left-6__20260502_162709.npz
wjh0111,wjh-0111,left,20260502,6,20260502_162924,wjh0111_0502_left,wjh-0111__20260502-left-6__20260502_162924.npz
wjh0111,wjh-0111,left,20260502,6,20260502_163140,wjh0111_0502_left,wjh-0111__20260502-left-6__20260502_163140.npz
wjh0111,wjh-0111,left,20260502,6,20260502_163354,wjh0111_0502_left,wjh-0111__20260502-left-6__20260502_163354.npz
wjh0111,wjh-0111,left,20260502,6,20260502_163607,wjh0111_0502_left,wjh-0111__20260502-left-6__20260502_163607.npz
wjh0111,wjh-0111,left,20260502,6,20260502_163823,wjh0111_0502_left,wjh-0111__20260502-left-6__20260502_163823.npz
wjh0111,wjh-0111,left,20260502,6,20260502_164045,wjh0111_0502_left,wjh-0111__20260502-left-6__20260502_164045.npz
wjh0111,wjh-0111,left,20260502,6,20260502_164259,wjh0111_0502_left,wjh-0111__20260502-left-6__20260502_164259.npz
wjh0111,wjh-0111,left,20260502,6,20260502_164513,wjh0111_0502_left,wjh-0111__20260502-left-6__20260502_164513.npz
wjh0111,wjh-0111,left,20260502,6,20260502_164728,wjh0111_0502_left,wjh-0111__20260502-left-6__20260502_164728.npz
wjh0111,wjh-0111,left,20260502,6,20260502_164943,wjh0111_0502_left,wjh-0111__20260502-left-6__20260502_164943.npz
wjh0111,wjh-0111,left,20260502,6,20260502_165200,wjh0111_0502_left,wjh-0111__20260502-left-6__20260502_165200.npz
wjh0111,wjh-0111,left,20260502,6,20260502_165412,wjh0111_0502_left,wjh-0111__20260502-left-6__20260502_165412.npz
wjh0111,wjh-0111,left,20260502,6,20260502_165627,wjh0111_0502_left,wjh-0111__20260502-left-6__20260502_165627.npz
wjh0111,wjh-0111,left,20260502,6,20260502_165841,wjh0111_0502_left,wjh-0111__20260502-left-6__20260502_165841.npz
wjh0111,wjh-0111,left,20260502,6,20260502_170055,wjh0111_0502_left,wjh-0111__20260502-left-6__20260502_170055.npz
wjh0111,wjh-0111,left,20260502,6,20260502_170311,wjh0111_0502_left,wjh-0111__20260502-left-6__20260502_170311.npz
wjh0111,wjh-0111,left,20260502,6,20260502_170526,wjh0111_0502_left,wjh-0111__20260502-left-6__20260502_170526.npz
wjh0111,wjh-0111,left,20260502,6,20260502_170745,wjh0111_0502_left,wjh-0111__20260502-left-6__20260502_170745.npz
wjh0111,wjh-0111,left,20260502,6,20260502_171005,wjh0111_0502_left,wjh-0111__20260502-left-6__20260502_171005.npz
wjh0111,wjh-0111,left,20260502,6,20260502_171220,wjh0111_0502_left,wjh-0111__20260502-left-6__20260502_171220.npz
wjh0111,wjh-0111,left,20260502,6,20260502_171441,wjh0111_0502_left,wjh-0111__20260502-left-6__20260502_171441.npz
wjh0111,wjh-0111,left,20260502,6,20260502_171656,wjh0111_0502_left,wjh-0111__20260502-left-6__20260502_171656.npz
wjh0111,wjh-0111,left,20260502,6,20260502_171909,wjh0111_0502_left,wjh-0111__20260502-left-6__20260502_171909.npz
wjh0111,wjh-0111,left,20260502,6,20260502_172126,wjh0111_0502_left,wjh-0111__20260502-left-6__20260502_172126.npz
wjh0111,wjh-0111,left,20260502,,20260502_104106,wjh0111_0502_left,wjh-0111__20260502-left__20260502_104106.npz
wjh0111,wjh-0111,left,20260502,,20260502_104400,wjh0111_0502_left,wjh-0111__20260502-left__20260502_104400.npz
wjh0111,wjh-0111,left,20260502,,20260502_104645,wjh0111_0502_left,wjh-0111__20260502-left__20260502_104645.npz
wjh0111,wjh-0111,right,20260503,2,20260503_113235,wjh0111_0503_right,wjh-0111__20260503-right-2__20260503_113235.npz
wjh0111,wjh-0111,right,20260503,2,20260503_113459,wjh0111_0503_right,wjh-0111__20260503-right-2__20260503_113459.npz
wjh0111,wjh-0111,right,20260503,2,20260503_113715,wjh0111_0503_right,wjh-0111__20260503-right-2__20260503_113715.npz
wjh0111,wjh-0111,right,20260503,2,20260503_113929,wjh0111_0503_right,wjh-0111__20260503-right-2__20260503_113929.npz
wjh0111,wjh-0111,right,20260503,2,20260503_114147,wjh0111_0503_right,wjh-0111__20260503-right-2__20260503_114147.npz
wjh0111,wjh-0111,right,20260503,2,20260503_114405,wjh0111_0503_right,wjh-0111__20260503-right-2__20260503_114405.npz
wjh0111,wjh-0111,right,20260503,2,20260503_114621,wjh0111_0503_right,wjh-0111__20260503-right-2__20260503_114621.npz
wjh0111,wjh-0111,right,20260503,2,20260503_114835,wjh0111_0503_right,wjh-0111__20260503-right-2__20260503_114835.npz
wjh0111,wjh-0111,right,20260503,2,20260503_115050,wjh0111_0503_right,wjh-0111__20260503-right-2__20260503_115050.npz
wjh0111,wjh-0111,right,20260503,2,20260503_115308,wjh0111_0503_right,wjh-0111__20260503-right-2__20260503_115308.npz
wjh0111,wjh-0111,right,20260503,3,20260503_131001,wjh0111_0503_right,wjh-0111__20260503-right-3__20260503_131001.npz
wjh0111,wjh-0111,right,20260503,3,20260503_131221,wjh0111_0503_right,wjh-0111__20260503-right-3__20260503_131221.npz
wjh0111,wjh-0111,right,20260503,3,20260503_131436,wjh0111_0503_right,wjh-0111__20260503-right-3__20260503_131436.npz
wjh0111,wjh-0111,right,20260503,3,20260503_131654,wjh0111_0503_right,wjh-0111__20260503-right-3__20260503_131654.npz
wjh0111,wjh-0111,right,20260503,3,20260503_131907,wjh0111_0503_right,wjh-0111__20260503-right-3__20260503_131907.npz
wjh0111,wjh-0111,right,20260503,3,20260503_132123,wjh0111_0503_right,wjh-0111__20260503-right-3__20260503_132123.npz
wjh0111,wjh-0111,right,20260503,3,20260503_132338,wjh0111_0503_right,wjh-0111__20260503-right-3__20260503_132338.npz
wjh0111,wjh-0111,right,20260503,3,20260503_132552,wjh0111_0503_right,wjh-0111__20260503-right-3__20260503_132552.npz
wjh0111,wjh-0111,right,20260503,3,20260503_132806,wjh0111_0503_right,wjh-0111__20260503-right-3__20260503_132806.npz
wjh0111,wjh-0111,right,20260503,3,20260503_133024,wjh0111_0503_right,wjh-0111__20260503-right-3__20260503_133024.npz
wjh0111,wjh-0111,right,20260503,3,20260503_133240,wjh0111_0503_right,wjh-0111__20260503-right-3__20260503_133240.npz
wjh0111,wjh-0111,right,20260503,3,20260503_133500,wjh0111_0503_right,wjh-0111__20260503-right-3__20260503_133500.npz
wjh0111,wjh-0111,right,20260503,3,20260503_133719,wjh0111_0503_right,wjh-0111__20260503-right-3__20260503_133719.npz
wjh0111,wjh-0111,right,20260503,3,20260503_133942,wjh0111_0503_right,wjh-0111__20260503-right-3__20260503_133942.npz
wjh0111,wjh-0111,right,20260503,3,20260503_134201,wjh0111_0503_right,wjh-0111__20260503-right-3__20260503_134201.npz
wjh0111,wjh-0111,right,20260503,3,20260503_134449,wjh0111_0503_right,wjh-0111__20260503-right-3__20260503_134449.npz
wjh0111,wjh-0111,right,20260503,3,20260503_134707,wjh0111_0503_right,wjh-0111__20260503-right-3__20260503_134707.npz
wjh0111,wjh-0111,right,20260503,3,20260503_134922,wjh0111_0503_right,wjh-0111__20260503-right-3__20260503_134922.npz
wjh0111,wjh-0111,right,20260503,3,20260503_135138,wjh0111_0503_right,wjh-0111__20260503-right-3__20260503_135138.npz
wjh0111,wjh-0111,right,20260503,3,20260503_135352,wjh0111_0503_right,wjh-0111__20260503-right-3__20260503_135352.npz
wjh0111,wjh-0111,right,20260503,4,20260503_142131,wjh0111_0503_right,wjh-0111__20260503-right-4__20260503_142131.npz
wjh0111,wjh-0111,right,20260503,4,20260503_142347,wjh0111_0503_right,wjh-0111__20260503-right-4__20260503_142347.npz
wjh0111,wjh-0111,right,20260503,4,20260503_142602,wjh0111_0503_right,wjh-0111__20260503-right-4__20260503_142602.npz
wjh0111,wjh-0111,right,20260503,4,20260503_142818,wjh0111_0503_right,wjh-0111__20260503-right-4__20260503_142818.npz
wjh0111,wjh-0111,right,20260503,4,20260503_143040,wjh0111_0503_right,wjh-0111__20260503-right-4__20260503_143040.npz
wjh0111,wjh-0111,right,20260503,4,20260503_143255,wjh0111_0503_right,wjh-0111__20260503-right-4__20260503_143255.npz
wjh0111,wjh-0111,right,20260503,4,20260503_143509,wjh0111_0503_right,wjh-0111__20260503-right-4__20260503_143509.npz
wjh0111,wjh-0111,right,20260503,4,20260503_143723,wjh0111_0503_right,wjh-0111__20260503-right-4__20260503_143723.npz
wjh0111,wjh-0111,right,20260503,4,20260503_143937,wjh0111_0503_right,wjh-0111__20260503-right-4__20260503_143937.npz
wjh0111,wjh-0111,right,20260503,4,20260503_144151,wjh0111_0503_right,wjh-0111__20260503-right-4__20260503_144151.npz
wjh0111,wjh-0111,right,20260503,4,20260503_144412,wjh0111_0503_right,wjh-0111__20260503-right-4__20260503_144412.npz
wjh0111,wjh-0111,right,20260503,4,20260503_144631,wjh0111_0503_right,wjh-0111__20260503-right-4__20260503_144631.npz
wjh0111,wjh-0111,right,20260503,4,20260503_144847,wjh0111_0503_right,wjh-0111__20260503-right-4__20260503_144847.npz
wjh0111,wjh-0111,right,20260503,4,20260503_145104,wjh0111_0503_right,wjh-0111__20260503-right-4__20260503_145104.npz
wjh0111,wjh-0111,right,20260503,4,20260503_145318,wjh0111_0503_right,wjh-0111__20260503-right-4__20260503_145318.npz
wjh0111,wjh-0111,right,20260503,4,20260503_145534,wjh0111_0503_right,wjh-0111__20260503-right-4__20260503_145534.npz
wjh0111,wjh-0111,right,20260503,4,20260503_145754,wjh0111_0503_right,wjh-0111__20260503-right-4__20260503_145754.npz
wjh0111,wjh-0111,right,20260503,4,20260503_150009,wjh0111_0503_right,wjh-0111__20260503-right-4__20260503_150009.npz
wjh0111,wjh-0111,right,20260503,4,20260503_150224,wjh0111_0503_right,wjh-0111__20260503-right-4__20260503_150224.npz
wjh0111,wjh-0111,right,20260503,4,20260503_150440,wjh0111_0503_right,wjh-0111__20260503-right-4__20260503_150440.npz
wjh0111,wjh-0111,right,20260503,5,20260503_152621,wjh0111_0503_right,wjh-0111__20260503-right-5__20260503_152621.npz
wjh0111,wjh-0111,right,20260503,5,20260503_152842,wjh0111_0503_right,wjh-0111__20260503-right-5__20260503_152842.npz
wjh0111,wjh-0111,right,20260503,5,20260503_153110,wjh0111_0503_right,wjh-0111__20260503-right-5__20260503_153110.npz
wjh0111,wjh-0111,right,20260503,5,20260503_153327,wjh0111_0503_right,wjh-0111__20260503-right-5__20260503_153327.npz
wjh0111,wjh-0111,right,20260503,5,20260503_153544,wjh0111_0503_right,wjh-0111__20260503-right-5__20260503_153544.npz
wjh0111,wjh-0111,right,20260503,5,20260503_153759,wjh0111_0503_right,wjh-0111__20260503-right-5__20260503_153759.npz
wjh0111,wjh-0111,right,20260503,5,20260503_154014,wjh0111_0503_right,wjh-0111__20260503-right-5__20260503_154014.npz
wjh0111,wjh-0111,right,20260503,5,20260503_154229,wjh0111_0503_right,wjh-0111__20260503-right-5__20260503_154229.npz
wjh0111,wjh-0111,right,20260503,5,20260503_154458,wjh0111_0503_right,wjh-0111__20260503-right-5__20260503_154458.npz
wjh0111,wjh-0111,right,20260503,5,20260503_154714,wjh0111_0503_right,wjh-0111__20260503-right-5__20260503_154714.npz
wjh0111,wjh-0111,right,20260503,5,20260503_154928,wjh0111_0503_right,wjh-0111__20260503-right-5__20260503_154928.npz
wjh0111,wjh-0111,right,20260503,5,20260503_155143,wjh0111_0503_right,wjh-0111__20260503-right-5__20260503_155143.npz
wjh0111,wjh-0111,right,20260503,5,20260503_155358,wjh0111_0503_right,wjh-0111__20260503-right-5__20260503_155358.npz
wjh0111,wjh-0111,right,20260503,5,20260503_155613,wjh0111_0503_right,wjh-0111__20260503-right-5__20260503_155613.npz
wjh0111,wjh-0111,right,20260503,5,20260503_155829,wjh0111_0503_right,wjh-0111__20260503-right-5__20260503_155829.npz
wjh0111,wjh-0111,right,20260503,5,20260503_160043,wjh0111_0503_right,wjh-0111__20260503-right-5__20260503_160043.npz
wjh0111,wjh-0111,right,20260503,5,20260503_160259,wjh0111_0503_right,wjh-0111__20260503-right-5__20260503_160259.npz
wjh0111,wjh-0111,right,20260503,5,20260503_160513,wjh0111_0503_right,wjh-0111__20260503-right-5__20260503_160513.npz
wjh0111,wjh-0111,right,20260503,5,20260503_160727,wjh0111_0503_right,wjh-0111__20260503-right-5__20260503_160727.npz
wjh0111,wjh-0111,right,20260503,5,20260503_160942,wjh0111_0503_right,wjh-0111__20260503-right-5__20260503_160942.npz
wjh0111,wjh-0111,right,20260503,6,20260503_164040,wjh0111_0503_right,wjh-0111__20260503-right-6__20260503_164040.npz
wjh0111,wjh-0111,right,20260503,6,20260503_164256,wjh0111_0503_right,wjh-0111__20260503-right-6__20260503_164256.npz
wjh0111,wjh-0111,right,20260503,6,20260503_164517,wjh0111_0503_right,wjh-0111__20260503-right-6__20260503_164517.npz
wjh0111,wjh-0111,right,20260503,6,20260503_164736,wjh0111_0503_right,wjh-0111__20260503-right-6__20260503_164736.npz
wjh0111,wjh-0111,right,20260503,6,20260503_164952,wjh0111_0503_right,wjh-0111__20260503-right-6__20260503_164952.npz
wjh0111,wjh-0111,right,20260503,6,20260503_165218,wjh0111_0503_right,wjh-0111__20260503-right-6__20260503_165218.npz
wjh0111,wjh-0111,right,20260503,6,20260503_165444,wjh0111_0503_right,wjh-0111__20260503-right-6__20260503_165444.npz
wjh0111,wjh-0111,right,20260503,6,20260503_165705,wjh0111_0503_right,wjh-0111__20260503-right-6__20260503_165705.npz
wjh0111,wjh-0111,right,20260503,6,20260503_165929,wjh0111_0503_right,wjh-0111__20260503-right-6__20260503_165929.npz
wjh0111,wjh-0111,right,20260503,6,20260503_170146,wjh0111_0503_right,wjh-0111__20260503-right-6__20260503_170146.npz
wjh0111,wjh-0111,right,20260503,6,20260503_170422,wjh0111_0503_right,wjh-0111__20260503-right-6__20260503_170422.npz
wjh0111,wjh-0111,right,20260503,6,20260503_170641,wjh0111_0503_right,wjh-0111__20260503-right-6__20260503_170641.npz
wjh0111,wjh-0111,right,20260503,6,20260503_170859,wjh0111_0503_right,wjh-0111__20260503-right-6__20260503_170859.npz
wjh0111,wjh-0111,right,20260503,6,20260503_171114,wjh0111_0503_right,wjh-0111__20260503-right-6__20260503_171114.npz
wjh0111,wjh-0111,right,20260503,6,20260503_171330,wjh0111_0503_right,wjh-0111__20260503-right-6__20260503_171330.npz
wjh0111,wjh-0111,right,20260503,7,20260503_174208,wjh0111_0503_right,wjh-0111__20260503-right-7__20260503_174208.npz
wjh0111,wjh-0111,right,20260503,7,20260503_174516,wjh0111_0503_right,wjh-0111__20260503-right-7__20260503_174516.npz
wjh0111,wjh-0111,right,20260503,7,20260503_174739,wjh0111_0503_right,wjh-0111__20260503-right-7__20260503_174739.npz
wjh0111,wjh-0111,right,20260503,7,20260503_174955,wjh0111_0503_right,wjh-0111__20260503-right-7__20260503_174955.npz
wjh0111,wjh-0111,right,20260503,7,20260503_175216,wjh0111_0503_right,wjh-0111__20260503-right-7__20260503_175216.npz
wjh0111,wjh-0111,right,20260503,7,20260503_175434,wjh0111_0503_right,wjh-0111__20260503-right-7__20260503_175434.npz
wjh0111,wjh-0111,right,20260503,7,20260503_175648,wjh0111_0503_right,wjh-0111__20260503-right-7__20260503_175648.npz
wjh0111,wjh-0111,right,20260503,7,20260503_175903,wjh0111_0503_right,wjh-0111__20260503-right-7__20260503_175903.npz
wjh0111,wjh-0111,right,20260503,7,20260503_180118,wjh0111_0503_right,wjh-0111__20260503-right-7__20260503_180118.npz
wjh0111,wjh-0111,right,20260503,7,20260503_180336,wjh0111_0503_right,wjh-0111__20260503-right-7__20260503_180336.npz
wjh0111,wjh-0111,right,20260503,7,20260503_180550,wjh0111_0503_right,wjh-0111__20260503-right-7__20260503_180550.npz
wjh0111,wjh-0111,right,20260503,8,20260503_181314,wjh0111_0503_right,wjh-0111__20260503-right-8__20260503_181314.npz
wjh0111,wjh-0111,right,20260503,8,20260503_181528,wjh0111_0503_right,wjh-0111__20260503-right-8__20260503_181528.npz
wjh0111,wjh-0111,right,20260503,8,20260503_181747,wjh0111_0503_right,wjh-0111__20260503-right-8__20260503_181747.npz
wjh0111,wjh-0111,right,20260503,8,20260503_182001,wjh0111_0503_right,wjh-0111__20260503-right-8__20260503_182001.npz
wjh0111,wjh-0111,right,20260503,,20260503_103736,wjh0111_0503_right,wjh-0111__20260503-right__20260503_103736.npz
wjh0111,wjh-0111,right,20260503,,20260503_104003,wjh0111_0503_right,wjh-0111__20260503-right__20260503_104003.npz
wjh0111,wjh-0111,right,20260503,,20260503_104239,wjh0111_0503_right,wjh-0111__20260503-right__20260503_104239.npz
wjh0111,wjh-0111,right,20260503,,20260503_104458,wjh0111_0503_right,wjh-0111__20260503-right__20260503_104458.npz
wjh0111,wjh-0111,right,20260503,,20260503_104712,wjh0111_0503_right,wjh-0111__20260503-right__20260503_104712.npz
wjh0111,wjh-0111,right,20260503,,20260503_104926,wjh0111_0503_right,wjh-0111__20260503-right__20260503_104926.npz
wjh0111,wjh-0111,right,20260503,,20260503_105144,wjh0111_0503_right,wjh-0111__20260503-right__20260503_105144.npz
wjh0111,wjh-0111,right,20260503,,20260503_105400,wjh0111_0503_right,wjh-0111__20260503-right__20260503_105400.npz
wjh0111,wjh-0111,right,20260503,,20260503_105618,wjh0111_0503_right,wjh-0111__20260503-right__20260503_105618.npz
wjh0111,wjh-0111,right,20260503,,20260503_105842,wjh0111_0503_right,wjh-0111__20260503-right__20260503_105842.npz
wjh0111,wjh-0111,right,20260503,,20260503_110057,wjh0111_0503_right,wjh-0111__20260503-right__20260503_110057.npz
wjh0111,wjh-0111,right,20260503,,20260503_110312,wjh0111_0503_right,wjh-0111__20260503-right__20260503_110312.npz
wjh0111,wjh-0111,right,20260503,,20260503_110527,wjh0111_0503_right,wjh-0111__20260503-right__20260503_110527.npz
wjh0111,wjh-0111,right,20260503,,20260503_110745,wjh0111_0503_right,wjh-0111__20260503-right__20260503_110745.npz
wjh0111,wjh-0111,right,20260503,,20260503_111033,wjh0111_0503_right,wjh-0111__20260503-right__20260503_111033.npz
wjh0111,wjh-0111,right,20260503,,20260503_111301,wjh0111_0503_right,wjh-0111__20260503-right__20260503_111301.npz
wjh0111,wjh-0111,right,20260503,,20260503_111553,wjh0111_0503_right,wjh-0111__20260503-right__20260503_111553.npz
wjh0111,wjh-0111,right,20260503,,20260503_111808,wjh0111_0503_right,wjh-0111__20260503-right__20260503_111808.npz
wjh0111,wjh-0111,right,20260503,,20260503_112050,wjh0111_0503_right,wjh-0111__20260503-right__20260503_112050.npz
wjh0111,wjh-0111,right,20260503,,20260503_112320,wjh0111_0503_right,wjh-0111__20260503-right__20260503_112320.npz
wjh0111,wjh-0111,right,20260504,2_v33,20260504_113934,wjh0111_0504_right,wjh-0111__20260504-right-2_v33__20260504_113934.npz
wjh0111,wjh-0111,right,20260504,2_v33,20260504_114154,wjh0111_0504_right,wjh-0111__20260504-right-2_v33__20260504_114154.npz
wjh0111,wjh-0111,right,20260504,2_v33,20260504_114438,wjh0111_0504_right,wjh-0111__20260504-right-2_v33__20260504_114438.npz
wjh0111,wjh-0111,right,20260504,2_v33,20260504_114656,wjh0111_0504_right,wjh-0111__20260504-right-2_v33__20260504_114656.npz
wjh0111,wjh-0111,right,20260504,2_v33,20260504_114917,wjh0111_0504_right,wjh-0111__20260504-right-2_v33__20260504_114917.npz
wjh0111,wjh-0111,right,20260504,2_v33,20260504_115147,wjh0111_0504_right,wjh-0111__20260504-right-2_v33__20260504_115147.npz
wjh0111,wjh-0111,right,20260504,2_v33,20260504_115402,wjh0111_0504_right,wjh-0111__20260504-right-2_v33__20260504_115402.npz
wjh0111,wjh-0111,right,20260504,2_v33,20260504_115618,wjh0111_0504_right,wjh-0111__20260504-right-2_v33__20260504_115618.npz
wjh0111,wjh-0111,right,20260504,2_v33,20260504_115833,wjh0111_0504_right,wjh-0111__20260504-right-2_v33__20260504_115833.npz
wjh0111,wjh-0111,right,20260504,2_v33,20260504_120048,wjh0111_0504_right,wjh-0111__20260504-right-2_v33__20260504_120048.npz
wjh0111,wjh-0111,right,20260504,2_v33,20260504_142304,wjh0111_0504_right,wjh-0111__20260504-right-2_v33__20260504_142304.npz
wjh0111,wjh-0111,right,20260504,2_v33,20260504_142526,wjh0111_0504_right,wjh-0111__20260504-right-2_v33__20260504_142526.npz
wjh0111,wjh-0111,right,20260504,2_v33,20260504_142751,wjh0111_0504_right,wjh-0111__20260504-right-2_v33__20260504_142751.npz
wjh0111,wjh-0111,right,20260504,2_v33,20260504_143007,wjh0111_0504_right,wjh-0111__20260504-right-2_v33__20260504_143007.npz
wjh0111,wjh-0111,right,20260504,2_v33,20260504_143225,wjh0111_0504_right,wjh-0111__20260504-right-2_v33__20260504_143225.npz
wjh0111,wjh-0111,right,20260504,2_v33,20260504_143441,wjh0111_0504_right,wjh-0111__20260504-right-2_v33__20260504_143441.npz
wjh0111,wjh-0111,right,20260504,2_v33,20260504_143658,wjh0111_0504_right,wjh-0111__20260504-right-2_v33__20260504_143658.npz
wjh0111,wjh-0111,right,20260504,2_v33,20260504_143920,wjh0111_0504_right,wjh-0111__20260504-right-2_v33__20260504_143920.npz
wjh0111,wjh-0111,right,20260504,2_v33,20260504_144136,wjh0111_0504_right,wjh-0111__20260504-right-2_v33__20260504_144136.npz
wjh0111,wjh-0111,right,20260504,2_v71,20260504_153049,wjh0111_0504_right,wjh-0111__20260504-right-2_v71__20260504_153049.npz
wjh0111,wjh-0111,right,20260504,2_v71,20260504_153304,wjh0111_0504_right,wjh-0111__20260504-right-2_v71__20260504_153304.npz
wjh0111,wjh-0111,right,20260504,2_v71,20260504_153517,wjh0111_0504_right,wjh-0111__20260504-right-2_v71__20260504_153517.npz
wjh0111,wjh-0111,right,20260504,2_v71,20260504_153732,wjh0111_0504_right,wjh-0111__20260504-right-2_v71__20260504_153732.npz
wjh0111,wjh-0111,right,20260504,2_v71,20260504_153946,wjh0111_0504_right,wjh-0111__20260504-right-2_v71__20260504_153946.npz
wjh0111,wjh-0111,right,20260504,2_v71,20260504_154201,wjh0111_0504_right,wjh-0111__20260504-right-2_v71__20260504_154201.npz
wjh0111,wjh-0111,right,20260504,2_v71,20260504_154419,wjh0111_0504_right,wjh-0111__20260504-right-2_v71__20260504_154419.npz
wjh0111,wjh-0111,right,20260504,2_v71,20260504_154635,wjh0111_0504_right,wjh-0111__20260504-right-2_v71__20260504_154635.npz
wjh0111,wjh-0111,right,20260504,2_v71,20260504_154849,wjh0111_0504_right,wjh-0111__20260504-right-2_v71__20260504_154849.npz
wjh0111,wjh-0111,right,20260504,2_v71,20260504_155104,wjh0111_0504_right,wjh-0111__20260504-right-2_v71__20260504_155104.npz
wjh0111,wjh-0111,right,20260504,3_v71,20260504_162230,wjh0111_0504_right,wjh-0111__20260504-right-3_v71__20260504_162230.npz
wjh0111,wjh-0111,right,20260504,3_v71,20260504_162447,wjh0111_0504_right,wjh-0111__20260504-right-3_v71__20260504_162447.npz
wjh0111,wjh-0111,right,20260504,3_v71,20260504_162711,wjh0111_0504_right,wjh-0111__20260504-right-3_v71__20260504_162711.npz
wjh0111,wjh-0111,right,20260504,3_v71,20260504_162926,wjh0111_0504_right,wjh-0111__20260504-right-3_v71__20260504_162926.npz
wjh0111,wjh-0111,right,20260504,3_v71,20260504_163142,wjh0111_0504_right,wjh-0111__20260504-right-3_v71__20260504_163142.npz
wjh0111,wjh-0111,right,20260504,3_v71,20260504_163356,wjh0111_0504_right,wjh-0111__20260504-right-3_v71__20260504_163356.npz
wjh0111,wjh-0111,right,20260504,3_v71,20260504_163613,wjh0111_0504_right,wjh-0111__20260504-right-3_v71__20260504_163613.npz
wjh0111,wjh-0111,right,20260504,3_v71,20260504_163829,wjh0111_0504_right,wjh-0111__20260504-right-3_v71__20260504_163829.npz
wjh0111,wjh-0111,right,20260504,3_v71,20260504_164043,wjh0111_0504_right,wjh-0111__20260504-right-3_v71__20260504_164043.npz
wjh0111,wjh-0111,right,20260504,3_v71,20260504_164304,wjh0111_0504_right,wjh-0111__20260504-right-3_v71__20260504_164304.npz
wjh0111,wjh-0111,right,20260504,3_v71,20260504_164529,wjh0111_0504_right,wjh-0111__20260504-right-3_v71__20260504_164529.npz
wjh0111,wjh-0111,right,20260504,3_v71,20260504_164753,wjh0111_0504_right,wjh-0111__20260504-right-3_v71__20260504_164753.npz
wjh0111,wjh-0111,right,20260504,3_v71,20260504_165009,wjh0111_0504_right,wjh-0111__20260504-right-3_v71__20260504_165009.npz
wjh0111,wjh-0111,right,20260504,3_v71,20260504_165229,wjh0111_0504_right,wjh-0111__20260504-right-3_v71__20260504_165229.npz
wjh0111,wjh-0111,right,20260504,3_v71,20260504_165450,wjh0111_0504_right,wjh-0111__20260504-right-3_v71__20260504_165450.npz
wjh0111,wjh-0111,right,20260504,3_v71,20260504_165714,wjh0111_0504_right,wjh-0111__20260504-right-3_v71__20260504_165714.npz
wjh0111,wjh-0111,right,20260504,3_v71,20260504_165929,wjh0111_0504_right,wjh-0111__20260504-right-3_v71__20260504_165929.npz
wjh0111,wjh-0111,right,20260504,3_v71,20260504_170144,wjh0111_0504_right,wjh-0111__20260504-right-3_v71__20260504_170144.npz
wjh0111,wjh-0111,right,20260504,3_v71,20260504_170403,wjh0111_0504_right,wjh-0111__20260504-right-3_v71__20260504_170403.npz
wjh0111,wjh-0111,right,20260504,3_v71,20260504_170619,wjh0111_0504_right,wjh-0111__20260504-right-3_v71__20260504_170619.npz
wjh0111,wjh-0111,right,20260504,4_v71,20260504_174328,wjh0111_0504_right,wjh-0111__20260504-right-4_v71__20260504_174328.npz
wjh0111,wjh-0111,right,20260504,4_v71,20260504_174544,wjh0111_0504_right,wjh-0111__20260504-right-4_v71__20260504_174544.npz
wjh0111,wjh-0111,right,20260504,4_v71,20260504_174801,wjh0111_0504_right,wjh-0111__20260504-right-4_v71__20260504_174801.npz
wjh0111,wjh-0111,right,20260504,4_v71,20260504_175016,wjh0111_0504_right,wjh-0111__20260504-right-4_v71__20260504_175016.npz
wjh0111,wjh-0111,right,20260504,4_v71,20260504_175230,wjh0111_0504_right,wjh-0111__20260504-right-4_v71__20260504_175230.npz
wjh0111,wjh-0111,right,20260504,4_v71,20260504_175509,wjh0111_0504_right,wjh-0111__20260504-right-4_v71__20260504_175509.npz
wjh0111,wjh-0111,right,20260504,4_v71,20260504_175723,wjh0111_0504_right,wjh-0111__20260504-right-4_v71__20260504_175723.npz
wjh0111,wjh-0111,right,20260504,4_v71,20260504_175937,wjh0111_0504_right,wjh-0111__20260504-right-4_v71__20260504_175937.npz
wjh0111,wjh-0111,right,20260504,4_v71,20260504_180152,wjh0111_0504_right,wjh-0111__20260504-right-4_v71__20260504_180152.npz
wjh0111,wjh-0111,right,20260504,4_v71,20260504_180408,wjh0111_0504_right,wjh-0111__20260504-right-4_v71__20260504_180408.npz
wjh0111,wjh-0111,right,20260504,4_v71,20260504_180622,wjh0111_0504_right,wjh-0111__20260504-right-4_v71__20260504_180622.npz
wjh0111,wjh-0111,right,20260504,4_v71,20260504_180838,wjh0111_0504_right,wjh-0111__20260504-right-4_v71__20260504_180838.npz
wjh0111,wjh-0111,right,20260504,4_v71,20260504_181056,wjh0111_0504_right,wjh-0111__20260504-right-4_v71__20260504_181056.npz
wjh0111,wjh-0111,right,20260504,4_v71,20260504_181311,wjh0111_0504_right,wjh-0111__20260504-right-4_v71__20260504_181311.npz
wjh0111,wjh-0111,right,20260504,4_v71,20260504_181527,wjh0111_0504_right,wjh-0111__20260504-right-4_v71__20260504_181527.npz
wjh0111,wjh-0111,right,20260504,4_v71,20260504_181752,wjh0111_0504_right,wjh-0111__20260504-right-4_v71__20260504_181752.npz
wjh0111,wjh-0111,right,20260504,4_v71,20260504_182029,wjh0111_0504_right,wjh-0111__20260504-right-4_v71__20260504_182029.npz
wjh0111,wjh-0111,right,20260504,4_v71,20260504_182252,wjh0111_0504_right,wjh-0111__20260504-right-4_v71__20260504_182252.npz
wjh0111,wjh-0111,right,20260504,4_v71,20260504_182528,wjh0111_0504_right,wjh-0111__20260504-right-4_v71__20260504_182528.npz
wjh0111,wjh-0111,right,20260504,4_v71,20260504_182830,wjh0111_0504_right,wjh-0111__20260504-right-4_v71__20260504_182830.npz
wjh0111,wjh-0111,right_v33,20260504,,20260504_104800,wjh0111_0504_right,wjh-0111__20260504-right_v33__20260504_104800.npz
wjh0111,wjh-0111,right_v33,20260504,,20260504_105018,wjh0111_0504_right,wjh-0111__20260504-right_v33__20260504_105018.npz
wjh0111,wjh-0111,right_v33,20260504,,20260504_105238,wjh0111_0504_right,wjh-0111__20260504-right_v33__20260504_105238.npz
wjh0111,wjh-0111,right_v33,20260504,,20260504_105455,wjh0111_0504_right,wjh-0111__20260504-right_v33__20260504_105455.npz
wjh0111,wjh-0111,right_v33,20260504,,20260504_105711,wjh0111_0504_right,wjh-0111__20260504-right_v33__20260504_105711.npz
wjh0111,wjh-0111,right_v33,20260504,,20260504_105927,wjh0111_0504_right,wjh-0111__20260504-right_v33__20260504_105927.npz
wjh0111,wjh-0111,right_v33,20260504,,20260504_110158,wjh0111_0504_right,wjh-0111__20260504-right_v33__20260504_110158.npz
wjh0111,wjh-0111,right_v33,20260504,,20260504_110413,wjh0111_0504_right,wjh-0111__20260504-right_v33__20260504_110413.npz
wjh0111,wjh-0111,right_v33,20260504,,20260504_110630,wjh0111_0504_right,wjh-0111__20260504-right_v33__20260504_110630.npz
wjh0111,wjh-0111,right_v33,20260504,,20260504_110907,wjh0111_0504_right,wjh-0111__20260504-right_v33__20260504_110907.npz
wjh0111,wjh-0111,right_v33,20260504,,20260504_111137,wjh0111_0504_right,wjh-0111__20260504-right_v33__20260504_111137.npz
wjh0111,wjh-0111,right_v33,20260504,,20260504_111413,wjh0111_0504_right,wjh-0111__20260504-right_v33__20260504_111413.npz
wjh0111,wjh-0111,right_v33,20260504,,20260504_111641,wjh0111_0504_right,wjh-0111__20260504-right_v33__20260504_111641.npz
wjh0111,wjh-0111,right_v33,20260504,,20260504_111857,wjh0111_0504_right,wjh-0111__20260504-right_v33__20260504_111857.npz
wjh0111,wjh-0111,right_v33,20260504,,20260504_112142,wjh0111_0504_right,wjh-0111__20260504-right_v33__20260504_112142.npz
wjh0111,wjh-0111,right_v33,20260504,,20260504_112406,wjh0111_0504_right,wjh-0111__20260504-right_v33__20260504_112406.npz
wjh0111,wjh-0111,right_v33,20260504,,20260504_112626,wjh0111_0504_right,wjh-0111__20260504-right_v33__20260504_112626.npz
wjh0111,wjh-0111,right_v33,20260504,,20260504_112841,wjh0111_0504_right,wjh-0111__20260504-right_v33__20260504_112841.npz
wjh0111,wjh-0111,right_v33,20260504,,20260504_113102,wjh0111_0504_right,wjh-0111__20260504-right_v33__20260504_113102.npz
wjh0111,wjh-0111,right_v33,20260504,,20260504_113317,wjh0111_0504_right,wjh-0111__20260504-right_v33__20260504_113317.npz
wjh0111,wjh-0111,right_v33,20260504,,20260504_132000,wjh0111_0504_right,wjh-0111__20260504-right_v33__20260504_132000.npz
wjh0111,wjh-0111,right_v33,20260504,,20260504_132236,wjh0111_0504_right,wjh-0111__20260504-right_v33__20260504_132236.npz
wjh0111,wjh-0111,right_v33,20260504,,20260504_132459,wjh0111_0504_right,wjh-0111__20260504-right_v33__20260504_132459.npz
wjh0111,wjh-0111,right_v33,20260504,,20260504_132719,wjh0111_0504_right,wjh-0111__20260504-right_v33__20260504_132719.npz
wjh0111,wjh-0111,right_v33,20260504,,20260504_132940,wjh0111_0504_right,wjh-0111__20260504-right_v33__20260504_132940.npz
wjh0111,wjh-0111,right_v33,20260504,,20260504_133155,wjh0111_0504_right,wjh-0111__20260504-right_v33__20260504_133155.npz
wjh0111,wjh-0111,right_v33,20260504,,20260504_133409,wjh0111_0504_right,wjh-0111__20260504-right_v33__20260504_133409.npz
wjh0111,wjh-0111,right_v33,20260504,,20260504_133623,wjh0111_0504_right,wjh-0111__20260504-right_v33__20260504_133623.npz
wjh0111,wjh-0111,right_v33,20260504,,20260504_133840,wjh0111_0504_right,wjh-0111__20260504-right_v33__20260504_133840.npz
wjh0111,wjh-0111,right_v33,20260504,,20260504_134055,wjh0111_0504_right,wjh-0111__20260504-right_v33__20260504_134055.npz
wjh0111,wjh-0111,right_v33,20260504,,20260504_134325,wjh0111_0504_right,wjh-0111__20260504-right_v33__20260504_134325.npz
wjh0111,wjh-0111,right_v33,20260504,,20260504_134540,wjh0111_0504_right,wjh-0111__20260504-right_v33__20260504_134540.npz
wjh0111,wjh-0111,right_v33,20260504,,20260504_134756,wjh0111_0504_right,wjh-0111__20260504-right_v33__20260504_134756.npz
wjh0111,wjh-0111,right_v33,20260504,,20260504_135012,wjh0111_0504_right,wjh-0111__20260504-right_v33__20260504_135012.npz
wjh0111,wjh-0111,right_v33,20260504,,20260504_135243,wjh0111_0504_right,wjh-0111__20260504-right_v33__20260504_135243.npz
wjh0111,wjh-0111,right_v33,20260504,,20260504_135459,wjh0111_0504_right,wjh-0111__20260504-right_v33__20260504_135459.npz
wjh0111,wjh-0111,right_v33,20260504,,20260504_135714,wjh0111_0504_right,wjh-0111__20260504-right_v33__20260504_135714.npz
wjh0111,wjh-0111,right_v33,20260504,,20260504_135928,wjh0111_0504_right,wjh-0111__20260504-right_v33__20260504_135928.npz
wjh0111,wjh-0111,right_v33,20260504,,20260504_140144,wjh0111_0504_right,wjh-0111__20260504-right_v33__20260504_140144.npz
wjh0111,wjh-0111,right_v33,20260504,,20260504_140359,wjh0111_0504_right,wjh-0111__20260504-right_v33__20260504_140359.npz
wjh0111,wjh-0111,right_v71,20260504,,20260504_150030,wjh0111_0504_right,wjh-0111__20260504-right_v71__20260504_150030.npz
wjh0111,wjh-0111,right_v71,20260504,,20260504_150303,wjh0111_0504_right,wjh-0111__20260504-right_v71__20260504_150303.npz
wjh0111,wjh-0111,right_v71,20260504,,20260504_150518,wjh0111_0504_right,wjh-0111__20260504-right_v71__20260504_150518.npz
wjh0111,wjh-0111,right_v71,20260504,,20260504_150732,wjh0111_0504_right,wjh-0111__20260504-right_v71__20260504_150732.npz
wjh0111,wjh-0111,right_v71,20260504,,20260504_150946,wjh0111_0504_right,wjh-0111__20260504-right_v71__20260504_150946.npz
wjh0111,wjh-0111,right_v71,20260504,,20260504_151200,wjh0111_0504_right,wjh-0111__20260504-right_v71__20260504_151200.npz
wjh0111,wjh-0111,right_v71,20260504,,20260504_151416,wjh0111_0504_right,wjh-0111__20260504-right_v71__20260504_151416.npz
wjh0111,wjh-0111,right_v71,20260504,,20260504_151629,wjh0111_0504_right,wjh-0111__20260504-right_v71__20260504_151629.npz
wjh0111,wjh-0111,right_v71,20260504,,20260504_151845,wjh0111_0504_right,wjh-0111__20260504-right_v71__20260504_151845.npz
wjh0111,wjh-0111,right_v71,20260504,,20260504_152059,wjh0111_0504_right,wjh-0111__20260504-right_v71__20260504_152059.npz
wjh0111,wjh-0111,right_v71,20260504,,20260504_152313,wjh0111_0504_right,wjh-0111__20260504-right_v71__20260504_152313.npz
wxg0901,wxg-0901,left,20260501,2,20260501_131821,wxg0901_0501_run1,wxg-0901__20260501-left-2__20260501_131821.npz
wxg0901,wxg-0901,left,20260501,2,20260501_132036,wxg0901_0501_run1,wxg-0901__20260501-left-2__20260501_132036.npz
wxg0901,wxg-0901,left,20260501,2,20260501_132251,wxg0901_0501_run1,wxg-0901__20260501-left-2__20260501_132251.npz
wxg0901,wxg-0901,left,20260501,2,20260501_132506,wxg0901_0501_run1,wxg-0901__20260501-left-2__20260501_132506.npz
wxg0901,wxg-0901,left,20260501,2,20260501_132723,wxg0901_0501_run1,wxg-0901__20260501-left-2__20260501_132723.npz
wxg0901,wxg-0901,left,20260501,2,20260501_133019,wxg0901_0501_run1,wxg-0901__20260501-left-2__20260501_133019.npz
wxg0901,wxg-0901,left,20260501,2,20260501_133234,wxg0901_0501_run1,wxg-0901__20260501-left-2__20260501_133234.npz
wxg0901,wxg-0901,left,20260501,2,20260501_133448,wxg0901_0501_run1,wxg-0901__20260501-left-2__20260501_133448.npz
wxg0901,wxg-0901,left,20260501,2,20260501_133702,wxg0901_0501_run1,wxg-0901__20260501-left-2__20260501_133702.npz
wxg0901,wxg-0901,left,20260501,2,20260501_133918,wxg0901_0501_run1,wxg-0901__20260501-left-2__20260501_133918.npz
wxg0901,wxg-0901,left,20260501,2,20260501_134133,wxg0901_0501_run1,wxg-0901__20260501-left-2__20260501_134133.npz
wxg0901,wxg-0901,left,20260501,2,20260501_134347,wxg0901_0501_run1,wxg-0901__20260501-left-2__20260501_134347.npz
wxg0901,wxg-0901,left,20260501,2,20260501_134605,wxg0901_0501_run1,wxg-0901__20260501-left-2__20260501_134605.npz
wxg0901,wxg-0901,left,20260501,2,20260501_134819,wxg0901_0501_run1,wxg-0901__20260501-left-2__20260501_134819.npz
wxg0901,wxg-0901,left,20260501,2,20260501_135033,wxg0901_0501_run1,wxg-0901__20260501-left-2__20260501_135033.npz
wxg0901,wxg-0901,left,20260501,2,20260501_135247,wxg0901_0501_run1,wxg-0901__20260501-left-2__20260501_135247.npz
wxg0901,wxg-0901,left,20260501,2,20260501_135503,wxg0901_0501_run1,wxg-0901__20260501-left-2__20260501_135503.npz
wxg0901,wxg-0901,left,20260501,2,20260501_135717,wxg0901_0501_run1,wxg-0901__20260501-left-2__20260501_135717.npz
wxg0901,wxg-0901,left,20260501,2,20260501_135932,wxg0901_0501_run1,wxg-0901__20260501-left-2__20260501_135932.npz
wxg0901,wxg-0901,left,20260501,2,20260501_140149,wxg0901_0501_run1,wxg-0901__20260501-left-2__20260501_140149.npz
wxg0901,wxg-0901,left,20260501,2,20260501_140405,wxg0901_0501_run1,wxg-0901__20260501-left-2__20260501_140405.npz
wxg0901,wxg-0901,left,20260501,2,20260501_140630,wxg0901_0501_run1,wxg-0901__20260501-left-2__20260501_140630.npz
wxg0901,wxg-0901,left,20260501,2,20260501_140846,wxg0901_0501_run1,wxg-0901__20260501-left-2__20260501_140846.npz
wxg0901,wxg-0901,left,20260501,2,20260501_141102,wxg0901_0501_run1,wxg-0901__20260501-left-2__20260501_141102.npz
wxg0901,wxg-0901,left,20260501,2,20260501_141320,wxg0901_0501_run1,wxg-0901__20260501-left-2__20260501_141320.npz
wxg0901,wxg-0901,left,20260501,2,20260501_141632,wxg0901_0501_run1,wxg-0901__20260501-left-2__20260501_141632.npz
wxg0901,wxg-0901,left,20260501,2,20260501_141847,wxg0901_0501_run1,wxg-0901__20260501-left-2__20260501_141847.npz
wxg0901,wxg-0901,left,20260501,2,20260501_142104,wxg0901_0501_run1,wxg-0901__20260501-left-2__20260501_142104.npz
wxg0901,wxg-0901,left,20260501,2,20260501_142327,wxg0901_0501_run1,wxg-0901__20260501-left-2__20260501_142327.npz
wxg0901,wxg-0901,left,20260501,2,20260501_183803,wxg0901_0501_run1,wxg-0901__20260501-left-2__20260501_183803.npz
wxg0901,wxg-0901,left,20260501,2,20260501_184020,wxg0901_0501_run1,wxg-0901__20260501-left-2__20260501_184020.npz
wxg0901,wxg-0901,left,20260501,2,20260501_184237,wxg0901_0501_run1,wxg-0901__20260501-left-2__20260501_184237.npz
wxg0901,wxg-0901,left,20260501,2,20260501_184453,wxg0901_0501_run1,wxg-0901__20260501-left-2__20260501_184453.npz
wxg0901,wxg-0901,left,20260501,2,20260501_184735,wxg0901_0501_run1,wxg-0901__20260501-left-2__20260501_184735.npz
wxg0901,wxg-0901,left,20260501,2,20260501_184954,wxg0901_0501_run1,wxg-0901__20260501-left-2__20260501_184954.npz
wxg0901,wxg-0901,left,20260501,2,20260501_185212,wxg0901_0501_run1,wxg-0901__20260501-left-2__20260501_185212.npz
wxg0901,wxg-0901,left,20260501,2,20260501_185430,wxg0901_0501_run1,wxg-0901__20260501-left-2__20260501_185430.npz
wxg0901,wxg-0901,left,20260501,3,20260501_145517,wxg0901_0501_run1,wxg-0901__20260501-left-3__20260501_145517.npz
wxg0901,wxg-0901,left,20260501,3,20260501_145734,wxg0901_0501_run1,wxg-0901__20260501-left-3__20260501_145734.npz
wxg0901,wxg-0901,left,20260501,3,20260501_145953,wxg0901_0501_run1,wxg-0901__20260501-left-3__20260501_145953.npz
wxg0901,wxg-0901,left,20260501,3,20260501_150208,wxg0901_0501_run1,wxg-0901__20260501-left-3__20260501_150208.npz
wxg0901,wxg-0901,left,20260501,3,20260501_150425,wxg0901_0501_run1,wxg-0901__20260501-left-3__20260501_150425.npz
wxg0901,wxg-0901,left,20260501,3,20260501_150641,wxg0901_0501_run1,wxg-0901__20260501-left-3__20260501_150641.npz
wxg0901,wxg-0901,left,20260501,3,20260501_150855,wxg0901_0501_run1,wxg-0901__20260501-left-3__20260501_150855.npz
wxg0901,wxg-0901,left,20260501,3,20260501_151109,wxg0901_0501_run1,wxg-0901__20260501-left-3__20260501_151109.npz
wxg0901,wxg-0901,left,20260501,3,20260501_151324,wxg0901_0501_run1,wxg-0901__20260501-left-3__20260501_151324.npz
wxg0901,wxg-0901,left,20260501,3,20260501_151537,wxg0901_0501_run1,wxg-0901__20260501-left-3__20260501_151537.npz
wxg0901,wxg-0901,left,20260501,3,20260501_151751,wxg0901_0501_run1,wxg-0901__20260501-left-3__20260501_151751.npz
wxg0901,wxg-0901,left,20260501,3,20260501_152007,wxg0901_0501_run1,wxg-0901__20260501-left-3__20260501_152007.npz
wxg0901,wxg-0901,left,20260501,3,20260501_152223,wxg0901_0501_run1,wxg-0901__20260501-left-3__20260501_152223.npz
wxg0901,wxg-0901,left,20260501,3,20260501_152438,wxg0901_0501_run1,wxg-0901__20260501-left-3__20260501_152438.npz
wxg0901,wxg-0901,left,20260501,3,20260501_152656,wxg0901_0501_run1,wxg-0901__20260501-left-3__20260501_152656.npz
wxg0901,wxg-0901,left,20260501,3,20260501_152913,wxg0901_0501_run1,wxg-0901__20260501-left-3__20260501_152913.npz
wxg0901,wxg-0901,left,20260501,3,20260501_153129,wxg0901_0501_run1,wxg-0901__20260501-left-3__20260501_153129.npz
wxg0901,wxg-0901,left,20260501,3,20260501_153343,wxg0901_0501_run1,wxg-0901__20260501-left-3__20260501_153343.npz
wxg0901,wxg-0901,left,20260501,3,20260501_153601,wxg0901_0501_run1,wxg-0901__20260501-left-3__20260501_153601.npz
wxg0901,wxg-0901,left,20260501,3,20260501_153816,wxg0901_0501_run1,wxg-0901__20260501-left-3__20260501_153816.npz
wxg0901,wxg-0901,left,20260501,3,20260501_154034,wxg0901_0501_run1,wxg-0901__20260501-left-3__20260501_154034.npz
wxg0901,wxg-0901,left,20260501,3,20260501_154318,wxg0901_0501_run1,wxg-0901__20260501-left-3__20260501_154318.npz
wxg0901,wxg-0901,left,20260501,3,20260501_154533,wxg0901_0501_run1,wxg-0901__20260501-left-3__20260501_154533.npz
wxg0901,wxg-0901,left,20260501,3,20260501_154747,wxg0901_0501_run1,wxg-0901__20260501-left-3__20260501_154747.npz
wxg0901,wxg-0901,left,20260501,3,20260501_155000,wxg0901_0501_run1,wxg-0901__20260501-left-3__20260501_155000.npz
wxg0901,wxg-0901,left,20260501,3,20260501_155214,wxg0901_0501_run1,wxg-0901__20260501-left-3__20260501_155214.npz
wxg0901,wxg-0901,left,20260501,3,20260501_155428,wxg0901_0501_run1,wxg-0901__20260501-left-3__20260501_155428.npz
wxg0901,wxg-0901,left,20260501,3,20260501_155642,wxg0901_0501_run1,wxg-0901__20260501-left-3__20260501_155642.npz
wxg0901,wxg-0901,left,20260501,3,20260501_155857,wxg0901_0501_run1,wxg-0901__20260501-left-3__20260501_155857.npz
wxg0901,wxg-0901,left,20260501,3,20260501_160114,wxg0901_0501_run1,wxg-0901__20260501-left-3__20260501_160114.npz
wxg0901,wxg-0901,left,20260501,3,20260501_160331,wxg0901_0501_run1,wxg-0901__20260501-left-3__20260501_160331.npz
wxg0901,wxg-0901,left,20260501,3,20260501_160545,wxg0901_0501_run1,wxg-0901__20260501-left-3__20260501_160545.npz
wxg0901,wxg-0901,left,20260501,3,20260501_160805,wxg0901_0501_run1,wxg-0901__20260501-left-3__20260501_160805.npz
wxg0901,wxg-0901,left,20260501,3,20260501_161023,wxg0901_0501_run1,wxg-0901__20260501-left-3__20260501_161023.npz
wxg0901,wxg-0901,left,20260501,3,20260501_161240,wxg0901_0501_run1,wxg-0901__20260501-left-3__20260501_161240.npz
wxg0901,wxg-0901,left,20260501,3,20260501_161458,wxg0901_0501_run1,wxg-0901__20260501-left-3__20260501_161458.npz
wxg0901,wxg-0901,left,20260501,3,20260501_161718,wxg0901_0501_run1,wxg-0901__20260501-left-3__20260501_161718.npz
wxg0901,wxg-0901,left,20260501,,20260501_113801,wxg0901_0501_run1,wxg-0901__20260501-left__20260501_113801.npz
wxg0901,wxg-0901,left,20260501,,20260501_114017,wxg0901_0501_run1,wxg-0901__20260501-left__20260501_114017.npz
wxg0901,wxg-0901,left,20260501,,20260501_114232,wxg0901_0501_run1,wxg-0901__20260501-left__20260501_114232.npz
wxg0901,wxg-0901,left,20260501,,20260501_114851,wxg0901_0501_run1,wxg-0901__20260501-left__20260501_114851.npz
wxg0901,wxg-0901,left,20260501,,20260501_115108,wxg0901_0501_run1,wxg-0901__20260501-left__20260501_115108.npz
wxg0901,wxg-0901,left,20260501,,20260501_115323,wxg0901_0501_run1,wxg-0901__20260501-left__20260501_115323.npz
wxg0901,wxg-0901,left,20260501,,20260501_115542,wxg0901_0501_run1,wxg-0901__20260501-left__20260501_115542.npz
wxg0901,wxg-0901,left,20260501,,20260501_115758,wxg0901_0501_run1,wxg-0901__20260501-left__20260501_115758.npz
wxg0901,wxg-0901,left,20260501,,20260501_175109,wxg0901_0501_run1,wxg-0901__20260501-left__20260501_175109.npz
wxg0901,wxg-0901,left,20260501,,20260501_175325,wxg0901_0501_run1,wxg-0901__20260501-left__20260501_175325.npz
wxg0901,wxg-0901,left,20260501,,20260501_175542,wxg0901_0501_run1,wxg-0901__20260501-left__20260501_175542.npz
wxg0901,wxg-0901,left,20260501,,20260501_175800,wxg0901_0501_run1,wxg-0901__20260501-left__20260501_175800.npz
wxg0901,wxg-0901,left,20260501,,20260501_180016,wxg0901_0501_run1,wxg-0901__20260501-left__20260501_180016.npz
wxg0901,wxg-0901,left,20260501,,20260501_180233,wxg0901_0501_run1,wxg-0901__20260501-left__20260501_180233.npz
wxg0901,wxg-0901,left,20260501,,20260501_180452,wxg0901_0501_run1,wxg-0901__20260501-left__20260501_180452.npz
wxg0901,wxg-0901,left,20260501,,20260501_180709,wxg0901_0501_run1,wxg-0901__20260501-left__20260501_180709.npz
wxg0901,wxg-0901,left,20260501,,20260501_180924,wxg0901_0501_run1,wxg-0901__20260501-left__20260501_180924.npz
wxg0901,wxg-0901,left,20260501,,20260501_181139,wxg0901_0501_run1,wxg-0901__20260501-left__20260501_181139.npz
wxg0901,wxg-0901,left,20260501,,20260501_181355,wxg0901_0501_run1,wxg-0901__20260501-left__20260501_181355.npz
wxg0901,wxg-0901,left,20260501,,20260501_181613,wxg0901_0501_run1,wxg-0901__20260501-left__20260501_181613.npz
wxg0901,wxg-0901,left,20260501,,20260501_181833,wxg0901_0501_run1,wxg-0901__20260501-left__20260501_181833.npz
wxg0901,wxg-0901,left,20260502,10,20260502_153835,wxg0901_0502_left,wxg-0901__20260502-left-10__20260502_153835.npz
wxg0901,wxg-0901,left,20260502,10,20260502_154338,wxg0901_0502_left,wxg-0901__20260502-left-10__20260502_154338.npz
wxg0901,wxg-0901,left,20260502,10,20260502_154553,wxg0901_0502_left,wxg-0901__20260502-left-10__20260502_154553.npz
wxg0901,wxg-0901,left,20260502,10,20260502_154810,wxg0901_0502_left,wxg-0901__20260502-left-10__20260502_154810.npz
wxg0901,wxg-0901,left,20260502,10,20260502_155023,wxg0901_0502_left,wxg-0901__20260502-left-10__20260502_155023.npz
wxg0901,wxg-0901,left,20260502,10,20260502_155237,wxg0901_0502_left,wxg-0901__20260502-left-10__20260502_155237.npz
wxg0901,wxg-0901,left,20260502,10,20260502_155450,wxg0901_0502_left,wxg-0901__20260502-left-10__20260502_155450.npz
wxg0901,wxg-0901,left,20260502,10,20260502_155708,wxg0901_0502_left,wxg-0901__20260502-left-10__20260502_155708.npz
wxg0901,wxg-0901,left,20260502,10,20260502_155923,wxg0901_0502_left,wxg-0901__20260502-left-10__20260502_155923.npz
wxg0901,wxg-0901,left,20260502,10,20260502_160138,wxg0901_0502_left,wxg-0901__20260502-left-10__20260502_160138.npz
wxg0901,wxg-0901,left,20260502,10,20260502_160356,wxg0901_0502_left,wxg-0901__20260502-left-10__20260502_160356.npz
wxg0901,wxg-0901,left,20260502,10,20260502_160610,wxg0901_0502_left,wxg-0901__20260502-left-10__20260502_160610.npz
wxg0901,wxg-0901,left,20260502,10,20260502_160829,wxg0901_0502_left,wxg-0901__20260502-left-10__20260502_160829.npz
wxg0901,wxg-0901,left,20260502,10,20260502_161045,wxg0901_0502_left,wxg-0901__20260502-left-10__20260502_161045.npz
wxg0901,wxg-0901,left,20260502,10,20260502_161302,wxg0901_0502_left,wxg-0901__20260502-left-10__20260502_161302.npz
wxg0901,wxg-0901,left,20260502,10,20260502_161517,wxg0901_0502_left,wxg-0901__20260502-left-10__20260502_161517.npz
wxg0901,wxg-0901,left,20260502,10,20260502_161731,wxg0901_0502_left,wxg-0901__20260502-left-10__20260502_161731.npz
wxg0901,wxg-0901,left,20260502,10,20260502_161952,wxg0901_0502_left,wxg-0901__20260502-left-10__20260502_161952.npz
wxg0901,wxg-0901,left,20260502,10,20260502_162227,wxg0901_0502_left,wxg-0901__20260502-left-10__20260502_162227.npz
wxg0901,wxg-0901,left,20260502,10,20260502_162447,wxg0901_0502_left,wxg-0901__20260502-left-10__20260502_162447.npz
wxg0901,wxg-0901,left,20260502,10,20260502_162703,wxg0901_0502_left,wxg-0901__20260502-left-10__20260502_162703.npz
wxg0901,wxg-0901,left,20260502,10,20260502_162929,wxg0901_0502_left,wxg-0901__20260502-left-10__20260502_162929.npz
wxg0901,wxg-0901,left,20260502,10,20260502_163201,wxg0901_0502_left,wxg-0901__20260502-left-10__20260502_163201.npz
wxg0901,wxg-0901,left,20260502,10,20260502_163424,wxg0901_0502_left,wxg-0901__20260502-left-10__20260502_163424.npz
wxg0901,wxg-0901,left,20260502,10,20260502_163643,wxg0901_0502_left,wxg-0901__20260502-left-10__20260502_163643.npz
wxg0901,wxg-0901,left,20260502,10,20260502_163858,wxg0901_0502_left,wxg-0901__20260502-left-10__20260502_163858.npz
wxg0901,wxg-0901,left,20260502,10,20260502_164113,wxg0901_0502_left,wxg-0901__20260502-left-10__20260502_164113.npz
wxg0901,wxg-0901,left,20260502,10,20260502_164330,wxg0901_0502_left,wxg-0901__20260502-left-10__20260502_164330.npz
wxg0901,wxg-0901,left,20260502,10,20260502_164553,wxg0901_0502_left,wxg-0901__20260502-left-10__20260502_164553.npz
wxg0901,wxg-0901,left,20260502,10,20260502_164812,wxg0901_0502_left,wxg-0901__20260502-left-10__20260502_164812.npz
wxg0901,wxg-0901,left,20260502,10,20260502_165028,wxg0901_0502_left,wxg-0901__20260502-left-10__20260502_165028.npz
wxg0901,wxg-0901,left,20260502,10,20260502_165243,wxg0901_0502_left,wxg-0901__20260502-left-10__20260502_165243.npz
wxg0901,wxg-0901,left,20260502,11,20260502_172835,wxg0901_0502_left,wxg-0901__20260502-left-11__20260502_172835.npz
wxg0901,wxg-0901,left,20260502,11,20260502_173107,wxg0901_0502_left,wxg-0901__20260502-left-11__20260502_173107.npz
wxg0901,wxg-0901,left,20260502,11,20260502_173321,wxg0901_0502_left,wxg-0901__20260502-left-11__20260502_173321.npz
wxg0901,wxg-0901,left,20260502,11,20260502_173535,wxg0901_0502_left,wxg-0901__20260502-left-11__20260502_173535.npz
wxg0901,wxg-0901,left,20260502,12,20260502_173900,wxg0901_0502_left,wxg-0901__20260502-left-12__20260502_173900.npz
wxg0901,wxg-0901,left,20260502,12,20260502_174117,wxg0901_0502_left,wxg-0901__20260502-left-12__20260502_174117.npz
wxg0901,wxg-0901,left,20260502,12,20260502_174333,wxg0901_0502_left,wxg-0901__20260502-left-12__20260502_174333.npz
wxg0901,wxg-0901,left,20260502,12,20260502_174548,wxg0901_0502_left,wxg-0901__20260502-left-12__20260502_174548.npz
wxg0901,wxg-0901,left,20260502,12,20260502_174801,wxg0901_0502_left,wxg-0901__20260502-left-12__20260502_174801.npz
wxg0901,wxg-0901,left,20260502,12,20260502_175017,wxg0901_0502_left,wxg-0901__20260502-left-12__20260502_175017.npz
wxg0901,wxg-0901,left,20260502,12,20260502_175231,wxg0901_0502_left,wxg-0901__20260502-left-12__20260502_175231.npz
wxg0901,wxg-0901,left,20260502,12,20260502_175444,wxg0901_0502_left,wxg-0901__20260502-left-12__20260502_175444.npz
wxg0901,wxg-0901,left,20260502,12,20260502_175657,wxg0901_0502_left,wxg-0901__20260502-left-12__20260502_175657.npz
wxg0901,wxg-0901,left,20260502,12,20260502_180150,wxg0901_0502_left,wxg-0901__20260502-left-12__20260502_180150.npz
wxg0901,wxg-0901,left,20260502,12,20260502_180409,wxg0901_0502_left,wxg-0901__20260502-left-12__20260502_180409.npz
wxg0901,wxg-0901,left,20260502,13,20260502_182734,wxg0901_0502_left,wxg-0901__20260502-left-13__20260502_182734.npz
wxg0901,wxg-0901,left,20260502,13,20260502_182953,wxg0901_0502_left,wxg-0901__20260502-left-13__20260502_182953.npz
wxg0901,wxg-0901,left,20260502,13,20260502_183208,wxg0901_0502_left,wxg-0901__20260502-left-13__20260502_183208.npz
wxg0901,wxg-0901,left,20260502,13,20260502_183422,wxg0901_0502_left,wxg-0901__20260502-left-13__20260502_183422.npz
wxg0901,wxg-0901,left,20260502,13,20260502_183638,wxg0901_0502_left,wxg-0901__20260502-left-13__20260502_183638.npz
wxg0901,wxg-0901,left,20260502,2,20260502_102854,wxg0901_0502_left,wxg-0901__20260502-left-2__20260502_102854.npz
wxg0901,wxg-0901,left,20260502,2,20260502_103109,wxg0901_0502_left,wxg-0901__20260502-left-2__20260502_103109.npz
wxg0901,wxg-0901,left,20260502,2,20260502_103324,wxg0901_0502_left,wxg-0901__20260502-left-2__20260502_103324.npz
wxg0901,wxg-0901,left,20260502,2,20260502_103543,wxg0901_0502_left,wxg-0901__20260502-left-2__20260502_103543.npz
wxg0901,wxg-0901,left,20260502,2,20260502_103759,wxg0901_0502_left,wxg-0901__20260502-left-2__20260502_103759.npz
wxg0901,wxg-0901,left,20260502,2,20260502_104015,wxg0901_0502_left,wxg-0901__20260502-left-2__20260502_104015.npz
wxg0901,wxg-0901,left,20260502,2,20260502_104233,wxg0901_0502_left,wxg-0901__20260502-left-2__20260502_104233.npz
wxg0901,wxg-0901,left,20260502,2,20260502_104450,wxg0901_0502_left,wxg-0901__20260502-left-2__20260502_104450.npz
wxg0901,wxg-0901,left,20260502,2,20260502_104708,wxg0901_0502_left,wxg-0901__20260502-left-2__20260502_104708.npz
wxg0901,wxg-0901,left,20260502,2,20260502_104925,wxg0901_0502_left,wxg-0901__20260502-left-2__20260502_104925.npz
wxg0901,wxg-0901,left,20260502,2,20260502_105203,wxg0901_0502_left,wxg-0901__20260502-left-2__20260502_105203.npz
wxg0901,wxg-0901,left,20260502,3,20260502_111143,wxg0901_0502_left,wxg-0901__20260502-left-3__20260502_111143.npz
wxg0901,wxg-0901,left,20260502,3,20260502_111400,wxg0901_0502_left,wxg-0901__20260502-left-3__20260502_111400.npz
wxg0901,wxg-0901,left,20260502,3,20260502_111615,wxg0901_0502_left,wxg-0901__20260502-left-3__20260502_111615.npz
wxg0901,wxg-0901,left,20260502,3,20260502_111829,wxg0901_0502_left,wxg-0901__20260502-left-3__20260502_111829.npz
wxg0901,wxg-0901,left,20260502,3,20260502_112048,wxg0901_0502_left,wxg-0901__20260502-left-3__20260502_112048.npz
wxg0901,wxg-0901,left,20260502,3,20260502_112303,wxg0901_0502_left,wxg-0901__20260502-left-3__20260502_112303.npz
wxg0901,wxg-0901,left,20260502,3,20260502_112520,wxg0901_0502_left,wxg-0901__20260502-left-3__20260502_112520.npz
wxg0901,wxg-0901,left,20260502,3,20260502_112734,wxg0901_0502_left,wxg-0901__20260502-left-3__20260502_112734.npz
wxg0901,wxg-0901,left,20260502,3,20260502_112949,wxg0901_0502_left,wxg-0901__20260502-left-3__20260502_112949.npz
wxg0901,wxg-0901,left,20260502,3,20260502_113206,wxg0901_0502_left,wxg-0901__20260502-left-3__20260502_113206.npz
wxg0901,wxg-0901,left,20260502,3,20260502_113421,wxg0901_0502_left,wxg-0901__20260502-left-3__20260502_113421.npz
wxg0901,wxg-0901,left,20260502,3,20260502_113636,wxg0901_0502_left,wxg-0901__20260502-left-3__20260502_113636.npz
wxg0901,wxg-0901,left,20260502,3,20260502_113852,wxg0901_0502_left,wxg-0901__20260502-left-3__20260502_113852.npz
wxg0901,wxg-0901,left,20260502,3,20260502_114109,wxg0901_0502_left,wxg-0901__20260502-left-3__20260502_114109.npz
wxg0901,wxg-0901,left,20260502,4,20260502_131051,wxg0901_0502_left,wxg-0901__20260502-left-4__20260502_131051.npz
wxg0901,wxg-0901,left,20260502,4,20260502_131313,wxg0901_0502_left,wxg-0901__20260502-left-4__20260502_131313.npz
wxg0901,wxg-0901,left,20260502,4,20260502_131541,wxg0901_0502_left,wxg-0901__20260502-left-4__20260502_131541.npz
wxg0901,wxg-0901,left,20260502,4,20260502_131801,wxg0901_0502_left,wxg-0901__20260502-left-4__20260502_131801.npz
wxg0901,wxg-0901,left,20260502,4,20260502_132022,wxg0901_0502_left,wxg-0901__20260502-left-4__20260502_132022.npz
wxg0901,wxg-0901,left,20260502,4,20260502_132242,wxg0901_0502_left,wxg-0901__20260502-left-4__20260502_132242.npz
wxg0901,wxg-0901,left,20260502,4,20260502_132500,wxg0901_0502_left,wxg-0901__20260502-left-4__20260502_132500.npz
wxg0901,wxg-0901,left,20260502,4,20260502_132718,wxg0901_0502_left,wxg-0901__20260502-left-4__20260502_132718.npz
wxg0901,wxg-0901,left,20260502,4,20260502_132940,wxg0901_0502_left,wxg-0901__20260502-left-4__20260502_132940.npz
wxg0901,wxg-0901,left,20260502,5,20260502_134056,wxg0901_0502_left,wxg-0901__20260502-left-5__20260502_134056.npz
wxg0901,wxg-0901,left,20260502,5,20260502_134330,wxg0901_0502_left,wxg-0901__20260502-left-5__20260502_134330.npz
wxg0901,wxg-0901,left,20260502,5,20260502_134617,wxg0901_0502_left,wxg-0901__20260502-left-5__20260502_134617.npz
wxg0901,wxg-0901,left,20260502,5,20260502_134833,wxg0901_0502_left,wxg-0901__20260502-left-5__20260502_134833.npz
wxg0901,wxg-0901,left,20260502,6,20260502_135158,wxg0901_0502_left,wxg-0901__20260502-left-6__20260502_135158.npz
wxg0901,wxg-0901,left,20260502,6,20260502_135414,wxg0901_0502_left,wxg-0901__20260502-left-6__20260502_135414.npz
wxg0901,wxg-0901,left,20260502,6,20260502_135642,wxg0901_0502_left,wxg-0901__20260502-left-6__20260502_135642.npz
wxg0901,wxg-0901,left,20260502,6,20260502_135948,wxg0901_0502_left,wxg-0901__20260502-left-6__20260502_135948.npz
wxg0901,wxg-0901,left,20260502,6,20260502_140205,wxg0901_0502_left,wxg-0901__20260502-left-6__20260502_140205.npz
wxg0901,wxg-0901,left,20260502,6,20260502_140420,wxg0901_0502_left,wxg-0901__20260502-left-6__20260502_140420.npz
wxg0901,wxg-0901,left,20260502,6,20260502_140638,wxg0901_0502_left,wxg-0901__20260502-left-6__20260502_140638.npz
wxg0901,wxg-0901,left,20260502,6,20260502_140854,wxg0901_0502_left,wxg-0901__20260502-left-6__20260502_140854.npz
wxg0901,wxg-0901,left,20260502,6,20260502_141109,wxg0901_0502_left,wxg-0901__20260502-left-6__20260502_141109.npz
wxg0901,wxg-0901,left,20260502,6,20260502_141324,wxg0901_0502_left,wxg-0901__20260502-left-6__20260502_141324.npz
wxg0901,wxg-0901,left,20260502,6,20260502_141541,wxg0901_0502_left,wxg-0901__20260502-left-6__20260502_141541.npz
wxg0901,wxg-0901,left,20260502,6,20260502_141756,wxg0901_0502_left,wxg-0901__20260502-left-6__20260502_141756.npz
wxg0901,wxg-0901,left,20260502,6,20260502_142012,wxg0901_0502_left,wxg-0901__20260502-left-6__20260502_142012.npz
wxg0901,wxg-0901,left,20260502,7,20260502_143623,wxg0901_0502_left,wxg-0901__20260502-left-7__20260502_143623.npz
wxg0901,wxg-0901,left,20260502,8,20260502_144322,wxg0901_0502_left,wxg-0901__20260502-left-8__20260502_144322.npz
wxg0901,wxg-0901,left,20260502,8,20260502_144536,wxg0901_0502_left,wxg-0901__20260502-left-8__20260502_144536.npz
wxg0901,wxg-0901,left,20260502,8,20260502_144840,wxg0901_0502_left,wxg-0901__20260502-left-8__20260502_144840.npz
wxg0901,wxg-0901,left,20260502,8,20260502_145135,wxg0901_0502_left,wxg-0901__20260502-left-8__20260502_145135.npz
wxg0901,wxg-0901,left,20260502,8,20260502_145408,wxg0901_0502_left,wxg-0901__20260502-left-8__20260502_145408.npz
wxg0901,wxg-0901,left,20260502,9,20260502_145911,wxg0901_0502_left,wxg-0901__20260502-left-9__20260502_145911.npz
wxg0901,wxg-0901,left,20260502,9,20260502_150124,wxg0901_0502_left,wxg-0901__20260502-left-9__20260502_150124.npz
wxg0901,wxg-0901,left,20260502,9,20260502_150339,wxg0901_0502_left,wxg-0901__20260502-left-9__20260502_150339.npz
wxg0901,wxg-0901,left,20260502,9,20260502_150554,wxg0901_0502_left,wxg-0901__20260502-left-9__20260502_150554.npz
wxg0901,wxg-0901,left,20260502,9,20260502_150813,wxg0901_0502_left,wxg-0901__20260502-left-9__20260502_150813.npz
wxg0901,wxg-0901,left,20260502,9,20260502_151027,wxg0901_0502_left,wxg-0901__20260502-left-9__20260502_151027.npz
wxg0901,wxg-0901,left,20260502,9,20260502_151240,wxg0901_0502_left,wxg-0901__20260502-left-9__20260502_151240.npz
wxg0901,wxg-0901,left,20260502,9,20260502_151457,wxg0901_0502_left,wxg-0901__20260502-left-9__20260502_151457.npz
wxg0901,wxg-0901,left,20260502,9,20260502_151713,wxg0901_0502_left,wxg-0901__20260502-left-9__20260502_151713.npz
wxg0901,wxg-0901,left,20260502,9,20260502_152021,wxg0901_0502_left,wxg-0901__20260502-left-9__20260502_152021.npz
wxg0901,wxg-0901,left,20260502,,20260502_102304,wxg0901_0502_left,wxg-0901__20260502-left__20260502_102304.npz
wxg0901,wxg-0901,left,20260504,2_v33,20260504_105850,wxg0901_0504_left,wxg-0901__20260504-left-2_v33__20260504_105850.npz
wxg0901,wxg-0901,left,20260504,2_v33,20260504_110107,wxg0901_0504_left,wxg-0901__20260504-left-2_v33__20260504_110107.npz
wxg0901,wxg-0901,left,20260504,2_v33,20260504_110324,wxg0901_0504_left,wxg-0901__20260504-left-2_v33__20260504_110324.npz
wxg0901,wxg-0901,left,20260504,2_v33,20260504_133529,wxg0901_0504_left,wxg-0901__20260504-left-2_v33__20260504_133529.npz
wxg0901,wxg-0901,left,20260504,2_v33,20260504_133747,wxg0901_0504_left,wxg-0901__20260504-left-2_v33__20260504_133747.npz
wxg0901,wxg-0901,left,20260504,2_v33,20260504_134003,wxg0901_0504_left,wxg-0901__20260504-left-2_v33__20260504_134003.npz
wxg0901,wxg-0901,left,20260504,2_v33,20260504_134218,wxg0901_0504_left,wxg-0901__20260504-left-2_v33__20260504_134218.npz
wxg0901,wxg-0901,left,20260504,2_v33,20260504_134435,wxg0901_0504_left,wxg-0901__20260504-left-2_v33__20260504_134435.npz
wxg0901,wxg-0901,left,20260504,2_v33,20260504_134649,wxg0901_0504_left,wxg-0901__20260504-left-2_v33__20260504_134649.npz
wxg0901,wxg-0901,left,20260504,2_v33,20260504_134951,wxg0901_0504_left,wxg-0901__20260504-left-2_v33__20260504_134951.npz
wxg0901,wxg-0901,left,20260504,2_v33,20260504_135207,wxg0901_0504_left,wxg-0901__20260504-left-2_v33__20260504_135207.npz
wxg0901,wxg-0901,left,20260504,2_v33,20260504_135425,wxg0901_0504_left,wxg-0901__20260504-left-2_v33__20260504_135425.npz
wxg0901,wxg-0901,left,20260504,2_v33,20260504_135642,wxg0901_0504_left,wxg-0901__20260504-left-2_v33__20260504_135642.npz
wxg0901,wxg-0901,left,20260504,2_v33,20260504_135859,wxg0901_0504_left,wxg-0901__20260504-left-2_v33__20260504_135859.npz
wxg0901,wxg-0901,left,20260504,2_v33,20260504_140115,wxg0901_0504_left,wxg-0901__20260504-left-2_v33__20260504_140115.npz
wxg0901,wxg-0901,left,20260504,2_v33,20260504_140330,wxg0901_0504_left,wxg-0901__20260504-left-2_v33__20260504_140330.npz
wxg0901,wxg-0901,left,20260504,2_v33,20260504_140547,wxg0901_0504_left,wxg-0901__20260504-left-2_v33__20260504_140547.npz
wxg0901,wxg-0901,left,20260504,2_v33,20260504_140802,wxg0901_0504_left,wxg-0901__20260504-left-2_v33__20260504_140802.npz
wxg0901,wxg-0901,left,20260504,2_v71,20260504_155620,wxg0901_0504_left,wxg-0901__20260504-left-2_v71__20260504_155620.npz
wxg0901,wxg-0901,left,20260504,2_v71,20260504_155835,wxg0901_0504_left,wxg-0901__20260504-left-2_v71__20260504_155835.npz
wxg0901,wxg-0901,left,20260504,2_v71,20260504_160051,wxg0901_0504_left,wxg-0901__20260504-left-2_v71__20260504_160051.npz
wxg0901,wxg-0901,left,20260504,2_v71,20260504_160306,wxg0901_0504_left,wxg-0901__20260504-left-2_v71__20260504_160306.npz
wxg0901,wxg-0901,left,20260504,2_v71,20260504_160520,wxg0901_0504_left,wxg-0901__20260504-left-2_v71__20260504_160520.npz
wxg0901,wxg-0901,left,20260504,2_v71,20260504_160811,wxg0901_0504_left,wxg-0901__20260504-left-2_v71__20260504_160811.npz
wxg0901,wxg-0901,left,20260504,2_v71,20260504_161025,wxg0901_0504_left,wxg-0901__20260504-left-2_v71__20260504_161025.npz
wxg0901,wxg-0901,left,20260504,2_v71,20260504_161240,wxg0901_0504_left,wxg-0901__20260504-left-2_v71__20260504_161240.npz
wxg0901,wxg-0901,left,20260504,2_v71,20260504_161455,wxg0901_0504_left,wxg-0901__20260504-left-2_v71__20260504_161455.npz
wxg0901,wxg-0901,left,20260504,2_v71,20260504_161711,wxg0901_0504_left,wxg-0901__20260504-left-2_v71__20260504_161711.npz
wxg0901,wxg-0901,left,20260504,3_v33,20260504_110816,wxg0901_0504_left,wxg-0901__20260504-left-3_v33__20260504_110816.npz
wxg0901,wxg-0901,left,20260504,3_v33,20260504_111031,wxg0901_0504_left,wxg-0901__20260504-left-3_v33__20260504_111031.npz
wxg0901,wxg-0901,left,20260504,3_v33,20260504_111254,wxg0901_0504_left,wxg-0901__20260504-left-3_v33__20260504_111254.npz
wxg0901,wxg-0901,left,20260504,3_v33,20260504_141404,wxg0901_0504_left,wxg-0901__20260504-left-3_v33__20260504_141404.npz
wxg0901,wxg-0901,left,20260504,3_v33,20260504_141622,wxg0901_0504_left,wxg-0901__20260504-left-3_v33__20260504_141622.npz
wxg0901,wxg-0901,left,20260504,3_v33,20260504_141844,wxg0901_0504_left,wxg-0901__20260504-left-3_v33__20260504_141844.npz
wxg0901,wxg-0901,left,20260504,3_v71,20260504_162204,wxg0901_0504_left,wxg-0901__20260504-left-3_v71__20260504_162204.npz
wxg0901,wxg-0901,left,20260504,3_v71,20260504_162418,wxg0901_0504_left,wxg-0901__20260504-left-3_v71__20260504_162418.npz
wxg0901,wxg-0901,left,20260504,3_v71,20260504_162633,wxg0901_0504_left,wxg-0901__20260504-left-3_v71__20260504_162633.npz
wxg0901,wxg-0901,left,20260504,3_v71,20260504_162848,wxg0901_0504_left,wxg-0901__20260504-left-3_v71__20260504_162848.npz
wxg0901,wxg-0901,left,20260504,3_v71,20260504_163102,wxg0901_0504_left,wxg-0901__20260504-left-3_v71__20260504_163102.npz
wxg0901,wxg-0901,left,20260504,3_v71,20260504_163317,wxg0901_0504_left,wxg-0901__20260504-left-3_v71__20260504_163317.npz
wxg0901,wxg-0901,left,20260504,3_v71,20260504_163532,wxg0901_0504_left,wxg-0901__20260504-left-3_v71__20260504_163532.npz
wxg0901,wxg-0901,left,20260504,3_v71,20260504_163752,wxg0901_0504_left,wxg-0901__20260504-left-3_v71__20260504_163752.npz
wxg0901,wxg-0901,left,20260504,3_v71,20260504_164007,wxg0901_0504_left,wxg-0901__20260504-left-3_v71__20260504_164007.npz
wxg0901,wxg-0901,left,20260504,3_v71,20260504_164222,wxg0901_0504_left,wxg-0901__20260504-left-3_v71__20260504_164222.npz
wxg0901,wxg-0901,left,20260504,4_v33,20260504_113418,wxg0901_0504_left,wxg-0901__20260504-left-4_v33__20260504_113418.npz
wxg0901,wxg-0901,left,20260504,4_v33,20260504_113635,wxg0901_0504_left,wxg-0901__20260504-left-4_v33__20260504_113635.npz
wxg0901,wxg-0901,left,20260504,4_v33,20260504_113853,wxg0901_0504_left,wxg-0901__20260504-left-4_v33__20260504_113853.npz
wxg0901,wxg-0901,left,20260504,4_v33,20260504_114108,wxg0901_0504_left,wxg-0901__20260504-left-4_v33__20260504_114108.npz
wxg0901,wxg-0901,left,20260504,4_v33,20260504_114330,wxg0901_0504_left,wxg-0901__20260504-left-4_v33__20260504_114330.npz
wxg0901,wxg-0901,left,20260504,4_v33,20260504_142442,wxg0901_0504_left,wxg-0901__20260504-left-4_v33__20260504_142442.npz
wxg0901,wxg-0901,left,20260504,4_v33,20260504_142658,wxg0901_0504_left,wxg-0901__20260504-left-4_v33__20260504_142658.npz
wxg0901,wxg-0901,left,20260504,4_v33,20260504_142920,wxg0901_0504_left,wxg-0901__20260504-left-4_v33__20260504_142920.npz
wxg0901,wxg-0901,left,20260504,4_v33,20260504_143135,wxg0901_0504_left,wxg-0901__20260504-left-4_v33__20260504_143135.npz
wxg0901,wxg-0901,left,20260504,4_v33,20260504_143350,wxg0901_0504_left,wxg-0901__20260504-left-4_v33__20260504_143350.npz
wxg0901,wxg-0901,left,20260504,4_v71,20260504_165322,wxg0901_0504_left,wxg-0901__20260504-left-4_v71__20260504_165322.npz
wxg0901,wxg-0901,left,20260504,5_v33,20260504_115254,wxg0901_0504_left,wxg-0901__20260504-left-5_v33__20260504_115254.npz
wxg0901,wxg-0901,left,20260504,5_v71,20260504_171055,wxg0901_0504_left,wxg-0901__20260504-left-5_v71__20260504_171055.npz
wxg0901,wxg-0901,left,20260504,5_v71,20260504_171315,wxg0901_0504_left,wxg-0901__20260504-left-5_v71__20260504_171315.npz
wxg0901,wxg-0901,left,20260504,5_v71,20260504_171530,wxg0901_0504_left,wxg-0901__20260504-left-5_v71__20260504_171530.npz
wxg0901,wxg-0901,left,20260504,5_v71,20260504_171743,wxg0901_0504_left,wxg-0901__20260504-left-5_v71__20260504_171743.npz
wxg0901,wxg-0901,left,20260504,5_v71,20260504_171956,wxg0901_0504_left,wxg-0901__20260504-left-5_v71__20260504_171956.npz
wxg0901,wxg-0901,left,20260504,5_v71,20260504_172209,wxg0901_0504_left,wxg-0901__20260504-left-5_v71__20260504_172209.npz
wxg0901,wxg-0901,left,20260504,5_v71,20260504_172425,wxg0901_0504_left,wxg-0901__20260504-left-5_v71__20260504_172425.npz
wxg0901,wxg-0901,left,20260504,5_v71,20260504_172641,wxg0901_0504_left,wxg-0901__20260504-left-5_v71__20260504_172641.npz
wxg0901,wxg-0901,left,20260504,5_v71,20260504_172858,wxg0901_0504_left,wxg-0901__20260504-left-5_v71__20260504_172858.npz
wxg0901,wxg-0901,left,20260504,5_v71,20260504_173110,wxg0901_0504_left,wxg-0901__20260504-left-5_v71__20260504_173110.npz
wxg0901,wxg-0901,left,20260504,5_v71,20260504_173324,wxg0901_0504_left,wxg-0901__20260504-left-5_v71__20260504_173324.npz
wxg0901,wxg-0901,left,20260504,5_v71,20260504_173537,wxg0901_0504_left,wxg-0901__20260504-left-5_v71__20260504_173537.npz
wxg0901,wxg-0901,left,20260504,5_v71,20260504_173752,wxg0901_0504_left,wxg-0901__20260504-left-5_v71__20260504_173752.npz
wxg0901,wxg-0901,left,20260504,5_v71,20260504_174006,wxg0901_0504_left,wxg-0901__20260504-left-5_v71__20260504_174006.npz
wxg0901,wxg-0901,left,20260504,5_v71,20260504_174221,wxg0901_0504_left,wxg-0901__20260504-left-5_v71__20260504_174221.npz
wxg0901,wxg-0901,left,20260504,6_v71,20260504_174451,wxg0901_0504_left,wxg-0901__20260504-left-6_v71__20260504_174451.npz
wxg0901,wxg-0901,left,20260504,6_v71,20260504_174705,wxg0901_0504_left,wxg-0901__20260504-left-6_v71__20260504_174705.npz
wxg0901,wxg-0901,left,20260504,6_v71,20260504_174920,wxg0901_0504_left,wxg-0901__20260504-left-6_v71__20260504_174920.npz
wxg0901,wxg-0901,left,20260504,6_v71,20260504_175134,wxg0901_0504_left,wxg-0901__20260504-left-6_v71__20260504_175134.npz
wxg0901,wxg-0901,left,20260504,6_v71,20260504_175347,wxg0901_0504_left,wxg-0901__20260504-left-6_v71__20260504_175347.npz
wxg0901,wxg-0901,left,20260504,6_v71,20260504_175600,wxg0901_0504_left,wxg-0901__20260504-left-6_v71__20260504_175600.npz
wxg0901,wxg-0901,left,20260504,6_v71,20260504_175814,wxg0901_0504_left,wxg-0901__20260504-left-6_v71__20260504_175814.npz
wxg0901,wxg-0901,left,20260504,6_v71,20260504_180025,wxg0901_0504_left,wxg-0901__20260504-left-6_v71__20260504_180025.npz
wxg0901,wxg-0901,left,20260504,6_v71,20260504_180238,wxg0901_0504_left,wxg-0901__20260504-left-6_v71__20260504_180238.npz
wxg0901,wxg-0901,left,20260504,6_v71,20260504_180453,wxg0901_0504_left,wxg-0901__20260504-left-6_v71__20260504_180453.npz
wxg0901,wxg-0901,left,20260504,6_v71,20260504_180706,wxg0901_0504_left,wxg-0901__20260504-left-6_v71__20260504_180706.npz
wxg0901,wxg-0901,left,20260504,6_v71,20260504_180920,wxg0901_0504_left,wxg-0901__20260504-left-6_v71__20260504_180920.npz
wxg0901,wxg-0901,left,20260504,6_v71,20260504_181137,wxg0901_0504_left,wxg-0901__20260504-left-6_v71__20260504_181137.npz
wxg0901,wxg-0901,left,20260504,6_v71,20260504_181351,wxg0901_0504_left,wxg-0901__20260504-left-6_v71__20260504_181351.npz
wxg0901,wxg-0901,left,20260504,6_v71,20260504_181604,wxg0901_0504_left,wxg-0901__20260504-left-6_v71__20260504_181604.npz
wxg0901,wxg-0901,left,20260504,7_v71,20260504_182150,wxg0901_0504_left,wxg-0901__20260504-left-7_v71__20260504_182150.npz
wxg0901,wxg-0901,left,20260504,7_v71,20260504_182402,wxg0901_0504_left,wxg-0901__20260504-left-7_v71__20260504_182402.npz
wxg0901,wxg-0901,left,20260504,7_v71,20260504_182615,wxg0901_0504_left,wxg-0901__20260504-left-7_v71__20260504_182615.npz
wxg0901,wxg-0901,left,20260504,7_v71,20260504_182828,wxg0901_0504_left,wxg-0901__20260504-left-7_v71__20260504_182828.npz
wxg0901,wxg-0901,left,20260504,7_v71,20260504_183041,wxg0901_0504_left,wxg-0901__20260504-left-7_v71__20260504_183041.npz
wxg0901,wxg-0901,left,20260504,7_v71,20260504_183254,wxg0901_0504_left,wxg-0901__20260504-left-7_v71__20260504_183254.npz
wxg0901,wxg-0901,left,20260504,7_v71,20260504_183508,wxg0901_0504_left,wxg-0901__20260504-left-7_v71__20260504_183508.npz
wxg0901,wxg-0901,left,20260504,7_v71,20260504_183720,wxg0901_0504_left,wxg-0901__20260504-left-7_v71__20260504_183720.npz
wxg0901,wxg-0901,left,20260504,7_v71,20260504_183934,wxg0901_0504_left,wxg-0901__20260504-left-7_v71__20260504_183934.npz
wxg0901,wxg-0901,left,20260504,7_v71,20260504_184146,wxg0901_0504_left,wxg-0901__20260504-left-7_v71__20260504_184146.npz
wxg0901,wxg-0901,left,20260504,7_v71,20260504_184405,wxg0901_0504_left,wxg-0901__20260504-left-7_v71__20260504_184405.npz
wxg0901,wxg-0901,left,20260504,7_v71,20260504_184617,wxg0901_0504_left,wxg-0901__20260504-left-7_v71__20260504_184617.npz
wxg0901,wxg-0901,left,20260504,7_v71,20260504_184833,wxg0901_0504_left,wxg-0901__20260504-left-7_v71__20260504_184833.npz
wxg0901,wxg-0901,left,20260504,7_v71,20260504_185046,wxg0901_0504_left,wxg-0901__20260504-left-7_v71__20260504_185046.npz
wxg0901,wxg-0901,left,20260504,7_v71,20260504_185258,wxg0901_0504_left,wxg-0901__20260504-left-7_v71__20260504_185258.npz
wxg0901,wxg-0901,left,20260504,7_v71,20260504_185536,wxg0901_0504_left,wxg-0901__20260504-left-7_v71__20260504_185536.npz
wxg0901,wxg-0901,left_v33,20260504,,20260504_104515,wxg0901_0504_left,wxg-0901__20260504-left_v33__20260504_104515.npz
wxg0901,wxg-0901,left_v33,20260504,,20260504_104733,wxg0901_0504_left,wxg-0901__20260504-left_v33__20260504_104733.npz
wxg0901,wxg-0901,left_v33,20260504,,20260504_104950,wxg0901_0504_left,wxg-0901__20260504-left_v33__20260504_104950.npz
wxg0901,wxg-0901,left_v33,20260504,,20260504_105218,wxg0901_0504_left,wxg-0901__20260504-left_v33__20260504_105218.npz
wxg0901,wxg-0901,left_v33,20260504,,20260504_105439,wxg0901_0504_left,wxg-0901__20260504-left_v33__20260504_105439.npz
wxg0901,wxg-0901,left_v33,20260504,,20260504_132243,wxg0901_0504_left,wxg-0901__20260504-left_v33__20260504_132243.npz
wxg0901,wxg-0901,left_v33,20260504,,20260504_132459,wxg0901_0504_left,wxg-0901__20260504-left_v33__20260504_132459.npz
wxg0901,wxg-0901,left_v33,20260504,,20260504_132712,wxg0901_0504_left,wxg-0901__20260504-left_v33__20260504_132712.npz
wxg0901,wxg-0901,left_v33,20260504,,20260504_132929,wxg0901_0504_left,wxg-0901__20260504-left_v33__20260504_132929.npz
wxg0901,wxg-0901,left_v33,20260504,,20260504_133147,wxg0901_0504_left,wxg-0901__20260504-left_v33__20260504_133147.npz
wxg0901,wxg-0901,left_v71,20260504,,20260504_152942,wxg0901_0504_left,wxg-0901__20260504-left_v71__20260504_152942.npz
wxg0901,wxg-0901,left_v71,20260504,,20260504_153157,wxg0901_0504_left,wxg-0901__20260504-left_v71__20260504_153157.npz
wxg0901,wxg-0901,left_v71,20260504,,20260504_153410,wxg0901_0504_left,wxg-0901__20260504-left_v71__20260504_153410.npz
wxg0901,wxg-0901,left_v71,20260504,,20260504_153625,wxg0901_0504_left,wxg-0901__20260504-left_v71__20260504_153625.npz
wxg0901,wxg-0901,left_v71,20260504,,20260504_153839,wxg0901_0504_left,wxg-0901__20260504-left_v71__20260504_153839.npz
wxg0901,wxg-0901,left_v71,20260504,,20260504_154054,wxg0901_0504_left,wxg-0901__20260504-left_v71__20260504_154054.npz
wxg0901,wxg-0901,left_v71,20260504,,20260504_154308,wxg0901_0504_left,wxg-0901__20260504-left_v71__20260504_154308.npz
wxg0901,wxg-0901,left,20260505,10,20260505_160827,wxg0901_0505_left,wxg-0901__20260505-left-10__20260505_160827.npz
wxg0901,wxg-0901,left,20260505,11,20260505_161453,wxg0901_0505_left,wxg-0901__20260505-left-11__20260505_161453.npz
wxg0901,wxg-0901,left,20260505,11,20260505_161706,wxg0901_0505_left,wxg-0901__20260505-left-11__20260505_161706.npz
wxg0901,wxg-0901,left,20260505,11,20260505_161920,wxg0901_0505_left,wxg-0901__20260505-left-11__20260505_161920.npz
wxg0901,wxg-0901,left,20260505,11,20260505_162134,wxg0901_0505_left,wxg-0901__20260505-left-11__20260505_162134.npz
wxg0901,wxg-0901,left,20260505,11,20260505_162346,wxg0901_0505_left,wxg-0901__20260505-left-11__20260505_162346.npz
wxg0901,wxg-0901,left,20260505,11,20260505_162600,wxg0901_0505_left,wxg-0901__20260505-left-11__20260505_162600.npz
wxg0901,wxg-0901,left,20260505,11,20260505_162824,wxg0901_0505_left,wxg-0901__20260505-left-11__20260505_162824.npz
wxg0901,wxg-0901,left,20260505,12,20260505_170503,wxg0901_0505_left,wxg-0901__20260505-left-12__20260505_170503.npz
wxg0901,wxg-0901,left,20260505,12,20260505_170716,wxg0901_0505_left,wxg-0901__20260505-left-12__20260505_170716.npz
wxg0901,wxg-0901,left,20260505,12,20260505_170929,wxg0901_0505_left,wxg-0901__20260505-left-12__20260505_170929.npz
wxg0901,wxg-0901,left,20260505,12,20260505_171144,wxg0901_0505_left,wxg-0901__20260505-left-12__20260505_171144.npz
wxg0901,wxg-0901,left,20260505,12,20260505_171357,wxg0901_0505_left,wxg-0901__20260505-left-12__20260505_171357.npz
wxg0901,wxg-0901,left,20260505,12,20260505_171615,wxg0901_0505_left,wxg-0901__20260505-left-12__20260505_171615.npz
wxg0901,wxg-0901,left,20260505,12,20260505_171829,wxg0901_0505_left,wxg-0901__20260505-left-12__20260505_171829.npz
wxg0901,wxg-0901,left,20260505,12,20260505_172043,wxg0901_0505_left,wxg-0901__20260505-left-12__20260505_172043.npz
wxg0901,wxg-0901,left,20260505,12,20260505_172259,wxg0901_0505_left,wxg-0901__20260505-left-12__20260505_172259.npz
wxg0901,wxg-0901,left,20260505,12,20260505_172513,wxg0901_0505_left,wxg-0901__20260505-left-12__20260505_172513.npz
wxg0901,wxg-0901,left,20260505,12,20260505_172726,wxg0901_0505_left,wxg-0901__20260505-left-12__20260505_172726.npz
wxg0901,wxg-0901,left,20260505,12,20260505_172940,wxg0901_0505_left,wxg-0901__20260505-left-12__20260505_172940.npz
wxg0901,wxg-0901,left,20260505,12,20260505_173153,wxg0901_0505_left,wxg-0901__20260505-left-12__20260505_173153.npz
wxg0901,wxg-0901,left,20260505,12,20260505_173406,wxg0901_0505_left,wxg-0901__20260505-left-12__20260505_173406.npz
wxg0901,wxg-0901,left,20260505,12,20260505_173620,wxg0901_0505_left,wxg-0901__20260505-left-12__20260505_173620.npz
wxg0901,wxg-0901,left,20260505,12,20260505_173834,wxg0901_0505_left,wxg-0901__20260505-left-12__20260505_173834.npz
wxg0901,wxg-0901,left,20260505,12,20260505_174047,wxg0901_0505_left,wxg-0901__20260505-left-12__20260505_174047.npz
wxg0901,wxg-0901,left,20260505,12,20260505_174300,wxg0901_0505_left,wxg-0901__20260505-left-12__20260505_174300.npz
wxg0901,wxg-0901,left,20260505,13,20260505_175117,wxg0901_0505_left,wxg-0901__20260505-left-13__20260505_175117.npz
wxg0901,wxg-0901,left,20260505,13,20260505_175330,wxg0901_0505_left,wxg-0901__20260505-left-13__20260505_175330.npz
wxg0901,wxg-0901,left,20260505,13,20260505_175542,wxg0901_0505_left,wxg-0901__20260505-left-13__20260505_175542.npz
wxg0901,wxg-0901,left,20260505,13,20260505_175755,wxg0901_0505_left,wxg-0901__20260505-left-13__20260505_175755.npz
wxg0901,wxg-0901,left,20260505,13,20260505_180009,wxg0901_0505_left,wxg-0901__20260505-left-13__20260505_180009.npz
wxg0901,wxg-0901,left,20260505,13,20260505_180221,wxg0901_0505_left,wxg-0901__20260505-left-13__20260505_180221.npz
wxg0901,wxg-0901,left,20260505,13,20260505_180434,wxg0901_0505_left,wxg-0901__20260505-left-13__20260505_180434.npz
wxg0901,wxg-0901,left,20260505,13,20260505_180647,wxg0901_0505_left,wxg-0901__20260505-left-13__20260505_180647.npz
wxg0901,wxg-0901,left,20260505,13,20260505_180900,wxg0901_0505_left,wxg-0901__20260505-left-13__20260505_180900.npz
wxg0901,wxg-0901,left,20260505,13,20260505_181114,wxg0901_0505_left,wxg-0901__20260505-left-13__20260505_181114.npz
wxg0901,wxg-0901,left,20260505,13,20260505_181326,wxg0901_0505_left,wxg-0901__20260505-left-13__20260505_181326.npz
wxg0901,wxg-0901,left,20260505,13,20260505_181539,wxg0901_0505_left,wxg-0901__20260505-left-13__20260505_181539.npz
wxg0901,wxg-0901,left,20260505,13,20260505_181752,wxg0901_0505_left,wxg-0901__20260505-left-13__20260505_181752.npz
wxg0901,wxg-0901,left,20260505,13,20260505_182004,wxg0901_0505_left,wxg-0901__20260505-left-13__20260505_182004.npz
wxg0901,wxg-0901,left,20260505,13,20260505_182228,wxg0901_0505_left,wxg-0901__20260505-left-13__20260505_182228.npz
wxg0901,wxg-0901,left,20260505,2,20260505_103932,wxg0901_0505_left,wxg-0901__20260505-left-2__20260505_103932.npz
wxg0901,wxg-0901,left,20260505,2,20260505_104146,wxg0901_0505_left,wxg-0901__20260505-left-2__20260505_104146.npz
wxg0901,wxg-0901,left,20260505,2,20260505_104400,wxg0901_0505_left,wxg-0901__20260505-left-2__20260505_104400.npz
wxg0901,wxg-0901,left,20260505,2,20260505_104614,wxg0901_0505_left,wxg-0901__20260505-left-2__20260505_104614.npz
wxg0901,wxg-0901,left,20260505,2,20260505_104828,wxg0901_0505_left,wxg-0901__20260505-left-2__20260505_104828.npz
wxg0901,wxg-0901,left,20260505,2,20260505_105046,wxg0901_0505_left,wxg-0901__20260505-left-2__20260505_105046.npz
wxg0901,wxg-0901,left,20260505,2,20260505_105301,wxg0901_0505_left,wxg-0901__20260505-left-2__20260505_105301.npz
wxg0901,wxg-0901,left,20260505,2,20260505_105516,wxg0901_0505_left,wxg-0901__20260505-left-2__20260505_105516.npz
wxg0901,wxg-0901,left,20260505,2,20260505_105730,wxg0901_0505_left,wxg-0901__20260505-left-2__20260505_105730.npz
wxg0901,wxg-0901,left,20260505,2,20260505_105944,wxg0901_0505_left,wxg-0901__20260505-left-2__20260505_105944.npz
wxg0901,wxg-0901,left,20260505,2,20260505_110157,wxg0901_0505_left,wxg-0901__20260505-left-2__20260505_110157.npz
wxg0901,wxg-0901,left,20260505,3,20260505_112125,wxg0901_0505_left,wxg-0901__20260505-left-3__20260505_112125.npz
wxg0901,wxg-0901,left,20260505,3,20260505_112340,wxg0901_0505_left,wxg-0901__20260505-left-3__20260505_112340.npz
wxg0901,wxg-0901,left,20260505,4,20260505_112609,wxg0901_0505_left,wxg-0901__20260505-left-4__20260505_112609.npz
wxg0901,wxg-0901,left,20260505,4,20260505_112824,wxg0901_0505_left,wxg-0901__20260505-left-4__20260505_112824.npz
wxg0901,wxg-0901,left,20260505,4,20260505_113039,wxg0901_0505_left,wxg-0901__20260505-left-4__20260505_113039.npz
wxg0901,wxg-0901,left,20260505,4,20260505_113253,wxg0901_0505_left,wxg-0901__20260505-left-4__20260505_113253.npz
wxg0901,wxg-0901,left,20260505,4,20260505_113507,wxg0901_0505_left,wxg-0901__20260505-left-4__20260505_113507.npz
wxg0901,wxg-0901,left,20260505,4,20260505_113720,wxg0901_0505_left,wxg-0901__20260505-left-4__20260505_113720.npz
wxg0901,wxg-0901,left,20260505,4,20260505_113935,wxg0901_0505_left,wxg-0901__20260505-left-4__20260505_113935.npz
wxg0901,wxg-0901,left,20260505,4,20260505_114153,wxg0901_0505_left,wxg-0901__20260505-left-4__20260505_114153.npz
wxg0901,wxg-0901,left,20260505,4,20260505_114408,wxg0901_0505_left,wxg-0901__20260505-left-4__20260505_114408.npz
wxg0901,wxg-0901,left,20260505,4,20260505_114650,wxg0901_0505_left,wxg-0901__20260505-left-4__20260505_114650.npz
wxg0901,wxg-0901,left,20260505,5,20260505_131836,wxg0901_0505_left,wxg-0901__20260505-left-5__20260505_131836.npz
wxg0901,wxg-0901,left,20260505,5,20260505_132051,wxg0901_0505_left,wxg-0901__20260505-left-5__20260505_132051.npz
wxg0901,wxg-0901,left,20260505,6,20260505_132405,wxg0901_0505_left,wxg-0901__20260505-left-6__20260505_132405.npz
wxg0901,wxg-0901,left,20260505,6,20260505_132617,wxg0901_0505_left,wxg-0901__20260505-left-6__20260505_132617.npz
wxg0901,wxg-0901,left,20260505,6,20260505_132831,wxg0901_0505_left,wxg-0901__20260505-left-6__20260505_132831.npz
wxg0901,wxg-0901,left,20260505,6,20260505_133048,wxg0901_0505_left,wxg-0901__20260505-left-6__20260505_133048.npz
wxg0901,wxg-0901,left,20260505,6,20260505_133300,wxg0901_0505_left,wxg-0901__20260505-left-6__20260505_133300.npz
wxg0901,wxg-0901,left,20260505,6,20260505_133512,wxg0901_0505_left,wxg-0901__20260505-left-6__20260505_133512.npz
wxg0901,wxg-0901,left,20260505,6,20260505_133728,wxg0901_0505_left,wxg-0901__20260505-left-6__20260505_133728.npz
wxg0901,wxg-0901,left,20260505,6,20260505_133941,wxg0901_0505_left,wxg-0901__20260505-left-6__20260505_133941.npz
wxg0901,wxg-0901,left,20260505,6,20260505_134154,wxg0901_0505_left,wxg-0901__20260505-left-6__20260505_134154.npz
wxg0901,wxg-0901,left,20260505,6,20260505_134408,wxg0901_0505_left,wxg-0901__20260505-left-6__20260505_134408.npz
wxg0901,wxg-0901,left,20260505,6,20260505_134623,wxg0901_0505_left,wxg-0901__20260505-left-6__20260505_134623.npz
wxg0901,wxg-0901,left,20260505,6,20260505_134838,wxg0901_0505_left,wxg-0901__20260505-left-6__20260505_134838.npz
wxg0901,wxg-0901,left,20260505,6,20260505_135052,wxg0901_0505_left,wxg-0901__20260505-left-6__20260505_135052.npz
wxg0901,wxg-0901,left,20260505,6,20260505_135306,wxg0901_0505_left,wxg-0901__20260505-left-6__20260505_135306.npz
wxg0901,wxg-0901,left,20260505,6,20260505_135520,wxg0901_0505_left,wxg-0901__20260505-left-6__20260505_135520.npz
wxg0901,wxg-0901,left,20260505,7,20260505_140834,wxg0901_0505_left,wxg-0901__20260505-left-7__20260505_140834.npz
wxg0901,wxg-0901,left,20260505,7,20260505_141048,wxg0901_0505_left,wxg-0901__20260505-left-7__20260505_141048.npz
wxg0901,wxg-0901,left,20260505,7,20260505_141303,wxg0901_0505_left,wxg-0901__20260505-left-7__20260505_141303.npz
wxg0901,wxg-0901,left,20260505,7,20260505_141532,wxg0901_0505_left,wxg-0901__20260505-left-7__20260505_141532.npz
wxg0901,wxg-0901,left,20260505,7,20260505_141745,wxg0901_0505_left,wxg-0901__20260505-left-7__20260505_141745.npz
wxg0901,wxg-0901,left,20260505,7,20260505_141958,wxg0901_0505_left,wxg-0901__20260505-left-7__20260505_141958.npz
wxg0901,wxg-0901,left,20260505,7,20260505_142211,wxg0901_0505_left,wxg-0901__20260505-left-7__20260505_142211.npz
wxg0901,wxg-0901,left,20260505,7,20260505_142427,wxg0901_0505_left,wxg-0901__20260505-left-7__20260505_142427.npz
wxg0901,wxg-0901,left,20260505,7,20260505_142641,wxg0901_0505_left,wxg-0901__20260505-left-7__20260505_142641.npz
wxg0901,wxg-0901,left,20260505,7,20260505_142856,wxg0901_0505_left,wxg-0901__20260505-left-7__20260505_142856.npz
wxg0901,wxg-0901,left,20260505,8,20260505_150456,wxg0901_0505_left,wxg-0901__20260505-left-8__20260505_150456.npz
wxg0901,wxg-0901,left,20260505,8,20260505_150709,wxg0901_0505_left,wxg-0901__20260505-left-8__20260505_150709.npz
wxg0901,wxg-0901,left,20260505,8,20260505_150922,wxg0901_0505_left,wxg-0901__20260505-left-8__20260505_150922.npz
wxg0901,wxg-0901,left,20260505,8,20260505_151137,wxg0901_0505_left,wxg-0901__20260505-left-8__20260505_151137.npz
wxg0901,wxg-0901,left,20260505,8,20260505_151351,wxg0901_0505_left,wxg-0901__20260505-left-8__20260505_151351.npz
wxg0901,wxg-0901,left,20260505,8,20260505_151605,wxg0901_0505_left,wxg-0901__20260505-left-8__20260505_151605.npz
wxg0901,wxg-0901,left,20260505,8,20260505_151818,wxg0901_0505_left,wxg-0901__20260505-left-8__20260505_151818.npz
wxg0901,wxg-0901,left,20260505,8,20260505_152031,wxg0901_0505_left,wxg-0901__20260505-left-8__20260505_152031.npz
wxg0901,wxg-0901,left,20260505,8,20260505_152246,wxg0901_0505_left,wxg-0901__20260505-left-8__20260505_152246.npz
wxg0901,wxg-0901,left,20260505,8,20260505_152500,wxg0901_0505_left,wxg-0901__20260505-left-8__20260505_152500.npz
wxg0901,wxg-0901,left,20260505,8,20260505_152713,wxg0901_0505_left,wxg-0901__20260505-left-8__20260505_152713.npz
wxg0901,wxg-0901,left,20260505,8,20260505_152925,wxg0901_0505_left,wxg-0901__20260505-left-8__20260505_152925.npz
wxg0901,wxg-0901,left,20260505,8,20260505_153140,wxg0901_0505_left,wxg-0901__20260505-left-8__20260505_153140.npz
wxg0901,wxg-0901,left,20260505,8,20260505_153356,wxg0901_0505_left,wxg-0901__20260505-left-8__20260505_153356.npz
wxg0901,wxg-0901,left,20260505,8,20260505_153608,wxg0901_0505_left,wxg-0901__20260505-left-8__20260505_153608.npz
wxg0901,wxg-0901,left,20260505,9,20260505_154656,wxg0901_0505_left,wxg-0901__20260505-left-9__20260505_154656.npz
wxg0901,wxg-0901,left,20260505,9,20260505_154910,wxg0901_0505_left,wxg-0901__20260505-left-9__20260505_154910.npz
wxg0901,wxg-0901,left,20260505,9,20260505_155122,wxg0901_0505_left,wxg-0901__20260505-left-9__20260505_155122.npz
wxg0901,wxg-0901,left,20260505,9,20260505_155337,wxg0901_0505_left,wxg-0901__20260505-left-9__20260505_155337.npz
wxg0901,wxg-0901,left,20260505,9,20260505_155550,wxg0901_0505_left,wxg-0901__20260505-left-9__20260505_155550.npz
wxg0901,wxg-0901,left,20260505,9,20260505_155805,wxg0901_0505_left,wxg-0901__20260505-left-9__20260505_155805.npz
wxg0901,wxg-0901,left,20260505,9,20260505_160018,wxg0901_0505_left,wxg-0901__20260505-left-9__20260505_160018.npz
wxg0901,wxg-0901,left,20260505,9,20260505_160230,wxg0901_0505_left,wxg-0901__20260505-left-9__20260505_160230.npz
wxg0901,wxg-0901,left,20260505,9,20260505_160443,wxg0901_0505_left,wxg-0901__20260505-left-9__20260505_160443.npz
wxg0901,wxg-0901,left,20260505,,20260505_102326,wxg0901_0505_left,wxg-0901__20260505-left__20260505_102326.npz
wxg0901,wxg-0901,left,20260505,,20260505_102541,wxg0901_0505_left,wxg-0901__20260505-left__20260505_102541.npz
wxg0901,wxg-0901,left,20260505,,20260505_102756,wxg0901_0505_left,wxg-0901__20260505-left__20260505_102756.npz
wxg0901,wxg-0901,left,20260505,,20260505_103011,wxg0901_0505_left,wxg-0901__20260505-left__20260505_103011.npz
wxg0901,wxg-0901,left,20260505,,20260505_103225,wxg0901_0505_left,wxg-0901__20260505-left__20260505_103225.npz
wyl0101,wyl-0101,left,20260502,10,20260502_162417,wyl0101_0502_left,wyl-0101__20260502-left-10__20260502_162417.npz
wyl0101,wyl-0101,left,20260502,10,20260502_162634,wyl0101_0502_left,wyl-0101__20260502-left-10__20260502_162634.npz
wyl0101,wyl-0101,left,20260502,10,20260502_162853,wyl0101_0502_left,wyl-0101__20260502-left-10__20260502_162853.npz
wyl0101,wyl-0101,left,20260502,10,20260502_163112,wyl0101_0502_left,wyl-0101__20260502-left-10__20260502_163112.npz
wyl0101,wyl-0101,left,20260502,10,20260502_163328,wyl0101_0502_left,wyl-0101__20260502-left-10__20260502_163328.npz
wyl0101,wyl-0101,left,20260502,10,20260502_163545,wyl0101_0502_left,wyl-0101__20260502-left-10__20260502_163545.npz
wyl0101,wyl-0101,left,20260502,10,20260502_163802,wyl0101_0502_left,wyl-0101__20260502-left-10__20260502_163802.npz
wyl0101,wyl-0101,left,20260502,10,20260502_164030,wyl0101_0502_left,wyl-0101__20260502-left-10__20260502_164030.npz
wyl0101,wyl-0101,left,20260502,10,20260502_164411,wyl0101_0502_left,wyl-0101__20260502-left-10__20260502_164411.npz
wyl0101,wyl-0101,left,20260502,10,20260502_164651,wyl0101_0502_left,wyl-0101__20260502-left-10__20260502_164651.npz
wyl0101,wyl-0101,left,20260502,10,20260502_164910,wyl0101_0502_left,wyl-0101__20260502-left-10__20260502_164910.npz
wyl0101,wyl-0101,left,20260502,10,20260502_165125,wyl0101_0502_left,wyl-0101__20260502-left-10__20260502_165125.npz
wyl0101,wyl-0101,left,20260502,10,20260502_165348,wyl0101_0502_left,wyl-0101__20260502-left-10__20260502_165348.npz
wyl0101,wyl-0101,left,20260502,10,20260502_165609,wyl0101_0502_left,wyl-0101__20260502-left-10__20260502_165609.npz
wyl0101,wyl-0101,left,20260502,10,20260502_165832,wyl0101_0502_left,wyl-0101__20260502-left-10__20260502_165832.npz
wyl0101,wyl-0101,left,20260502,10,20260502_170107,wyl0101_0502_left,wyl-0101__20260502-left-10__20260502_170107.npz
wyl0101,wyl-0101,left,20260502,10,20260502_170327,wyl0101_0502_left,wyl-0101__20260502-left-10__20260502_170327.npz
wyl0101,wyl-0101,left,20260502,10,20260502_170549,wyl0101_0502_left,wyl-0101__20260502-left-10__20260502_170549.npz
wyl0101,wyl-0101,left,20260502,10,20260502_170810,wyl0101_0502_left,wyl-0101__20260502-left-10__20260502_170810.npz
wyl0101,wyl-0101,left,20260502,10,20260502_171030,wyl0101_0502_left,wyl-0101__20260502-left-10__20260502_171030.npz
wyl0101,wyl-0101,left,20260502,11,20260502_174204,wyl0101_0502_left,wyl-0101__20260502-left-11__20260502_174204.npz
wyl0101,wyl-0101,left,20260502,11,20260502_174420,wyl0101_0502_left,wyl-0101__20260502-left-11__20260502_174420.npz
wyl0101,wyl-0101,left,20260502,11,20260502_174635,wyl0101_0502_left,wyl-0101__20260502-left-11__20260502_174635.npz
wyl0101,wyl-0101,left,20260502,11,20260502_174852,wyl0101_0502_left,wyl-0101__20260502-left-11__20260502_174852.npz
wyl0101,wyl-0101,left,20260502,11,20260502_175109,wyl0101_0502_left,wyl-0101__20260502-left-11__20260502_175109.npz
wyl0101,wyl-0101,left,20260502,11,20260502_175324,wyl0101_0502_left,wyl-0101__20260502-left-11__20260502_175324.npz
wyl0101,wyl-0101,left,20260502,11,20260502_175539,wyl0101_0502_left,wyl-0101__20260502-left-11__20260502_175539.npz
wyl0101,wyl-0101,left,20260502,11,20260502_175754,wyl0101_0502_left,wyl-0101__20260502-left-11__20260502_175754.npz
wyl0101,wyl-0101,left,20260502,11,20260502_180014,wyl0101_0502_left,wyl-0101__20260502-left-11__20260502_180014.npz
wyl0101,wyl-0101,left,20260502,11,20260502_180316,wyl0101_0502_left,wyl-0101__20260502-left-11__20260502_180316.npz
wyl0101,wyl-0101,left,20260502,11,20260502_180549,wyl0101_0502_left,wyl-0101__20260502-left-11__20260502_180549.npz
wyl0101,wyl-0101,left,20260502,12,20260502_180820,wyl0101_0502_left,wyl-0101__20260502-left-12__20260502_180820.npz
wyl0101,wyl-0101,left,20260502,12,20260502_181039,wyl0101_0502_left,wyl-0101__20260502-left-12__20260502_181039.npz
wyl0101,wyl-0101,left,20260502,12,20260502_181254,wyl0101_0502_left,wyl-0101__20260502-left-12__20260502_181254.npz
wyl0101,wyl-0101,left,20260502,12,20260502_181510,wyl0101_0502_left,wyl-0101__20260502-left-12__20260502_181510.npz
wyl0101,wyl-0101,left,20260502,12,20260502_181726,wyl0101_0502_left,wyl-0101__20260502-left-12__20260502_181726.npz
wyl0101,wyl-0101,left,20260502,12,20260502_181943,wyl0101_0502_left,wyl-0101__20260502-left-12__20260502_181943.npz
wyl0101,wyl-0101,left,20260502,12,20260502_182222,wyl0101_0502_left,wyl-0101__20260502-left-12__20260502_182222.npz
wyl0101,wyl-0101,left,20260502,12,20260502_182440,wyl0101_0502_left,wyl-0101__20260502-left-12__20260502_182440.npz
wyl0101,wyl-0101,left,20260502,12,20260502_182844,wyl0101_0502_left,wyl-0101__20260502-left-12__20260502_182844.npz
wyl0101,wyl-0101,left,20260502,12,20260502_183106,wyl0101_0502_left,wyl-0101__20260502-left-12__20260502_183106.npz
wyl0101,wyl-0101,left,20260502,12,20260502_183323,wyl0101_0502_left,wyl-0101__20260502-left-12__20260502_183323.npz
wyl0101,wyl-0101,left,20260502,12,20260502_183547,wyl0101_0502_left,wyl-0101__20260502-left-12__20260502_183547.npz
wyl0101,wyl-0101,left,20260502,12,20260502_183808,wyl0101_0502_left,wyl-0101__20260502-left-12__20260502_183808.npz
wyl0101,wyl-0101,left,20260502,12,20260502_184029,wyl0101_0502_left,wyl-0101__20260502-left-12__20260502_184029.npz
wyl0101,wyl-0101,left,20260502,2,20260502_114015,wyl0101_0502_left,wyl-0101__20260502-left-2__20260502_114015.npz
wyl0101,wyl-0101,left,20260502,2,20260502_114236,wyl0101_0502_left,wyl-0101__20260502-left-2__20260502_114236.npz
wyl0101,wyl-0101,left,20260502,2,20260502_114506,wyl0101_0502_left,wyl-0101__20260502-left-2__20260502_114506.npz
wyl0101,wyl-0101,left,20260502,3,20260502_114952,wyl0101_0502_left,wyl-0101__20260502-left-3__20260502_114952.npz
wyl0101,wyl-0101,left,20260502,3,20260502_115325,wyl0101_0502_left,wyl-0101__20260502-left-3__20260502_115325.npz
wyl0101,wyl-0101,left,20260502,3,20260502_115543,wyl0101_0502_left,wyl-0101__20260502-left-3__20260502_115543.npz
wyl0101,wyl-0101,left,20260502,3,20260502_115802,wyl0101_0502_left,wyl-0101__20260502-left-3__20260502_115802.npz
wyl0101,wyl-0101,left,20260502,3,20260502_120017,wyl0101_0502_left,wyl-0101__20260502-left-3__20260502_120017.npz
wyl0101,wyl-0101,left,20260502,4,20260502_131600,wyl0101_0502_left,wyl-0101__20260502-left-4__20260502_131600.npz
wyl0101,wyl-0101,left,20260502,4,20260502_131817,wyl0101_0502_left,wyl-0101__20260502-left-4__20260502_131817.npz
wyl0101,wyl-0101,left,20260502,4,20260502_132033,wyl0101_0502_left,wyl-0101__20260502-left-4__20260502_132033.npz
wyl0101,wyl-0101,left,20260502,4,20260502_132249,wyl0101_0502_left,wyl-0101__20260502-left-4__20260502_132249.npz
wyl0101,wyl-0101,left,20260502,4,20260502_132509,wyl0101_0502_left,wyl-0101__20260502-left-4__20260502_132509.npz
wyl0101,wyl-0101,left,20260502,4,20260502_132728,wyl0101_0502_left,wyl-0101__20260502-left-4__20260502_132728.npz
wyl0101,wyl-0101,left,20260502,4,20260502_132944,wyl0101_0502_left,wyl-0101__20260502-left-4__20260502_132944.npz
wyl0101,wyl-0101,left,20260502,4,20260502_133206,wyl0101_0502_left,wyl-0101__20260502-left-4__20260502_133206.npz
wyl0101,wyl-0101,left,20260502,4,20260502_133508,wyl0101_0502_left,wyl-0101__20260502-left-4__20260502_133508.npz
wyl0101,wyl-0101,left,20260502,5,20260502_133916,wyl0101_0502_left,wyl-0101__20260502-left-5__20260502_133916.npz
wyl0101,wyl-0101,left,20260502,5,20260502_134134,wyl0101_0502_left,wyl-0101__20260502-left-5__20260502_134134.npz
wyl0101,wyl-0101,left,20260502,5,20260502_134513,wyl0101_0502_left,wyl-0101__20260502-left-5__20260502_134513.npz
wyl0101,wyl-0101,left,20260502,6,20260502_135021,wyl0101_0502_left,wyl-0101__20260502-left-6__20260502_135021.npz
wyl0101,wyl-0101,left,20260502,6,20260502_135237,wyl0101_0502_left,wyl-0101__20260502-left-6__20260502_135237.npz
wyl0101,wyl-0101,left,20260502,6,20260502_135455,wyl0101_0502_left,wyl-0101__20260502-left-6__20260502_135455.npz
wyl0101,wyl-0101,left,20260502,6,20260502_135716,wyl0101_0502_left,wyl-0101__20260502-left-6__20260502_135716.npz
wyl0101,wyl-0101,left,20260502,6,20260502_135932,wyl0101_0502_left,wyl-0101__20260502-left-6__20260502_135932.npz
wyl0101,wyl-0101,left,20260502,6,20260502_140155,wyl0101_0502_left,wyl-0101__20260502-left-6__20260502_140155.npz
wyl0101,wyl-0101,left,20260502,6,20260502_140423,wyl0101_0502_left,wyl-0101__20260502-left-6__20260502_140423.npz
wyl0101,wyl-0101,left,20260502,6,20260502_140644,wyl0101_0502_left,wyl-0101__20260502-left-6__20260502_140644.npz
wyl0101,wyl-0101,left,20260502,7,20260502_143848,wyl0101_0502_left,wyl-0101__20260502-left-7__20260502_143848.npz
wyl0101,wyl-0101,left,20260502,7,20260502_144123,wyl0101_0502_left,wyl-0101__20260502-left-7__20260502_144123.npz
wyl0101,wyl-0101,left,20260502,8,20260502_144928,wyl0101_0502_left,wyl-0101__20260502-left-8__20260502_144928.npz
wyl0101,wyl-0101,left,20260502,8,20260502_145209,wyl0101_0502_left,wyl-0101__20260502-left-8__20260502_145209.npz
wyl0101,wyl-0101,left,20260502,8,20260502_145512,wyl0101_0502_left,wyl-0101__20260502-left-8__20260502_145512.npz
wyl0101,wyl-0101,left,20260502,8,20260502_145750,wyl0101_0502_left,wyl-0101__20260502-left-8__20260502_145750.npz
wyl0101,wyl-0101,left,20260502,8,20260502_150051,wyl0101_0502_left,wyl-0101__20260502-left-8__20260502_150051.npz
wyl0101,wyl-0101,left,20260502,8,20260502_150310,wyl0101_0502_left,wyl-0101__20260502-left-8__20260502_150310.npz
wyl0101,wyl-0101,left,20260502,8,20260502_150535,wyl0101_0502_left,wyl-0101__20260502-left-8__20260502_150535.npz
wyl0101,wyl-0101,left,20260502,8,20260502_151107,wyl0101_0502_left,wyl-0101__20260502-left-8__20260502_151107.npz
wyl0101,wyl-0101,left,20260502,9,20260502_153448,wyl0101_0502_left,wyl-0101__20260502-left-9__20260502_153448.npz
wyl0101,wyl-0101,left,20260502,9,20260502_153709,wyl0101_0502_left,wyl-0101__20260502-left-9__20260502_153709.npz
wyl0101,wyl-0101,left,20260502,9,20260502_153926,wyl0101_0502_left,wyl-0101__20260502-left-9__20260502_153926.npz
wyl0101,wyl-0101,left,20260502,9,20260502_154220,wyl0101_0502_left,wyl-0101__20260502-left-9__20260502_154220.npz
wyl0101,wyl-0101,left,20260502,9,20260502_154437,wyl0101_0502_left,wyl-0101__20260502-left-9__20260502_154437.npz
wyl0101,wyl-0101,left,20260502,9,20260502_154653,wyl0101_0502_left,wyl-0101__20260502-left-9__20260502_154653.npz
wyl0101,wyl-0101,left,20260502,9,20260502_154944,wyl0101_0502_left,wyl-0101__20260502-left-9__20260502_154944.npz
wyl0101,wyl-0101,left,20260502,9,20260502_155357,wyl0101_0502_left,wyl-0101__20260502-left-9__20260502_155357.npz
wyl0101,wyl-0101,left,20260502,9,20260502_155615,wyl0101_0502_left,wyl-0101__20260502-left-9__20260502_155615.npz
wyl0101,wyl-0101,left,20260502,9,20260502_155901,wyl0101_0502_left,wyl-0101__20260502-left-9__20260502_155901.npz
wyl0101,wyl-0101,left,20260502,9,20260502_160118,wyl0101_0502_left,wyl-0101__20260502-left-9__20260502_160118.npz
wyl0101,wyl-0101,left,20260502,9,20260502_160336,wyl0101_0502_left,wyl-0101__20260502-left-9__20260502_160336.npz
wyl0101,wyl-0101,left,20260502,9,20260502_160554,wyl0101_0502_left,wyl-0101__20260502-left-9__20260502_160554.npz
wyl0101,wyl-0101,left,20260502,9,20260502_160811,wyl0101_0502_left,wyl-0101__20260502-left-9__20260502_160811.npz
wyl0101,wyl-0101,left,20260502,9,20260502_161030,wyl0101_0502_left,wyl-0101__20260502-left-9__20260502_161030.npz
wyl0101,wyl-0101,left,20260502,9,20260502_161248,wyl0101_0502_left,wyl-0101__20260502-left-9__20260502_161248.npz
wyl0101,wyl-0101,left,20260502,9,20260502_161511,wyl0101_0502_left,wyl-0101__20260502-left-9__20260502_161511.npz
wyl0101,wyl-0101,left,20260502,,20260502_104648,wyl0101_0502_left,wyl-0101__20260502-left__20260502_104648.npz
wyl0101,wyl-0101,left,20260502,,20260502_104928,wyl0101_0502_left,wyl-0101__20260502-left__20260502_104928.npz
wyl0101,wyl-0101,left,20260502,,20260502_105217,wyl0101_0502_left,wyl-0101__20260502-left__20260502_105217.npz
wyl0101,wyl-0101,left,20260502,,20260502_105534,wyl0101_0502_left,wyl-0101__20260502-left__20260502_105534.npz
wyl0101,wyl-0101,left,20260502,,20260502_105800,wyl0101_0502_left,wyl-0101__20260502-left__20260502_105800.npz
wyl0101,wyl-0101,left,20260502,,20260502_110027,wyl0101_0502_left,wyl-0101__20260502-left__20260502_110027.npz
wyl0101,wyl-0101,left,20260502,,20260502_110327,wyl0101_0502_left,wyl-0101__20260502-left__20260502_110327.npz
wyl0101,wyl-0101,left,20260502,,20260502_110555,wyl0101_0502_left,wyl-0101__20260502-left__20260502_110555.npz
wyl0101,wyl-0101,left,20260502,,20260502_110815,wyl0101_0502_left,wyl-0101__20260502-left__20260502_110815.npz
wyl0101,wyl-0101,left,20260502,,20260502_111247,wyl0101_0502_left,wyl-0101__20260502-left__20260502_111247.npz
wyl0101,wyl-0101,left,20260502,,20260502_111509,wyl0101_0502_left,wyl-0101__20260502-left__20260502_111509.npz
wyl0101,wyl-0101,left,20260502,,20260502_111731,wyl0101_0502_left,wyl-0101__20260502-left__20260502_111731.npz
wyl0101,wyl-0101,left,20260502,,20260502_111953,wyl0101_0502_left,wyl-0101__20260502-left__20260502_111953.npz
wyl0101,wyl-0101,left,20260502,,20260502_112233,wyl0101_0502_left,wyl-0101__20260502-left__20260502_112233.npz
wyl0101,wyl-0101,left,20260502,,20260502_112453,wyl0101_0502_left,wyl-0101__20260502-left__20260502_112453.npz
wyl0101,wyl-0101,left,20260502,,20260502_112715,wyl0101_0502_left,wyl-0101__20260502-left__20260502_112715.npz
wyl0101,wyl-0101,left,20260502,,20260502_112937,wyl0101_0502_left,wyl-0101__20260502-left__20260502_112937.npz
wyl0101,wyl-0101,left,20260502,,20260502_113156,wyl0101_0502_left,wyl-0101__20260502-left__20260502_113156.npz
wyl0101,wyl-0101,left,20260502,,20260502_113413,wyl0101_0502_left,wyl-0101__20260502-left__20260502_113413.npz
wyl0101,wyl-0101,left,20260502,,20260502_113657,wyl0101_0502_left,wyl-0101__20260502-left__20260502_113657.npz
wyl0101,wyl-0101,left,20260503,2,20260503_113452,wyl0101_0503_left,wyl-0101__20260503-left-2__20260503_113452.npz
wyl0101,wyl-0101,left,20260503,2,20260503_113711,wyl0101_0503_left,wyl-0101__20260503-left-2__20260503_113711.npz
wyl0101,wyl-0101,left,20260503,2,20260503_113953,wyl0101_0503_left,wyl-0101__20260503-left-2__20260503_113953.npz
wyl0101,wyl-0101,left,20260503,2,20260503_114206,wyl0101_0503_left,wyl-0101__20260503-left-2__20260503_114206.npz
wyl0101,wyl-0101,left,20260503,2,20260503_114424,wyl0101_0503_left,wyl-0101__20260503-left-2__20260503_114424.npz
wyl0101,wyl-0101,left,20260503,2,20260503_114637,wyl0101_0503_left,wyl-0101__20260503-left-2__20260503_114637.npz
wyl0101,wyl-0101,left,20260503,2,20260503_114850,wyl0101_0503_left,wyl-0101__20260503-left-2__20260503_114850.npz
wyl0101,wyl-0101,left,20260503,2,20260503_115104,wyl0101_0503_left,wyl-0101__20260503-left-2__20260503_115104.npz
wyl0101,wyl-0101,left,20260503,2,20260503_115319,wyl0101_0503_left,wyl-0101__20260503-left-2__20260503_115319.npz
wyl0101,wyl-0101,left,20260503,2,20260503_115542,wyl0101_0503_left,wyl-0101__20260503-left-2__20260503_115542.npz
wyl0101,wyl-0101,left,20260503,3,20260503_130949,wyl0101_0503_left,wyl-0101__20260503-left-3__20260503_130949.npz
wyl0101,wyl-0101,left,20260503,3,20260503_131206,wyl0101_0503_left,wyl-0101__20260503-left-3__20260503_131206.npz
wyl0101,wyl-0101,left,20260503,4,20260503_134020,wyl0101_0503_left,wyl-0101__20260503-left-4__20260503_134020.npz
wyl0101,wyl-0101,left,20260503,4,20260503_134236,wyl0101_0503_left,wyl-0101__20260503-left-4__20260503_134236.npz
wyl0101,wyl-0101,left,20260503,4,20260503_134506,wyl0101_0503_left,wyl-0101__20260503-left-4__20260503_134506.npz
wyl0101,wyl-0101,left,20260503,4,20260503_134722,wyl0101_0503_left,wyl-0101__20260503-left-4__20260503_134722.npz
wyl0101,wyl-0101,left,20260503,4,20260503_134940,wyl0101_0503_left,wyl-0101__20260503-left-4__20260503_134940.npz
wyl0101,wyl-0101,left,20260503,4,20260503_135202,wyl0101_0503_left,wyl-0101__20260503-left-4__20260503_135202.npz
wyl0101,wyl-0101,left,20260503,4,20260503_135427,wyl0101_0503_left,wyl-0101__20260503-left-4__20260503_135427.npz
wyl0101,wyl-0101,left,20260503,4,20260503_135714,wyl0101_0503_left,wyl-0101__20260503-left-4__20260503_135714.npz
wyl0101,wyl-0101,left,20260503,4,20260503_135936,wyl0101_0503_left,wyl-0101__20260503-left-4__20260503_135936.npz
wyl0101,wyl-0101,left,20260503,4,20260503_140156,wyl0101_0503_left,wyl-0101__20260503-left-4__20260503_140156.npz
wyl0101,wyl-0101,left,20260503,4,20260503_140414,wyl0101_0503_left,wyl-0101__20260503-left-4__20260503_140414.npz
wyl0101,wyl-0101,left,20260503,4,20260503_140702,wyl0101_0503_left,wyl-0101__20260503-left-4__20260503_140702.npz
wyl0101,wyl-0101,left,20260503,4,20260503_140921,wyl0101_0503_left,wyl-0101__20260503-left-4__20260503_140921.npz
wyl0101,wyl-0101,left,20260503,4,20260503_141140,wyl0101_0503_left,wyl-0101__20260503-left-4__20260503_141140.npz
wyl0101,wyl-0101,left,20260503,4,20260503_141353,wyl0101_0503_left,wyl-0101__20260503-left-4__20260503_141353.npz
wyl0101,wyl-0101,left,20260503,4,20260503_141609,wyl0101_0503_left,wyl-0101__20260503-left-4__20260503_141609.npz
wyl0101,wyl-0101,left,20260503,4,20260503_141830,wyl0101_0503_left,wyl-0101__20260503-left-4__20260503_141830.npz
wyl0101,wyl-0101,left,20260503,4,20260503_142153,wyl0101_0503_left,wyl-0101__20260503-left-4__20260503_142153.npz
wyl0101,wyl-0101,left,20260503,5,20260503_145321,wyl0101_0503_left,wyl-0101__20260503-left-5__20260503_145321.npz
wyl0101,wyl-0101,left,20260503,5,20260503_145537,wyl0101_0503_left,wyl-0101__20260503-left-5__20260503_145537.npz
wyl0101,wyl-0101,left,20260503,5,20260503_145756,wyl0101_0503_left,wyl-0101__20260503-left-5__20260503_145756.npz
wyl0101,wyl-0101,left,20260503,5,20260503_150013,wyl0101_0503_left,wyl-0101__20260503-left-5__20260503_150013.npz
wyl0101,wyl-0101,left,20260503,5,20260503_150229,wyl0101_0503_left,wyl-0101__20260503-left-5__20260503_150229.npz
wyl0101,wyl-0101,left,20260503,5,20260503_150511,wyl0101_0503_left,wyl-0101__20260503-left-5__20260503_150511.npz
wyl0101,wyl-0101,left,20260503,5,20260503_150731,wyl0101_0503_left,wyl-0101__20260503-left-5__20260503_150731.npz
wyl0101,wyl-0101,left,20260503,6,20260503_151231,wyl0101_0503_left,wyl-0101__20260503-left-6__20260503_151231.npz
wyl0101,wyl-0101,left,20260503,6,20260503_151448,wyl0101_0503_left,wyl-0101__20260503-left-6__20260503_151448.npz
wyl0101,wyl-0101,left,20260503,6,20260503_151705,wyl0101_0503_left,wyl-0101__20260503-left-6__20260503_151705.npz
wyl0101,wyl-0101,left,20260503,6,20260503_151920,wyl0101_0503_left,wyl-0101__20260503-left-6__20260503_151920.npz
wyl0101,wyl-0101,left,20260503,6,20260503_152137,wyl0101_0503_left,wyl-0101__20260503-left-6__20260503_152137.npz
wyl0101,wyl-0101,left,20260503,6,20260503_152410,wyl0101_0503_left,wyl-0101__20260503-left-6__20260503_152410.npz
wyl0101,wyl-0101,left,20260503,6,20260503_152627,wyl0101_0503_left,wyl-0101__20260503-left-6__20260503_152627.npz
wyl0101,wyl-0101,left,20260503,6,20260503_152845,wyl0101_0503_left,wyl-0101__20260503-left-6__20260503_152845.npz
wyl0101,wyl-0101,left,20260503,,20260503_103657,wyl0101_0503_left,wyl-0101__20260503-left__20260503_103657.npz
wyl0101,wyl-0101,left,20260503,,20260503_103913,wyl0101_0503_left,wyl-0101__20260503-left__20260503_103913.npz
wyl0101,wyl-0101,left,20260503,,20260503_104206,wyl0101_0503_left,wyl-0101__20260503-left__20260503_104206.npz
wyl0101,wyl-0101,left,20260503,,20260503_104434,wyl0101_0503_left,wyl-0101__20260503-left__20260503_104434.npz
wyl0101,wyl-0101,left,20260503,,20260503_104653,wyl0101_0503_left,wyl-0101__20260503-left__20260503_104653.npz
wyl0101,wyl-0101,left,20260503,,20260503_104909,wyl0101_0503_left,wyl-0101__20260503-left__20260503_104909.npz
wyl0101,wyl-0101,left,20260503,,20260503_105126,wyl0101_0503_left,wyl-0101__20260503-left__20260503_105126.npz
wyl0101,wyl-0101,left,20260503,,20260503_105350,wyl0101_0503_left,wyl-0101__20260503-left__20260503_105350.npz
wyl0101,wyl-0101,left,20260503,,20260503_105606,wyl0101_0503_left,wyl-0101__20260503-left__20260503_105606.npz
wyl0101,wyl-0101,left,20260503,,20260503_105845,wyl0101_0503_left,wyl-0101__20260503-left__20260503_105845.npz
wyl0101,wyl-0101,left,20260503,,20260503_110112,wyl0101_0503_left,wyl-0101__20260503-left__20260503_110112.npz
wyl0101,wyl-0101,left,20260503,,20260503_110328,wyl0101_0503_left,wyl-0101__20260503-left__20260503_110328.npz
wyl0101,wyl-0101,left,20260503,,20260503_110746,wyl0101_0503_left,wyl-0101__20260503-left__20260503_110746.npz
wyl0101,wyl-0101,left,20260503,,20260503_111003,wyl0101_0503_left,wyl-0101__20260503-left__20260503_111003.npz
wyl0101,wyl-0101,left,20260503,,20260503_111223,wyl0101_0503_left,wyl-0101__20260503-left__20260503_111223.npz
wyl0101,wyl-0101,left,20260503,,20260503_111437,wyl0101_0503_left,wyl-0101__20260503-left__20260503_111437.npz
wyl0101,wyl-0101,left,20260503,,20260503_111715,wyl0101_0503_left,wyl-0101__20260503-left__20260503_111715.npz
wyl0101,wyl-0101,left,20260503,,20260503_112008,wyl0101_0503_left,wyl-0101__20260503-left__20260503_112008.npz
wyl0101,wyl-0101,left,20260503,,20260503_112235,wyl0101_0503_left,wyl-0101__20260503-left__20260503_112235.npz
wyl0101,wyl-0101,left,20260503,,20260503_112454,wyl0101_0503_left,wyl-0101__20260503-left__20260503_112454.npz
wyl0101,wyl-0101,left,20260504,2_v71,20260504_182806,wyl0101_0504_left,wyl-0101__20260504-left-2_v71__20260504_182806.npz
wyl0101,wyl-0101,left,20260504,2_v71,20260504_183019,wyl0101_0504_left,wyl-0101__20260504-left-2_v71__20260504_183019.npz
wyl0101,wyl-0101,left,20260504,2_v71,20260504_183232,wyl0101_0504_left,wyl-0101__20260504-left-2_v71__20260504_183232.npz
wyl0101,wyl-0101,left,20260504,2_v71,20260504_183534,wyl0101_0504_left,wyl-0101__20260504-left-2_v71__20260504_183534.npz
wyl0101,wyl-0101,left,20260504,2_v71,20260504_183751,wyl0101_0504_left,wyl-0101__20260504-left-2_v71__20260504_183751.npz
wyl0101,wyl-0101,left,20260504,2_v71,20260504_184013,wyl0101_0504_left,wyl-0101__20260504-left-2_v71__20260504_184013.npz
wyl0101,wyl-0101,left_v71,20260504,,20260504_181456,wyl0101_0504_left,wyl-0101__20260504-left_v71__20260504_181456.npz
wyl0101,wyl-0101,left_v71,20260504,,20260504_181713,wyl0101_0504_left,wyl-0101__20260504-left_v71__20260504_181713.npz
wyl0101,wyl-0101,left_v71,20260504,,20260504_181930,wyl0101_0504_left,wyl-0101__20260504-left_v71__20260504_181930.npz
wyl0101,wyl-0101,left_v71,20260504,,20260504_182212,wyl0101_0504_left,wyl-0101__20260504-left_v71__20260504_182212.npz
wyl0101,wyl-0101,right,20260505,10,20260505_164045,wyl0101_0505_right,wyl-0101__20260505-right-10__20260505_164045.npz
wyl0101,wyl-0101,right,20260505,10,20260505_164307,wyl0101_0505_right,wyl-0101__20260505-right-10__20260505_164307.npz
wyl0101,wyl-0101,right,20260505,10,20260505_164527,wyl0101_0505_right,wyl-0101__20260505-right-10__20260505_164527.npz
wyl0101,wyl-0101,right,20260505,10,20260505_164745,wyl0101_0505_right,wyl-0101__20260505-right-10__20260505_164745.npz
wyl0101,wyl-0101,right,20260505,10,20260505_165004,wyl0101_0505_right,wyl-0101__20260505-right-10__20260505_165004.npz
wyl0101,wyl-0101,right,20260505,10,20260505_165223,wyl0101_0505_right,wyl-0101__20260505-right-10__20260505_165223.npz
wyl0101,wyl-0101,right,20260505,10,20260505_165446,wyl0101_0505_right,wyl-0101__20260505-right-10__20260505_165446.npz
wyl0101,wyl-0101,right,20260505,11,20260505_165830,wyl0101_0505_right,wyl-0101__20260505-right-11__20260505_165830.npz
wyl0101,wyl-0101,right,20260505,11,20260505_170050,wyl0101_0505_right,wyl-0101__20260505-right-11__20260505_170050.npz
wyl0101,wyl-0101,right,20260505,11,20260505_170315,wyl0101_0505_right,wyl-0101__20260505-right-11__20260505_170315.npz
wyl0101,wyl-0101,right,20260505,11,20260505_170534,wyl0101_0505_right,wyl-0101__20260505-right-11__20260505_170534.npz
wyl0101,wyl-0101,right,20260505,11,20260505_170753,wyl0101_0505_right,wyl-0101__20260505-right-11__20260505_170753.npz
wyl0101,wyl-0101,right,20260505,12,20260505_171143,wyl0101_0505_right,wyl-0101__20260505-right-12__20260505_171143.npz
wyl0101,wyl-0101,right,20260505,13,20260505_171832,wyl0101_0505_right,wyl-0101__20260505-right-13__20260505_171832.npz
wyl0101,wyl-0101,right,20260505,13,20260505_172051,wyl0101_0505_right,wyl-0101__20260505-right-13__20260505_172051.npz
wyl0101,wyl-0101,right,20260505,13,20260505_172309,wyl0101_0505_right,wyl-0101__20260505-right-13__20260505_172309.npz
wyl0101,wyl-0101,right,20260505,13,20260505_172526,wyl0101_0505_right,wyl-0101__20260505-right-13__20260505_172526.npz
wyl0101,wyl-0101,right,20260505,13,20260505_172747,wyl0101_0505_right,wyl-0101__20260505-right-13__20260505_172747.npz
wyl0101,wyl-0101,right,20260505,13,20260505_173017,wyl0101_0505_right,wyl-0101__20260505-right-13__20260505_173017.npz
wyl0101,wyl-0101,right,20260505,13,20260505_173300,wyl0101_0505_right,wyl-0101__20260505-right-13__20260505_173300.npz
wyl0101,wyl-0101,right,20260505,13,20260505_173520,wyl0101_0505_right,wyl-0101__20260505-right-13__20260505_173520.npz
wyl0101,wyl-0101,right,20260505,13,20260505_173740,wyl0101_0505_right,wyl-0101__20260505-right-13__20260505_173740.npz
wyl0101,wyl-0101,right,20260505,13,20260505_174000,wyl0101_0505_right,wyl-0101__20260505-right-13__20260505_174000.npz
wyl0101,wyl-0101,right,20260505,13,20260505_174215,wyl0101_0505_right,wyl-0101__20260505-right-13__20260505_174215.npz
wyl0101,wyl-0101,right,20260505,13,20260505_174433,wyl0101_0505_right,wyl-0101__20260505-right-13__20260505_174433.npz
wyl0101,wyl-0101,right,20260505,13,20260505_174653,wyl0101_0505_right,wyl-0101__20260505-right-13__20260505_174653.npz
wyl0101,wyl-0101,right,20260505,13,20260505_174909,wyl0101_0505_right,wyl-0101__20260505-right-13__20260505_174909.npz
wyl0101,wyl-0101,right,20260505,2,20260505_105036,wyl0101_0505_right,wyl-0101__20260505-right-2__20260505_105036.npz
wyl0101,wyl-0101,right,20260505,2,20260505_105255,wyl0101_0505_right,wyl-0101__20260505-right-2__20260505_105255.npz
wyl0101,wyl-0101,right,20260505,2,20260505_105517,wyl0101_0505_right,wyl-0101__20260505-right-2__20260505_105517.npz
wyl0101,wyl-0101,right,20260505,2,20260505_105738,wyl0101_0505_right,wyl-0101__20260505-right-2__20260505_105738.npz
wyl0101,wyl-0101,right,20260505,2,20260505_105957,wyl0101_0505_right,wyl-0101__20260505-right-2__20260505_105957.npz
wyl0101,wyl-0101,right,20260505,2,20260505_110214,wyl0101_0505_right,wyl-0101__20260505-right-2__20260505_110214.npz
wyl0101,wyl-0101,right,20260505,2,20260505_110432,wyl0101_0505_right,wyl-0101__20260505-right-2__20260505_110432.npz
wyl0101,wyl-0101,right,20260505,2,20260505_110650,wyl0101_0505_right,wyl-0101__20260505-right-2__20260505_110650.npz
wyl0101,wyl-0101,right,20260505,2,20260505_110908,wyl0101_0505_right,wyl-0101__20260505-right-2__20260505_110908.npz
wyl0101,wyl-0101,right,20260505,2,20260505_111125,wyl0101_0505_right,wyl-0101__20260505-right-2__20260505_111125.npz
wyl0101,wyl-0101,right,20260505,2,20260505_111341,wyl0101_0505_right,wyl-0101__20260505-right-2__20260505_111341.npz
wyl0101,wyl-0101,right,20260505,2,20260505_111558,wyl0101_0505_right,wyl-0101__20260505-right-2__20260505_111558.npz
wyl0101,wyl-0101,right,20260505,2,20260505_111815,wyl0101_0505_right,wyl-0101__20260505-right-2__20260505_111815.npz
wyl0101,wyl-0101,right,20260505,2,20260505_112035,wyl0101_0505_right,wyl-0101__20260505-right-2__20260505_112035.npz
wyl0101,wyl-0101,right,20260505,2,20260505_112254,wyl0101_0505_right,wyl-0101__20260505-right-2__20260505_112254.npz
wyl0101,wyl-0101,right,20260505,2,20260505_112512,wyl0101_0505_right,wyl-0101__20260505-right-2__20260505_112512.npz
wyl0101,wyl-0101,right,20260505,2,20260505_112737,wyl0101_0505_right,wyl-0101__20260505-right-2__20260505_112737.npz
wyl0101,wyl-0101,right,20260505,2,20260505_112953,wyl0101_0505_right,wyl-0101__20260505-right-2__20260505_112953.npz
wyl0101,wyl-0101,right,20260505,2,20260505_113210,wyl0101_0505_right,wyl-0101__20260505-right-2__20260505_113210.npz
wyl0101,wyl-0101,right,20260505,2,20260505_113431,wyl0101_0505_right,wyl-0101__20260505-right-2__20260505_113431.npz
wyl0101,wyl-0101,right,20260505,3,20260505_114038,wyl0101_0505_right,wyl-0101__20260505-right-3__20260505_114038.npz
wyl0101,wyl-0101,right,20260505,3,20260505_114257,wyl0101_0505_right,wyl-0101__20260505-right-3__20260505_114257.npz
wyl0101,wyl-0101,right,20260505,3,20260505_114630,wyl0101_0505_right,wyl-0101__20260505-right-3__20260505_114630.npz
wyl0101,wyl-0101,right,20260505,3,20260505_115121,wyl0101_0505_right,wyl-0101__20260505-right-3__20260505_115121.npz
wyl0101,wyl-0101,right,20260505,3,20260505_115338,wyl0101_0505_right,wyl-0101__20260505-right-3__20260505_115338.npz
wyl0101,wyl-0101,right,20260505,3,20260505_115557,wyl0101_0505_right,wyl-0101__20260505-right-3__20260505_115557.npz
wyl0101,wyl-0101,right,20260505,3,20260505_115813,wyl0101_0505_right,wyl-0101__20260505-right-3__20260505_115813.npz
wyl0101,wyl-0101,right,20260505,3,20260505_120032,wyl0101_0505_right,wyl-0101__20260505-right-3__20260505_120032.npz
wyl0101,wyl-0101,right,20260505,3,20260505_120250,wyl0101_0505_right,wyl-0101__20260505-right-3__20260505_120250.npz
wyl0101,wyl-0101,right,20260505,3,20260505_120507,wyl0101_0505_right,wyl-0101__20260505-right-3__20260505_120507.npz
wyl0101,wyl-0101,right,20260505,4,20260505_130734,wyl0101_0505_right,wyl-0101__20260505-right-4__20260505_130734.npz
wyl0101,wyl-0101,right,20260505,4,20260505_130951,wyl0101_0505_right,wyl-0101__20260505-right-4__20260505_130951.npz
wyl0101,wyl-0101,right,20260505,4,20260505_131219,wyl0101_0505_right,wyl-0101__20260505-right-4__20260505_131219.npz
wyl0101,wyl-0101,right,20260505,4,20260505_131444,wyl0101_0505_right,wyl-0101__20260505-right-4__20260505_131444.npz
wyl0101,wyl-0101,right,20260505,4,20260505_131712,wyl0101_0505_right,wyl-0101__20260505-right-4__20260505_131712.npz
wyl0101,wyl-0101,right,20260505,4,20260505_131930,wyl0101_0505_right,wyl-0101__20260505-right-4__20260505_131930.npz
wyl0101,wyl-0101,right,20260505,4,20260505_132149,wyl0101_0505_right,wyl-0101__20260505-right-4__20260505_132149.npz
wyl0101,wyl-0101,right,20260505,4,20260505_132409,wyl0101_0505_right,wyl-0101__20260505-right-4__20260505_132409.npz
wyl0101,wyl-0101,right,20260505,4,20260505_132628,wyl0101_0505_right,wyl-0101__20260505-right-4__20260505_132628.npz
wyl0101,wyl-0101,right,20260505,4,20260505_132846,wyl0101_0505_right,wyl-0101__20260505-right-4__20260505_132846.npz
wyl0101,wyl-0101,right,20260505,4,20260505_133109,wyl0101_0505_right,wyl-0101__20260505-right-4__20260505_133109.npz
wyl0101,wyl-0101,right,20260505,4,20260505_133357,wyl0101_0505_right,wyl-0101__20260505-right-4__20260505_133357.npz
wyl0101,wyl-0101,right,20260505,4,20260505_133619,wyl0101_0505_right,wyl-0101__20260505-right-4__20260505_133619.npz
wyl0101,wyl-0101,right,20260505,4,20260505_133851,wyl0101_0505_right,wyl-0101__20260505-right-4__20260505_133851.npz
wyl0101,wyl-0101,right,20260505,4,20260505_134114,wyl0101_0505_right,wyl-0101__20260505-right-4__20260505_134114.npz
wyl0101,wyl-0101,right,20260505,4,20260505_134336,wyl0101_0505_right,wyl-0101__20260505-right-4__20260505_134336.npz
wyl0101,wyl-0101,right,20260505,4,20260505_134703,wyl0101_0505_right,wyl-0101__20260505-right-4__20260505_134703.npz
wyl0101,wyl-0101,right,20260505,4,20260505_134919,wyl0101_0505_right,wyl-0101__20260505-right-4__20260505_134919.npz
wyl0101,wyl-0101,right,20260505,4,20260505_135137,wyl0101_0505_right,wyl-0101__20260505-right-4__20260505_135137.npz
wyl0101,wyl-0101,right,20260505,4,20260505_135539,wyl0101_0505_right,wyl-0101__20260505-right-4__20260505_135539.npz
wyl0101,wyl-0101,right,20260505,5,20260505_141201,wyl0101_0505_right,wyl-0101__20260505-right-5__20260505_141201.npz
wyl0101,wyl-0101,right,20260505,5,20260505_141419,wyl0101_0505_right,wyl-0101__20260505-right-5__20260505_141419.npz
wyl0101,wyl-0101,right,20260505,5,20260505_141638,wyl0101_0505_right,wyl-0101__20260505-right-5__20260505_141638.npz
wyl0101,wyl-0101,right,20260505,5,20260505_141857,wyl0101_0505_right,wyl-0101__20260505-right-5__20260505_141857.npz
wyl0101,wyl-0101,right,20260505,5,20260505_142120,wyl0101_0505_right,wyl-0101__20260505-right-5__20260505_142120.npz
wyl0101,wyl-0101,right,20260505,5,20260505_142419,wyl0101_0505_right,wyl-0101__20260505-right-5__20260505_142419.npz
wyl0101,wyl-0101,right,20260505,5,20260505_142657,wyl0101_0505_right,wyl-0101__20260505-right-5__20260505_142657.npz
wyl0101,wyl-0101,right,20260505,5,20260505_142916,wyl0101_0505_right,wyl-0101__20260505-right-5__20260505_142916.npz
wyl0101,wyl-0101,right,20260505,5,20260505_143141,wyl0101_0505_right,wyl-0101__20260505-right-5__20260505_143141.npz
wyl0101,wyl-0101,right,20260505,5,20260505_143410,wyl0101_0505_right,wyl-0101__20260505-right-5__20260505_143410.npz
wyl0101,wyl-0101,right,20260505,5,20260505_143641,wyl0101_0505_right,wyl-0101__20260505-right-5__20260505_143641.npz
wyl0101,wyl-0101,right,20260505,5,20260505_143856,wyl0101_0505_right,wyl-0101__20260505-right-5__20260505_143856.npz
wyl0101,wyl-0101,right,20260505,5,20260505_144114,wyl0101_0505_right,wyl-0101__20260505-right-5__20260505_144114.npz
wyl0101,wyl-0101,right,20260505,5,20260505_144334,wyl0101_0505_right,wyl-0101__20260505-right-5__20260505_144334.npz
wyl0101,wyl-0101,right,20260505,5,20260505_144554,wyl0101_0505_right,wyl-0101__20260505-right-5__20260505_144554.npz
wyl0101,wyl-0101,right,20260505,5,20260505_144814,wyl0101_0505_right,wyl-0101__20260505-right-5__20260505_144814.npz
wyl0101,wyl-0101,right,20260505,5,20260505_145041,wyl0101_0505_right,wyl-0101__20260505-right-5__20260505_145041.npz
wyl0101,wyl-0101,right,20260505,5,20260505_145304,wyl0101_0505_right,wyl-0101__20260505-right-5__20260505_145304.npz
wyl0101,wyl-0101,right,20260505,5,20260505_145522,wyl0101_0505_right,wyl-0101__20260505-right-5__20260505_145522.npz
wyl0101,wyl-0101,right,20260505,5,20260505_145743,wyl0101_0505_right,wyl-0101__20260505-right-5__20260505_145743.npz
wyl0101,wyl-0101,right,20260505,6,20260505_155831,wyl0101_0505_right,wyl-0101__20260505-right-6__20260505_155831.npz
wyl0101,wyl-0101,right,20260505,6,20260505_160051,wyl0101_0505_right,wyl-0101__20260505-right-6__20260505_160051.npz
wyl0101,wyl-0101,right,20260505,6,20260505_160318,wyl0101_0505_right,wyl-0101__20260505-right-6__20260505_160318.npz
wyl0101,wyl-0101,right,20260505,6,20260505_160539,wyl0101_0505_right,wyl-0101__20260505-right-6__20260505_160539.npz
wyl0101,wyl-0101,right,20260505,6,20260505_161309,wyl0101_0505_right,wyl-0101__20260505-right-6__20260505_161309.npz
wyl0101,wyl-0101,right,20260505,6,20260505_161529,wyl0101_0505_right,wyl-0101__20260505-right-6__20260505_161529.npz
wyl0101,wyl-0101,right,20260505,6,20260505_161748,wyl0101_0505_right,wyl-0101__20260505-right-6__20260505_161748.npz
wyl0101,wyl-0101,right,20260505,6,20260505_162008,wyl0101_0505_right,wyl-0101__20260505-right-6__20260505_162008.npz
wyl0101,wyl-0101,right,20260505,6,20260505_162227,wyl0101_0505_right,wyl-0101__20260505-right-6__20260505_162227.npz
wyl0101,wyl-0101,right,20260505,6,20260505_162445,wyl0101_0505_right,wyl-0101__20260505-right-6__20260505_162445.npz
wyl0101,wyl-0101,right,20260505,7,20260505_162912,wyl0101_0505_right,wyl-0101__20260505-right-7__20260505_162912.npz
wyl0101,wyl-0101,right,20260505,8,20260505_163448,wyl0101_0505_right,wyl-0101__20260505-right-8__20260505_163448.npz
wyl0101,wyl-0101,right,20260505,9,20260505_163710,wyl0101_0505_right,wyl-0101__20260505-right-9__20260505_163710.npz
wyl0101,wyl-0101,right,20260505,,20260505_150840,wyl0101_0505_right,wyl-0101__20260505-right__20260505_150840.npz
wyl0101,wyl-0101,right,20260505,,20260505_151059,wyl0101_0505_right,wyl-0101__20260505-right__20260505_151059.npz
wyl0101,wyl-0101,right,20260505,,20260505_151318,wyl0101_0505_right,wyl-0101__20260505-right__20260505_151318.npz
wyl0101,wyl-0101,right,20260505,,20260505_151551,wyl0101_0505_right,wyl-0101__20260505-right__20260505_151551.npz
wyl0101,wyl-0101,right,20260505,,20260505_151813,wyl0101_0505_right,wyl-0101__20260505-right__20260505_151813.npz
wyl0101,wyl-0101,right,20260505,,20260505_152033,wyl0101_0505_right,wyl-0101__20260505-right__20260505_152033.npz
wyl0101,wyl-0101,right,20260505,,20260505_152251,wyl0101_0505_right,wyl-0101__20260505-right__20260505_152251.npz
wyl0101,wyl-0101,right,20260505,,20260505_152511,wyl0101_0505_right,wyl-0101__20260505-right__20260505_152511.npz
wyl0101,wyl-0101,right,20260505,,20260505_152737,wyl0101_0505_right,wyl-0101__20260505-right__20260505_152737.npz
wyl0101,wyl-0101,right,20260505,,20260505_152956,wyl0101_0505_right,wyl-0101__20260505-right__20260505_152956.npz
zl0926,zl-0926,right,20260501,10,20260501_173215,zl0926_0501_run1,zl-0926__20260501-right-10__20260501_173215.npz
zl0926,zl-0926,right,20260501,10,20260501_173700,zl0926_0501_run1,zl-0926__20260501-right-10__20260501_173700.npz
zl0926,zl-0926,right,20260501,10,20260501_174113,zl0926_0501_run1,zl-0926__20260501-right-10__20260501_174113.npz
zl0926,zl-0926,right,20260501,11,20260501_175629,zl0926_0501_run1,zl-0926__20260501-right-11__20260501_175629.npz
zl0926,zl-0926,right,20260501,11,20260501_175852,zl0926_0501_run1,zl-0926__20260501-right-11__20260501_175852.npz
zl0926,zl-0926,right,20260501,11,20260501_180118,zl0926_0501_run1,zl-0926__20260501-right-11__20260501_180118.npz
zl0926,zl-0926,right,20260501,11,20260501_180338,zl0926_0501_run1,zl-0926__20260501-right-11__20260501_180338.npz
zl0926,zl-0926,right,20260501,11,20260501_180628,zl0926_0501_run1,zl-0926__20260501-right-11__20260501_180628.npz
zl0926,zl-0926,right,20260501,11,20260501_180854,zl0926_0501_run1,zl-0926__20260501-right-11__20260501_180854.npz
zl0926,zl-0926,right,20260501,11,20260501_181239,zl0926_0501_run1,zl-0926__20260501-right-11__20260501_181239.npz
zl0926,zl-0926,right,20260501,11,20260501_181529,zl0926_0501_run1,zl-0926__20260501-right-11__20260501_181529.npz
zl0926,zl-0926,right,20260501,11,20260501_181749,zl0926_0501_run1,zl-0926__20260501-right-11__20260501_181749.npz
zl0926,zl-0926,right,20260501,11,20260501_182029,zl0926_0501_run1,zl-0926__20260501-right-11__20260501_182029.npz
zl0926,zl-0926,right,20260501,11,20260501_182252,zl0926_0501_run1,zl-0926__20260501-right-11__20260501_182252.npz
zl0926,zl-0926,right,20260501,11,20260501_182528,zl0926_0501_run1,zl-0926__20260501-right-11__20260501_182528.npz
zl0926,zl-0926,right,20260501,11,20260501_182751,zl0926_0501_run1,zl-0926__20260501-right-11__20260501_182751.npz
zl0926,zl-0926,right,20260501,11,20260501_183014,zl0926_0501_run1,zl-0926__20260501-right-11__20260501_183014.npz
zl0926,zl-0926,right,20260501,12,20260501_184050,zl0926_0501_run1,zl-0926__20260501-right-12__20260501_184050.npz
zl0926,zl-0926,right,20260501,12,20260501_184310,zl0926_0501_run1,zl-0926__20260501-right-12__20260501_184310.npz
zl0926,zl-0926,right,20260501,12,20260501_184528,zl0926_0501_run1,zl-0926__20260501-right-12__20260501_184528.npz
zl0926,zl-0926,right,20260501,12,20260501_184754,zl0926_0501_run1,zl-0926__20260501-right-12__20260501_184754.npz
zl0926,zl-0926,right,20260501,12,20260501_185013,zl0926_0501_run1,zl-0926__20260501-right-12__20260501_185013.npz
zl0926,zl-0926,right,20260501,12,20260501_185231,zl0926_0501_run1,zl-0926__20260501-right-12__20260501_185231.npz
zl0926,zl-0926,right,20260501,12,20260501_185448,zl0926_0501_run1,zl-0926__20260501-right-12__20260501_185448.npz
zl0926,zl-0926,right,20260501,12,20260501_185711,zl0926_0501_run1,zl-0926__20260501-right-12__20260501_185711.npz
zl0926,zl-0926,right,20260501,2,20260501_112257,zl0926_0501_run1,zl-0926__20260501-right-2__20260501_112257.npz
zl0926,zl-0926,right,20260501,2,20260501_112606,zl0926_0501_run1,zl-0926__20260501-right-2__20260501_112606.npz
zl0926,zl-0926,right,20260501,2,20260501_112825,zl0926_0501_run1,zl-0926__20260501-right-2__20260501_112825.npz
zl0926,zl-0926,right,20260501,2,20260501_113056,zl0926_0501_run1,zl-0926__20260501-right-2__20260501_113056.npz
zl0926,zl-0926,right,20260501,2,20260501_113340,zl0926_0501_run1,zl-0926__20260501-right-2__20260501_113340.npz
zl0926,zl-0926,right,20260501,2,20260501_113611,zl0926_0501_run1,zl-0926__20260501-right-2__20260501_113611.npz
zl0926,zl-0926,right,20260501,2,20260501_113907,zl0926_0501_run1,zl-0926__20260501-right-2__20260501_113907.npz
zl0926,zl-0926,right,20260501,2,20260501_114130,zl0926_0501_run1,zl-0926__20260501-right-2__20260501_114130.npz
zl0926,zl-0926,right,20260501,2,20260501_114416,zl0926_0501_run1,zl-0926__20260501-right-2__20260501_114416.npz
zl0926,zl-0926,right,20260501,2,20260501_114646,zl0926_0501_run1,zl-0926__20260501-right-2__20260501_114646.npz
zl0926,zl-0926,right,20260501,2,20260501_114904,zl0926_0501_run1,zl-0926__20260501-right-2__20260501_114904.npz
zl0926,zl-0926,right,20260501,2,20260501_115122,zl0926_0501_run1,zl-0926__20260501-right-2__20260501_115122.npz
zl0926,zl-0926,right,20260501,3,20260501_115407,zl0926_0501_run1,zl-0926__20260501-right-3__20260501_115407.npz
zl0926,zl-0926,right,20260501,3,20260501_115625,zl0926_0501_run1,zl-0926__20260501-right-3__20260501_115625.npz
zl0926,zl-0926,right,20260501,3,20260501_115847,zl0926_0501_run1,zl-0926__20260501-right-3__20260501_115847.npz
zl0926,zl-0926,right,20260501,4,20260501_130610,zl0926_0501_run1,zl-0926__20260501-right-4__20260501_130610.npz
zl0926,zl-0926,right,20260501,4,20260501_131013,zl0926_0501_run1,zl-0926__20260501-right-4__20260501_131013.npz
zl0926,zl-0926,right,20260501,4,20260501_131233,zl0926_0501_run1,zl-0926__20260501-right-4__20260501_131233.npz
zl0926,zl-0926,right,20260501,4,20260501_131500,zl0926_0501_run1,zl-0926__20260501-right-4__20260501_131500.npz
zl0926,zl-0926,right,20260501,4,20260501_131749,zl0926_0501_run1,zl-0926__20260501-right-4__20260501_131749.npz
zl0926,zl-0926,right,20260501,4,20260501_132008,zl0926_0501_run1,zl-0926__20260501-right-4__20260501_132008.npz
zl0926,zl-0926,right,20260501,4,20260501_132324,zl0926_0501_run1,zl-0926__20260501-right-4__20260501_132324.npz
zl0926,zl-0926,right,20260501,4,20260501_132600,zl0926_0501_run1,zl-0926__20260501-right-4__20260501_132600.npz
zl0926,zl-0926,right,20260501,4,20260501_132838,zl0926_0501_run1,zl-0926__20260501-right-4__20260501_132838.npz
zl0926,zl-0926,right,20260501,4,20260501_133132,zl0926_0501_run1,zl-0926__20260501-right-4__20260501_133132.npz
zl0926,zl-0926,right,20260501,4,20260501_133353,zl0926_0501_run1,zl-0926__20260501-right-4__20260501_133353.npz
zl0926,zl-0926,right,20260501,4,20260501_133610,zl0926_0501_run1,zl-0926__20260501-right-4__20260501_133610.npz
zl0926,zl-0926,right,20260501,5,20260501_134529,zl0926_0501_run1,zl-0926__20260501-right-5__20260501_134529.npz
zl0926,zl-0926,right,20260501,5,20260501_134829,zl0926_0501_run1,zl-0926__20260501-right-5__20260501_134829.npz
zl0926,zl-0926,right,20260501,5,20260501_135049,zl0926_0501_run1,zl-0926__20260501-right-5__20260501_135049.npz
zl0926,zl-0926,right,20260501,5,20260501_135308,zl0926_0501_run1,zl-0926__20260501-right-5__20260501_135308.npz
zl0926,zl-0926,right,20260501,6,20260501_140820,zl0926_0501_run1,zl-0926__20260501-right-6__20260501_140820.npz
zl0926,zl-0926,right,20260501,6,20260501_141043,zl0926_0501_run1,zl-0926__20260501-right-6__20260501_141043.npz
zl0926,zl-0926,right,20260501,6,20260501_141325,zl0926_0501_run1,zl-0926__20260501-right-6__20260501_141325.npz
zl0926,zl-0926,right,20260501,6,20260501_141553,zl0926_0501_run1,zl-0926__20260501-right-6__20260501_141553.npz
zl0926,zl-0926,right,20260501,6,20260501_141904,zl0926_0501_run1,zl-0926__20260501-right-6__20260501_141904.npz
zl0926,zl-0926,right,20260501,6,20260501_142126,zl0926_0501_run1,zl-0926__20260501-right-6__20260501_142126.npz
zl0926,zl-0926,right,20260501,6,20260501_142534,zl0926_0501_run1,zl-0926__20260501-right-6__20260501_142534.npz
zl0926,zl-0926,right,20260501,6,20260501_142801,zl0926_0501_run1,zl-0926__20260501-right-6__20260501_142801.npz
zl0926,zl-0926,right,20260501,6,20260501_143112,zl0926_0501_run1,zl-0926__20260501-right-6__20260501_143112.npz
zl0926,zl-0926,right,20260501,6,20260501_143354,zl0926_0501_run1,zl-0926__20260501-right-6__20260501_143354.npz
zl0926,zl-0926,right,20260501,6,20260501_143619,zl0926_0501_run1,zl-0926__20260501-right-6__20260501_143619.npz
zl0926,zl-0926,right,20260501,6,20260501_143841,zl0926_0501_run1,zl-0926__20260501-right-6__20260501_143841.npz
zl0926,zl-0926,right,20260501,6,20260501_144100,zl0926_0501_run1,zl-0926__20260501-right-6__20260501_144100.npz
zl0926,zl-0926,right,20260501,7,20260501_151600,zl0926_0501_run1,zl-0926__20260501-right-7__20260501_151600.npz
zl0926,zl-0926,right,20260501,7,20260501_151827,zl0926_0501_run1,zl-0926__20260501-right-7__20260501_151827.npz
zl0926,zl-0926,right,20260501,7,20260501_152134,zl0926_0501_run1,zl-0926__20260501-right-7__20260501_152134.npz
zl0926,zl-0926,right,20260501,7,20260501_152358,zl0926_0501_run1,zl-0926__20260501-right-7__20260501_152358.npz
zl0926,zl-0926,right,20260501,7,20260501_152635,zl0926_0501_run1,zl-0926__20260501-right-7__20260501_152635.npz
zl0926,zl-0926,right,20260501,7,20260501_152944,zl0926_0501_run1,zl-0926__20260501-right-7__20260501_152944.npz
zl0926,zl-0926,right,20260501,7,20260501_153221,zl0926_0501_run1,zl-0926__20260501-right-7__20260501_153221.npz
zl0926,zl-0926,right,20260501,7,20260501_153443,zl0926_0501_run1,zl-0926__20260501-right-7__20260501_153443.npz
zl0926,zl-0926,right,20260501,7,20260501_153709,zl0926_0501_run1,zl-0926__20260501-right-7__20260501_153709.npz
zl0926,zl-0926,right,20260501,7,20260501_153935,zl0926_0501_run1,zl-0926__20260501-right-7__20260501_153935.npz
zl0926,zl-0926,right,20260501,7,20260501_154258,zl0926_0501_run1,zl-0926__20260501-right-7__20260501_154258.npz
zl0926,zl-0926,right,20260501,7,20260501_154519,zl0926_0501_run1,zl-0926__20260501-right-7__20260501_154519.npz
zl0926,zl-0926,right,20260501,7,20260501_154849,zl0926_0501_run1,zl-0926__20260501-right-7__20260501_154849.npz
zl0926,zl-0926,right,20260501,7,20260501_155115,zl0926_0501_run1,zl-0926__20260501-right-7__20260501_155115.npz
zl0926,zl-0926,right,20260501,7,20260501_155346,zl0926_0501_run1,zl-0926__20260501-right-7__20260501_155346.npz
zl0926,zl-0926,right,20260501,7,20260501_155610,zl0926_0501_run1,zl-0926__20260501-right-7__20260501_155610.npz
zl0926,zl-0926,right,20260501,7,20260501_155829,zl0926_0501_run1,zl-0926__20260501-right-7__20260501_155829.npz
zl0926,zl-0926,right,20260501,8,20260501_164115,zl0926_0501_run1,zl-0926__20260501-right-8__20260501_164115.npz
zl0926,zl-0926,right,20260501,8,20260501_164852,zl0926_0501_run1,zl-0926__20260501-right-8__20260501_164852.npz
zl0926,zl-0926,right,20260501,8,20260501_165114,zl0926_0501_run1,zl-0926__20260501-right-8__20260501_165114.npz
zl0926,zl-0926,right,20260501,8,20260501_165336,zl0926_0501_run1,zl-0926__20260501-right-8__20260501_165336.npz
zl0926,zl-0926,right,20260501,8,20260501_165557,zl0926_0501_run1,zl-0926__20260501-right-8__20260501_165557.npz
zl0926,zl-0926,right,20260501,8,20260501_165817,zl0926_0501_run1,zl-0926__20260501-right-8__20260501_165817.npz
zl0926,zl-0926,right,20260501,8,20260501_170039,zl0926_0501_run1,zl-0926__20260501-right-8__20260501_170039.npz
zl0926,zl-0926,right,20260501,8,20260501_170300,zl0926_0501_run1,zl-0926__20260501-right-8__20260501_170300.npz
zl0926,zl-0926,right,20260501,8,20260501_170520,zl0926_0501_run1,zl-0926__20260501-right-8__20260501_170520.npz
zl0926,zl-0926,right,20260501,8,20260501_170759,zl0926_0501_run1,zl-0926__20260501-right-8__20260501_170759.npz
zl0926,zl-0926,right,20260501,8,20260501_171018,zl0926_0501_run1,zl-0926__20260501-right-8__20260501_171018.npz
zl0926,zl-0926,right,20260501,8,20260501_171242,zl0926_0501_run1,zl-0926__20260501-right-8__20260501_171242.npz
zl0926,zl-0926,right,20260501,8,20260501_171506,zl0926_0501_run1,zl-0926__20260501-right-8__20260501_171506.npz
zl0926,zl-0926,right,20260501,8,20260501_171837,zl0926_0501_run1,zl-0926__20260501-right-8__20260501_171837.npz
zl0926,zl-0926,right,20260501,8,20260501_172101,zl0926_0501_run1,zl-0926__20260501-right-8__20260501_172101.npz
zl0926,zl-0926,right,20260501,9,20260501_172444,zl0926_0501_run1,zl-0926__20260501-right-9__20260501_172444.npz
zl0926,zl-0926,right,20260501,,20260501_102722,zl0926_0501_run1,zl-0926__20260501-right__20260501_102722.npz
zl0926,zl-0926,right,20260501,,20260501_103006,zl0926_0501_run1,zl-0926__20260501-right__20260501_103006.npz
zl0926,zl-0926,right,20260501,,20260501_103244,zl0926_0501_run1,zl-0926__20260501-right__20260501_103244.npz
zl0926,zl-0926,right,20260501,,20260501_103525,zl0926_0501_run1,zl-0926__20260501-right__20260501_103525.npz
zl0926,zl-0926,right,20260501,,20260501_103802,zl0926_0501_run1,zl-0926__20260501-right__20260501_103802.npz
zl0926,zl-0926,right,20260501,,20260501_104059,zl0926_0501_run1,zl-0926__20260501-right__20260501_104059.npz
zl0926,zl-0926,right,20260501,,20260501_104407,zl0926_0501_run1,zl-0926__20260501-right__20260501_104407.npz
zl0926,zl-0926,right,20260501,,20260501_104649,zl0926_0501_run1,zl-0926__20260501-right__20260501_104649.npz
zl0926,zl-0926,right,20260501,,20260501_104941,zl0926_0501_run1,zl-0926__20260501-right__20260501_104941.npz
zl0926,zl-0926,right,20260501,,20260501_105218,zl0926_0501_run1,zl-0926__20260501-right__20260501_105218.npz
zl0926,zl-0926,right,20260501,,20260501_105502,zl0926_0501_run1,zl-0926__20260501-right__20260501_105502.npz
zl0926,zl-0926,right,20260501,,20260501_105732,zl0926_0501_run1,zl-0926__20260501-right__20260501_105732.npz
zl0926,zl-0926,right,20260501,,20260501_110214,zl0926_0501_run1,zl-0926__20260501-right__20260501_110214.npz
zl0926,zl-0926,right,20260501,,20260501_110432,zl0926_0501_run1,zl-0926__20260501-right__20260501_110432.npz
zl0926,zl-0926,right,20260501,,20260501_110653,zl0926_0501_run1,zl-0926__20260501-right__20260501_110653.npz
zl0926,zl-0926,right,20260501,,20260501_110915,zl0926_0501_run1,zl-0926__20260501-right__20260501_110915.npz
zl0926,zl-0926,right,20260501,,20260501_111156,zl0926_0501_run1,zl-0926__20260501-right__20260501_111156.npz
zl0926,zl-0926,right,20260501,,20260501_111414,zl0926_0501_run1,zl-0926__20260501-right__20260501_111414.npz
zl0926,zl-0926,right,20260501,,20260501_111645,zl0926_0501_run1,zl-0926__20260501-right__20260501_111645.npz
zl0926,zl-0926,right,20260501,,20260501_111934,zl0926_0501_run1,zl-0926__20260501-right__20260501_111934.npz
zl0926,zl-0926,left,20260504,2_v71,20260504_172739,zl0926_0504_left,zl-0926__20260504-left-2_v71__20260504_172739.npz
zl0926,zl-0926,left,20260504,2_v71,20260504_172954,zl0926_0504_left,zl-0926__20260504-left-2_v71__20260504_172954.npz
zl0926,zl-0926,left,20260504,2_v71,20260504_173213,zl0926_0504_left,zl-0926__20260504-left-2_v71__20260504_173213.npz
zl0926,zl-0926,left,20260504,2_v71,20260504_173436,zl0926_0504_left,zl-0926__20260504-left-2_v71__20260504_173436.npz
zl0926,zl-0926,left,20260504,2_v71,20260504_173652,zl0926_0504_left,zl-0926__20260504-left-2_v71__20260504_173652.npz
zl0926,zl-0926,left,20260504,2_v71,20260504_173912,zl0926_0504_left,zl-0926__20260504-left-2_v71__20260504_173912.npz
zl0926,zl-0926,left,20260504,2_v71,20260504_174126,zl0926_0504_left,zl-0926__20260504-left-2_v71__20260504_174126.npz
zl0926,zl-0926,left,20260504,2_v71,20260504_174356,zl0926_0504_left,zl-0926__20260504-left-2_v71__20260504_174356.npz
zl0926,zl-0926,left,20260504,2_v71,20260504_174611,zl0926_0504_left,zl-0926__20260504-left-2_v71__20260504_174611.npz
zl0926,zl-0926,left,20260504,2_v71,20260504_174831,zl0926_0504_left,zl-0926__20260504-left-2_v71__20260504_174831.npz
zl0926,zl-0926,left,20260504,2_v71,20260504_175103,zl0926_0504_left,zl-0926__20260504-left-2_v71__20260504_175103.npz
zl0926,zl-0926,left,20260504,2_v71,20260504_175417,zl0926_0504_left,zl-0926__20260504-left-2_v71__20260504_175417.npz
zl0926,zl-0926,left,20260504,2_v71,20260504_175633,zl0926_0504_left,zl-0926__20260504-left-2_v71__20260504_175633.npz
zl0926,zl-0926,left,20260504,2_v71,20260504_175847,zl0926_0504_left,zl-0926__20260504-left-2_v71__20260504_175847.npz
zl0926,zl-0926,left,20260504,2_v71,20260504_180104,zl0926_0504_left,zl-0926__20260504-left-2_v71__20260504_180104.npz
zl0926,zl-0926,left,20260504,2_v71,20260504_180321,zl0926_0504_left,zl-0926__20260504-left-2_v71__20260504_180321.npz
zl0926,zl-0926,left,20260504,2_v71,20260504_180535,zl0926_0504_left,zl-0926__20260504-left-2_v71__20260504_180535.npz
zl0926,zl-0926,left,20260504,2_v71,20260504_180751,zl0926_0504_left,zl-0926__20260504-left-2_v71__20260504_180751.npz
zl0926,zl-0926,left,20260504,2_v71,20260504_181007,zl0926_0504_left,zl-0926__20260504-left-2_v71__20260504_181007.npz
zl0926,zl-0926,left,20260504,2_v71,20260504_181223,zl0926_0504_left,zl-0926__20260504-left-2_v71__20260504_181223.npz
zl0926,zl-0926,left,20260504,3_v71,20260504_182220,zl0926_0504_left,zl-0926__20260504-left-3_v71__20260504_182220.npz
zl0926,zl-0926,left,20260504,3_v71,20260504_182438,zl0926_0504_left,zl-0926__20260504-left-3_v71__20260504_182438.npz
zl0926,zl-0926,left,20260504,3_v71,20260504_182655,zl0926_0504_left,zl-0926__20260504-left-3_v71__20260504_182655.npz
zl0926,zl-0926,left,20260504,3_v71,20260504_182910,zl0926_0504_left,zl-0926__20260504-left-3_v71__20260504_182910.npz
zl0926,zl-0926,left,20260504,3_v71,20260504_183127,zl0926_0504_left,zl-0926__20260504-left-3_v71__20260504_183127.npz
zl0926,zl-0926,left,20260504,3_v71,20260504_183344,zl0926_0504_left,zl-0926__20260504-left-3_v71__20260504_183344.npz
zl0926,zl-0926,left,20260504,3_v71,20260504_183559,zl0926_0504_left,zl-0926__20260504-left-3_v71__20260504_183559.npz
zl0926,zl-0926,left,20260504,3_v71,20260504_183816,zl0926_0504_left,zl-0926__20260504-left-3_v71__20260504_183816.npz
zl0926,zl-0926,left,20260504,3_v71,20260504_184111,zl0926_0504_left,zl-0926__20260504-left-3_v71__20260504_184111.npz
zl0926,zl-0926,left,20260504,3_v71,20260504_184347,zl0926_0504_left,zl-0926__20260504-left-3_v71__20260504_184347.npz
zl0926,zl-0926,left,20260504,3_v71,20260504_184607,zl0926_0504_left,zl-0926__20260504-left-3_v71__20260504_184607.npz
zl0926,zl-0926,left,20260504,3_v71,20260504_184833,zl0926_0504_left,zl-0926__20260504-left-3_v71__20260504_184833.npz
zl0926,zl-0926,left,20260504,3_v71,20260504_185048,zl0926_0504_left,zl-0926__20260504-left-3_v71__20260504_185048.npz
zl0926,zl-0926,left,20260504,3_v71,20260504_185303,zl0926_0504_left,zl-0926__20260504-left-3_v71__20260504_185303.npz
zl0926,zl-0926,left,20260504,3_v71,20260504_185523,zl0926_0504_left,zl-0926__20260504-left-3_v71__20260504_185523.npz
zl0926,zl-0926,left,20260504,4_v71,20260504_185810,zl0926_0504_left,zl-0926__20260504-left-4_v71__20260504_185810.npz
zl0926,zl-0926,left,20260504,4_v71,20260504_190024,zl0926_0504_left,zl-0926__20260504-left-4_v71__20260504_190024.npz
zl0926,zl-0926,left,20260504,4_v71,20260504_190238,zl0926_0504_left,zl-0926__20260504-left-4_v71__20260504_190238.npz
zl0926,zl-0926,left,20260504,4_v71,20260504_190453,zl0926_0504_left,zl-0926__20260504-left-4_v71__20260504_190453.npz
zl0926,zl-0926,left_v33flat,20260504,,20260504_105802,zl0926_0504_left,zl-0926__20260504-left_v33flat__20260504_105802.npz
zl0926,zl-0926,left_v33flat,20260504,,20260504_110021,zl0926_0504_left,zl-0926__20260504-left_v33flat__20260504_110021.npz
zl0926,zl-0926,left_v33flat,20260504,,20260504_110311,zl0926_0504_left,zl-0926__20260504-left_v33flat__20260504_110311.npz
zl0926,zl-0926,left_v33flat,20260504,,20260504_110605,zl0926_0504_left,zl-0926__20260504-left_v33flat__20260504_110605.npz
zl0926,zl-0926,left_v33flat,20260504,,20260504_110825,zl0926_0504_left,zl-0926__20260504-left_v33flat__20260504_110825.npz
zl0926,zl-0926,left_v33flat,20260504,,20260504_111146,zl0926_0504_left,zl-0926__20260504-left_v33flat__20260504_111146.npz
zl0926,zl-0926,left_v33flat,20260504,,20260504_111419,zl0926_0504_left,zl-0926__20260504-left_v33flat__20260504_111419.npz
zl0926,zl-0926,left_v33flat,20260504,,20260504_111725,zl0926_0504_left,zl-0926__20260504-left_v33flat__20260504_111725.npz
zl0926,zl-0926,left_v33flat,20260504,,20260504_111942,zl0926_0504_left,zl-0926__20260504-left_v33flat__20260504_111942.npz
zl0926,zl-0926,left_v33flat,20260504,,20260504_112204,zl0926_0504_left,zl-0926__20260504-left_v33flat__20260504_112204.npz
zl0926,zl-0926,left_v33flat,20260504,,20260504_112443,zl0926_0504_left,zl-0926__20260504-left_v33flat__20260504_112443.npz
zl0926,zl-0926,left_v33flat,20260504,,20260504_112808,zl0926_0504_left,zl-0926__20260504-left_v33flat__20260504_112808.npz
zl0926,zl-0926,left_v33flat,20260504,,20260504_113106,zl0926_0504_left,zl-0926__20260504-left_v33flat__20260504_113106.npz
zl0926,zl-0926,left_v33flat,20260504,,20260504_113334,zl0926_0504_left,zl-0926__20260504-left_v33flat__20260504_113334.npz
zl0926,zl-0926,left_v33flat,20260504,,20260504_113622,zl0926_0504_left,zl-0926__20260504-left_v33flat__20260504_113622.npz
zl0926,zl-0926,left_v33flat,20260504,,20260504_113845,zl0926_0504_left,zl-0926__20260504-left_v33flat__20260504_113845.npz
zl0926,zl-0926,left_v33flat,20260504,,20260504_114116,zl0926_0504_left,zl-0926__20260504-left_v33flat__20260504_114116.npz
zl0926,zl-0926,left_v33flat,20260504,,20260504_114332,zl0926_0504_left,zl-0926__20260504-left_v33flat__20260504_114332.npz
zl0926,zl-0926,left_v33flat,20260504,,20260504_114553,zl0926_0504_left,zl-0926__20260504-left_v33flat__20260504_114553.npz
zl0926,zl-0926,left_v33flat,20260504,,20260504_114814,zl0926_0504_left,zl-0926__20260504-left_v33flat__20260504_114814.npz
zl0926,zl-0926,left_v33flat,20260504,,20260504_131638,zl0926_0504_left,zl-0926__20260504-left_v33flat__20260504_131638.npz
zl0926,zl-0926,left_v33flat,20260504,,20260504_131859,zl0926_0504_left,zl-0926__20260504-left_v33flat__20260504_131859.npz
zl0926,zl-0926,left_v33flat,20260504,,20260504_132117,zl0926_0504_left,zl-0926__20260504-left_v33flat__20260504_132117.npz
zl0926,zl-0926,left_v33flat,20260504,,20260504_132338,zl0926_0504_left,zl-0926__20260504-left_v33flat__20260504_132338.npz
zl0926,zl-0926,left_v33flat,20260504,,20260504_132557,zl0926_0504_left,zl-0926__20260504-left_v33flat__20260504_132557.npz
zl0926,zl-0926,left_v33flat,20260504,,20260504_132821,zl0926_0504_left,zl-0926__20260504-left_v33flat__20260504_132821.npz
zl0926,zl-0926,left_v33flat,20260504,,20260504_133052,zl0926_0504_left,zl-0926__20260504-left_v33flat__20260504_133052.npz
zl0926,zl-0926,left_v33flat,20260504,,20260504_133337,zl0926_0504_left,zl-0926__20260504-left_v33flat__20260504_133337.npz
zl0926,zl-0926,left_v33flat,20260504,,20260504_133555,zl0926_0504_left,zl-0926__20260504-left_v33flat__20260504_133555.npz
zl0926,zl-0926,left_v33flat,20260504,,20260504_133817,zl0926_0504_left,zl-0926__20260504-left_v33flat__20260504_133817.npz
zl0926,zl-0926,left_v33flat,20260504,,20260504_134036,zl0926_0504_left,zl-0926__20260504-left_v33flat__20260504_134036.npz
zl0926,zl-0926,left_v33flat,20260504,,20260504_134255,zl0926_0504_left,zl-0926__20260504-left_v33flat__20260504_134255.npz
zl0926,zl-0926,left_v33flat,20260504,,20260504_134522,zl0926_0504_left,zl-0926__20260504-left_v33flat__20260504_134522.npz
zl0926,zl-0926,left_v33flat,20260504,,20260504_134745,zl0926_0504_left,zl-0926__20260504-left_v33flat__20260504_134745.npz
zl0926,zl-0926,left_v33flat,20260504,,20260504_135003,zl0926_0504_left,zl-0926__20260504-left_v33flat__20260504_135003.npz
zl0926,zl-0926,left_v33flat,20260504,,20260504_135232,zl0926_0504_left,zl-0926__20260504-left_v33flat__20260504_135232.npz
zl0926,zl-0926,left_v33flat,20260504,,20260504_135722,zl0926_0504_left,zl-0926__20260504-left_v33flat__20260504_135722.npz
zl0926,zl-0926,left_v33flat,20260504,,20260504_135940,zl0926_0504_left,zl-0926__20260504-left_v33flat__20260504_135940.npz
zl0926,zl-0926,left_v33flat,20260504,,20260504_140204,zl0926_0504_left,zl-0926__20260504-left_v33flat__20260504_140204.npz
zl0926,zl-0926,left_v33flat,20260504,,20260504_140419,zl0926_0504_left,zl-0926__20260504-left_v33flat__20260504_140419.npz
zl0926,zl-0926,left_v71,20260504,,20260504_145414,zl0926_0504_left,zl-0926__20260504-left_v71__20260504_145414.npz
zl0926,zl-0926,left_v71,20260504,,20260504_145633,zl0926_0504_left,zl-0926__20260504-left_v71__20260504_145633.npz
zl0926,zl-0926,left_v71,20260504,,20260504_145851,zl0926_0504_left,zl-0926__20260504-left_v71__20260504_145851.npz
zl0926,zl-0926,left_v71,20260504,,20260504_150139,zl0926_0504_left,zl-0926__20260504-left_v71__20260504_150139.npz
zl0926,zl-0926,left_v71,20260504,,20260504_150421,zl0926_0504_left,zl-0926__20260504-left_v71__20260504_150421.npz
zl0926,zl-0926,left_v71,20260504,,20260504_150647,zl0926_0504_left,zl-0926__20260504-left_v71__20260504_150647.npz
zl0926,zl-0926,left_v71,20260504,,20260504_150904,zl0926_0504_left,zl-0926__20260504-left_v71__20260504_150904.npz
zl0926,zl-0926,left_v71,20260504,,20260504_151120,zl0926_0504_left,zl-0926__20260504-left_v71__20260504_151120.npz
zl0926,zl-0926,left_v71,20260504,,20260504_151407,zl0926_0504_left,zl-0926__20260504-left_v71__20260504_151407.npz
zl0926,zl-0926,left_v71,20260504,,20260504_151622,zl0926_0504_left,zl-0926__20260504-left_v71__20260504_151622.npz
zl0926,zl-0926,left_v71,20260504,,20260504_151925,zl0926_0504_left,zl-0926__20260504-left_v71__20260504_151925.npz
zl0926,zl-0926,left_v71,20260504,,20260504_152142,zl0926_0504_left,zl-0926__20260504-left_v71__20260504_152142.npz
zl0926,zl-0926,left_v71,20260504,,20260504_152358,zl0926_0504_left,zl-0926__20260504-left_v71__20260504_152358.npz
zl0926,zl-0926,left_v71,20260504,,20260504_152616,zl0926_0504_left,zl-0926__20260504-left_v71__20260504_152616.npz
zl0926,zl-0926,left_v71,20260504,,20260504_152834,zl0926_0504_left,zl-0926__20260504-left_v71__20260504_152834.npz
zl0926,zl-0926,left_v71,20260504,,20260504_153049,zl0926_0504_left,zl-0926__20260504-left_v71__20260504_153049.npz
zl0926,zl-0926,left_v71,20260504,,20260504_153306,zl0926_0504_left,zl-0926__20260504-left_v71__20260504_153306.npz
zl0926,zl-0926,left_v71,20260504,,20260504_153522,zl0926_0504_left,zl-0926__20260504-left_v71__20260504_153522.npz
zl0926,zl-0926,left_v71,20260504,,20260504_153741,zl0926_0504_left,zl-0926__20260504-left_v71__20260504_153741.npz
zl0926,zl-0926,left_v71,20260504,,20260504_153956,zl0926_0504_left,zl-0926__20260504-left_v71__20260504_153956.npz
ghd1108,ghd1108,UNKNOWN,,,,ghd1108_20260513_lenovo,20260513_143928.npz
ghd1108,ghd1108,UNKNOWN,,,,ghd1108_20260513_lenovo,20260513_144158.npz
ghd1108,ghd1108,UNKNOWN,,,,ghd1108_20260513_lenovo,20260513_144531.npz
ghd1108,ghd1108,UNKNOWN,,,,ghd1108_20260513_lenovo,20260513_144751.npz
ghd1108,ghd1108,UNKNOWN,,,,ghd1108_20260513_lenovo,20260513_145052.npz
ghd1108,ghd1108,UNKNOWN,,,,ghd1108_20260513_lenovo,20260513_145323.npz
ghd1108,ghd1108,UNKNOWN,,,,ghd1108_20260513_lenovo,20260513_145537.npz
ghd1108,ghd1108,UNKNOWN,,,,ghd1108_20260513_lenovo,20260513_145751.npz
ghd1108,ghd1108,UNKNOWN,,,,ghd1108_20260513_lenovo,20260513_150217.npz
ghd1108,ghd1108,UNKNOWN,,,,ghd1108_20260513_lenovo,20260513_150431.npz
ghd1108,ghd1108,UNKNOWN,,,,ghd1108_20260513_redmi,20260513_162655.npz
ghd1108,ghd1108,UNKNOWN,,,,ghd1108_20260513_redmi,20260513_162919.npz
ghd1108,ghd1108,UNKNOWN,,,,ghd1108_20260513_redmi,20260513_163402.npz
ghd1108,ghd1108,UNKNOWN,,,,ghd1108_20260513_redmi,20260513_163624.npz
ghd1108,ghd1108,UNKNOWN,,,,ghd1108_20260513_redmi,20260513_163847.npz
ghd1108,ghd1108,UNKNOWN,,,,ghd1108_20260513_redmi,20260513_164109.npz
ghd1108,ghd1108,UNKNOWN,,,,ghd1108_20260513_redmi,20260513_164334.npz
ghd1108,ghd1108,UNKNOWN,,,,ghd1108_20260513_redmi,20260513_164556.npz
ghd1108,ghd1108,UNKNOWN,,,,ghd1108_20260513_redmi,20260513_164820.npz
ghd1108,ghd1108,UNKNOWN,,,,ghd1108_20260513_redmi,20260513_165050.npz
ghd1108,ghd1108,UNKNOWN,,,,ghd1108_20260518_redmi,20260518_154528.npz
ghd1108,ghd1108,UNKNOWN,,,,ghd1108_20260518_redmi,20260518_154850.npz
ghd1108,ghd1108,UNKNOWN,,,,ghd1108_20260518_redmi,20260518_155615.npz
ghd1108,ghd1108,UNKNOWN,,,,ghd1108_20260518_redmi,20260518_155835.npz
ghd1108,ghd1108,UNKNOWN,,,,ghd1108_20260518_redmi,20260518_160101.npz
ghd1108,ghd1108,UNKNOWN,,,,ghd1108_20260518_redmi,20260518_160324.npz
ghd1108,ghd1108,UNKNOWN,,,,ghd1108_20260518_redmi,20260518_161801.npz
ghd1108,ghd1108,UNKNOWN,,,,ghd1108_20260518_redmi,20260518_162023.npz
ghd1108,ghd1108,UNKNOWN,,,,ghd1108_20260518_redmi,20260518_162245.npz
ghd1108,ghd1108,UNKNOWN,,,,ghd1108_20260518_redmi,20260518_162506.npz
ghd1108,ghd1108,UNKNOWN,,,,ghd1108_20260518_redmi,20260518_162933.npz
ghd1108,ghd1108,UNKNOWN,,,,ghd1108_20260518_redmi,20260518_163156.npz
ghd1108,ghd1108,UNKNOWN,,,,ghd1108_20260518_redmi,20260518_163419.npz
ghd1108,ghd1108,UNKNOWN,,,,ghd1108_20260518_redmi,20260518_163641.npz
ghd1108,ghd1108,UNKNOWN,,,,ghd1108_20260518_redmi,20260518_163903.npz
ghd1108,ghd1108,UNKNOWN,,,,ghd1108_20260518_redmi,20260518_164124.npz
ghd1108,ghd1108,UNKNOWN,,,,ghd1108_20260518_redmi,20260518_164344.npz
ghd1108,ghd1108,UNKNOWN,,,,ghd1108_20260518_redmi,20260518_164603.npz
ghd1108,ghd1108,UNKNOWN,,,,ghd1108_20260518_redmi,20260518_164823.npz
ghd1108,ghd1108,UNKNOWN,,,,ghd1108_20260518_redmi,20260518_165044.npz
ghd1108,ghd1108,UNKNOWN,,,,ghd1108_20260518_yp9000,20260518_172835.npz
ghd1108,ghd1108,UNKNOWN,,,,ghd1108_20260518_yp9000,20260518_173052.npz
ghd1108,ghd1108,UNKNOWN,,,,ghd1108_20260518_yp9000,20260518_173310.npz
ghd1108,ghd1108,UNKNOWN,,,,ghd1108_20260518_yp9000,20260518_173529.npz
ghd1108,ghd1108,UNKNOWN,,,,ghd1108_20260518_yp9000,20260518_173803.npz
ghd1108,ghd1108,UNKNOWN,,,,ghd1108_20260518_yp9000,20260518_174020.npz
ghd1108,ghd1108,UNKNOWN,,,,ghd1108_20260518_yp9000,20260518_174237.npz
ghd1108,ghd1108,UNKNOWN,,,,ghd1108_20260518_yp9000,20260518_174453.npz
ghd1108,ghd1108,UNKNOWN,,,,ghd1108_20260518_yp9000,20260518_174711.npz
ghd1108,ghd1108,UNKNOWN,,,,ghd1108_20260518_yp9000,20260518_174933.npz
ghd1108,ghd1108,UNKNOWN,,,,ghd1108_20260518_yp9000,20260518_175224.npz
ghd1108,ghd1108,UNKNOWN,,,,ghd1108_20260518_yp9000,20260518_175443.npz
ghd1108,ghd1108,UNKNOWN,,,,ghd1108_20260518_yp9000,20260518_175700.npz
ghd1108,ghd1108,UNKNOWN,,,,ghd1108_20260518_yp9000,20260518_175916.npz
ghd1108,ghd1108,UNKNOWN,,,,ghd1108_20260518_yp9000,20260518_180133.npz
ghd1108,ghd1108,UNKNOWN,,,,ghd1108_20260518_yp9000,20260518_180355.npz
ghd1108,ghd1108,UNKNOWN,,,,ghd1108_20260518_yp9000,20260518_180613.npz
ghd1108,ghd1108,UNKNOWN,,,,ghd1108_20260518_yp9000,20260518_180831.npz
ghd1108,ghd1108,UNKNOWN,,,,ghd1108_20260518_yp9000,20260518_181046.npz
ghd1108,ghd1108,UNKNOWN,,,,ghd1108_20260518_yp9000,20260518_181302.npz
hjj0914,hjj0914,UNKNOWN,,,,hjj0914_20260519,20260519_105811.npz
hjj0914,hjj0914,UNKNOWN,,,,hjj0914_20260519,20260519_110111.npz
hjj0914,hjj0914,UNKNOWN,,,,hjj0914_20260519,20260519_110900.npz
hjj0914,hjj0914,UNKNOWN,,,,hjj0914_20260519,20260519_111125.npz
hjj0914,hjj0914,UNKNOWN,,,,hjj0914_20260519,20260519_111349.npz
hjj0914,hjj0914,UNKNOWN,,,,hjj0914_20260519,20260519_111615.npz
hjj0914,hjj0914,UNKNOWN,,,,hjj0914_20260519,20260519_111842.npz
hjj0914,hjj0914,UNKNOWN,,,,hjj0914_20260519,20260519_112109.npz
hjj0914,hjj0914,UNKNOWN,,,,hjj0914_20260519,20260519_112341.npz
hjj0914,hjj0914,UNKNOWN,,,,hjj0914_20260519,20260519_112607.npz
hjj0914,hjj0914,UNKNOWN,,,,hjj0914_20260519,20260519_112835.npz
hjj0914,hjj0914,UNKNOWN,,,,hjj0914_20260519,20260519_113102.npz
hjj0914,hjj0914,UNKNOWN,,,,hjj0914_20260519,20260519_113329.npz
hjj0914,hjj0914,UNKNOWN,,,,hjj0914_20260519,20260519_113556.npz
hjj0914,hjj0914,UNKNOWN,,,,hjj0914_20260519,20260519_113827.npz
hjj0914,hjj0914,UNKNOWN,,,,hjj0914_20260519,20260519_114101.npz
hjj0914,hjj0914,UNKNOWN,,,,hjj0914_20260519,20260519_114326.npz
hjj0914,hjj0914,UNKNOWN,,,,hjj0914_20260519,20260519_114549.npz
hjj0914,hjj0914,UNKNOWN,,,,hjj0914_20260519,20260519_114812.npz
hjj0914,hjj0914,UNKNOWN,,,,hjj0914_20260519,20260519_115036.npz
hjj0914,hjj0914,UNKNOWN,,,,hjj0914_20260519,20260519_133836.npz
hjj0914,hjj0914,UNKNOWN,,,,hjj0914_20260519,20260519_134110.npz
hjj0914,hjj0914,UNKNOWN,,,,hjj0914_20260519,20260519_134346.npz
hjj0914,hjj0914,UNKNOWN,,,,hjj0914_20260519,20260519_134614.npz
hjj0914,hjj0914,UNKNOWN,,,,hjj0914_20260519,20260519_134838.npz
hjj0914,hjj0914,UNKNOWN,,,,hjj0914_20260519,20260519_135106.npz
hjj0914,hjj0914,UNKNOWN,,,,hjj0914_20260519,20260519_135334.npz
hjj0914,hjj0914,UNKNOWN,,,,hjj0914_20260519,20260519_135606.npz
hjj0914,hjj0914,UNKNOWN,,,,hjj0914_20260519,20260519_154944.npz
hjj0914,hjj0914,UNKNOWN,,,,hjj0914_20260519,20260519_155211.npz
hjj0914,hjj0914,UNKNOWN,,,,hjj0914_20260519,20260519_155435.npz
hjj0914,hjj0914,UNKNOWN,,,,hjj0914_20260519,20260519_155703.npz
hjj0914,hjj0914,UNKNOWN,,,,hjj0914_20260519,20260519_155937.npz
hjj0914,hjj0914,UNKNOWN,,,,hjj0914_20260519,20260519_160401.npz
hjj0914,hjj0914,UNKNOWN,,,,hjj0914_20260519,20260519_160628.npz
hjj0914,hjj0914,UNKNOWN,,,,hjj0914_20260519,20260519_160854.npz
hjj0914,hjj0914,UNKNOWN,,,,hjj0914_20260519,20260519_161126.npz
hjj0914,hjj0914,UNKNOWN,,,,hjj0914_20260519,20260519_161350.npz
hjj0914,hjj0914,UNKNOWN,,,,hjj0914_20260519,20260519_161617.npz
hjj0914,hjj0914,UNKNOWN,,,,hjj0914_20260519,20260519_161841.npz
hjj0914,hjj0914,UNKNOWN,,,,hjj0914_20260519,20260519_165143.npz
hjj0914,hjj0914,UNKNOWN,,,,hjj0914_20260519,20260519_165413.npz
hjj0914,hjj0914,UNKNOWN,,,,hjj0914_20260519,20260519_165644.npz
hjj0914,hjj0914,UNKNOWN,,,,hjj0914_20260519,20260519_165955.npz
hjj0914,hjj0914,UNKNOWN,,,,hjj0914_20260519,20260519_170414.npz
hjj0914,hjj0914,UNKNOWN,,,,hjj0914_20260519,20260519_170647.npz
hjj0914,hjj0914,UNKNOWN,,,,hjj0914_20260519,20260519_170912.npz
hjj0914,hjj0914,UNKNOWN,,,,hjj0914_20260519,20260519_171139.npz
hjj0914,hjj0914,UNKNOWN,,,,hjj0914_20260519,20260519_171403.npz
hjj0914,hjj0914,UNKNOWN,,,,hjj0914_20260519,20260519_171632.npz
hjj0914,hjj0914,UNKNOWN,,,,hjj0914_20260519,20260519_171907.npz
hjj0914,hjj0914,UNKNOWN,,,,hjj0914_20260519,20260519_172145.npz
hjj0914,hjj0914,UNKNOWN,,,,hjj0914_20260519,20260519_172411.npz
hjj0914,hjj0914,UNKNOWN,,,,hjj0914_20260519,20260519_172638.npz
hjj0914,hjj0914,UNKNOWN,,,,hjj0914_20260519,20260519_172913.npz
hjj0914,hjj0914,UNKNOWN,,,,hjj0914_20260519,20260519_173141.npz
hjj0914,hjj0914,UNKNOWN,,,,hjj0914_20260519,20260519_173418.npz
hjj0914,hjj0914,UNKNOWN,,,,hjj0914_20260519,20260519_173646.npz
hjj0914,hjj0914,UNKNOWN,,,,hjj0914_20260519,20260519_173916.npz
hjj0914,hjj0914,UNKNOWN,,,,hjj0914_20260519,20260519_174259.npz
lah0708,lah0708,UNKNOWN,,,,lah0708_20260519,20260519_165419.npz
lah0708,lah0708,UNKNOWN,,,,lah0708_20260519,20260519_165645.npz
lah0708,lah0708,UNKNOWN,,,,lah0708_20260519,20260519_165912.npz
lah0708,lah0708,UNKNOWN,,,,lah0708_20260519,20260519_170137.npz
lah0708,lah0708,UNKNOWN,,,,lah0708_20260519,20260519_170401.npz
lah0708,lah0708,UNKNOWN,,,,lah0708_20260519,20260519_170622.npz
lah0708,lah0708,UNKNOWN,,,,lah0708_20260519,20260519_170841.npz
lah0708,lah0708,UNKNOWN,,,,lah0708_20260519,20260519_171101.npz
lah0708,lah0708,UNKNOWN,,,,lah0708_20260519,20260519_171319.npz
lah0708,lah0708,UNKNOWN,,,,lah0708_20260519,20260519_171538.npz
lah0708,lah0708,UNKNOWN,,,,lah0708_20260519,20260519_171806.npz
lah0708,lah0708,UNKNOWN,,,,lah0708_20260519,20260519_172026.npz
lah0708,lah0708,UNKNOWN,,,,lah0708_20260519,20260519_172245.npz
lah0708,lah0708,UNKNOWN,,,,lah0708_20260519,20260519_172507.npz
lah0708,lah0708,UNKNOWN,,,,lah0708_20260519,20260519_172732.npz
lah0708,lah0708,UNKNOWN,,,,lah0708_20260519,20260519_172951.npz
lah0708,lah0708,UNKNOWN,,,,lah0708_20260519,20260519_173213.npz
lah0708,lah0708,UNKNOWN,,,,lah0708_20260519,20260519_173437.npz
lah0708,lah0708,UNKNOWN,,,,lah0708_20260519,20260519_173659.npz
lah0708,lah0708,UNKNOWN,,,,lah0708_20260519,20260519_173916.npz
ljx0904,ljx0904,UNKNOWN,,,,ljx0904_20260519,20260519_115647.npz
ljx0904,ljx0904,UNKNOWN,,,,ljx0904_20260519,20260519_115922.npz
ljx0904,ljx0904,UNKNOWN,,,,ljx0904_20260519,20260519_125814.npz
ljx0904,ljx0904,UNKNOWN,,,,ljx0904_20260519,20260519_130047.npz
ljx0904,ljx0904,UNKNOWN,,,,ljx0904_20260519,20260519_130322.npz
ljx0904,ljx0904,UNKNOWN,,,,ljx0904_20260519,20260519_130552.npz
ljx0904,ljx0904,UNKNOWN,,,,ljx0904_20260519,20260519_130818.npz
ljx0904,ljx0904,UNKNOWN,,,,ljx0904_20260519,20260519_131324.npz
ljx0904,ljx0904,UNKNOWN,,,,ljx0904_20260519,20260519_131610.npz
ljx0904,ljx0904,UNKNOWN,,,,ljx0904_20260519,20260519_131835.npz
ljx0904,ljx0904,UNKNOWN,,,,ljx0904_20260519,20260519_132108.npz
ljx0904,ljx0904,UNKNOWN,,,,ljx0904_20260519,20260519_132332.npz
ljx0904,ljx0904,UNKNOWN,,,,ljx0904_20260519,20260519_132559.npz
ljx0904,ljx0904,UNKNOWN,,,,ljx0904_20260519,20260519_132822.npz
ljx0904,ljx0904,UNKNOWN,,,,ljx0904_20260519,20260519_133048.npz
ljx0904,ljx0904,UNKNOWN,,,,ljx0904_20260519,20260519_133312.npz
ljx0904,ljx0904,UNKNOWN,,,,ljx0904_20260519,20260519_133544.npz
ljx0904,ljx0904,UNKNOWN,,,,ljx0904_20260519,20260519_133809.npz
ljx0904,ljx0904,UNKNOWN,,,,ljx0904_20260519,20260519_134033.npz
ljx0904,ljx0904,UNKNOWN,,,,ljx0904_20260519,20260519_134256.npz
ljx0904,ljx0904,UNKNOWN,,,,ljx0904_20260519,20260519_151216.npz
ljx0904,ljx0904,UNKNOWN,,,,ljx0904_20260519,20260519_151441.npz
ljx0904,ljx0904,UNKNOWN,,,,ljx0904_20260519,20260519_151713.npz
ljx0904,ljx0904,UNKNOWN,,,,ljx0904_20260519,20260519_151942.npz
ljx0904,ljx0904,UNKNOWN,,,,ljx0904_20260519,20260519_152209.npz
ljx0904,ljx0904,UNKNOWN,,,,ljx0904_20260519,20260519_152524.npz
ljx0904,ljx0904,UNKNOWN,,,,ljx0904_20260519,20260519_152749.npz
ljx0904,ljx0904,UNKNOWN,,,,ljx0904_20260519,20260519_153011.npz
ljx0904,ljx0904,UNKNOWN,,,,ljx0904_20260519,20260519_153232.npz
ljx0904,ljx0904,UNKNOWN,,,,ljx0904_20260519,20260519_153457.npz
ljx0904,ljx0904,UNKNOWN,,,,ljx0904_20260519,20260519_153718.npz
ljx0904,ljx0904,UNKNOWN,,,,ljx0904_20260519,20260519_153958.npz
ljx0904,ljx0904,UNKNOWN,,,,ljx0904_20260519,20260519_154217.npz
ljx0904,ljx0904,UNKNOWN,,,,ljx0904_20260519,20260519_154450.npz
ljx0904,ljx0904,UNKNOWN,,,,ljx0904_20260519,20260519_154712.npz
ljx0904,ljx0904,UNKNOWN,,,,ljx0904_20260519,20260519_154948.npz
ljx0904,ljx0904,UNKNOWN,,,,ljx0904_20260519,20260519_155234.npz
ljx0904,ljx0904,UNKNOWN,,,,ljx0904_20260519,20260519_155500.npz
ljx0904,ljx0904,UNKNOWN,,,,ljx0904_20260519,20260519_155726.npz
ljx0904,ljx0904,UNKNOWN,,,,ljx0904_20260519,20260519_160014.npz
ljx0904,ljx0904,UNKNOWN,,,,ljx0904_20260519,20260519_164615.npz
ljx0904,ljx0904,UNKNOWN,,,,ljx0904_20260519,20260519_164846.npz
ljx0904,ljx0904,UNKNOWN,,,,ljx0904_20260519,20260519_165125.npz
ljx0904,ljx0904,UNKNOWN,,,,ljx0904_20260519,20260519_165354.npz
ljx0904,ljx0904,UNKNOWN,,,,ljx0904_20260519,20260519_165632.npz
ljx0904,ljx0904,UNKNOWN,,,,ljx0904_20260519,20260519_165858.npz
ljx0904,ljx0904,UNKNOWN,,,,ljx0904_20260519,20260519_170122.npz
ljx0904,ljx0904,UNKNOWN,,,,ljx0904_20260519,20260519_170351.npz
ljx0904,ljx0904,UNKNOWN,,,,ljx0904_20260519,20260519_170620.npz
ljx0904,ljx0904,UNKNOWN,,,,ljx0904_20260519,20260519_170852.npz
ljx0904,ljx0904,UNKNOWN,,,,ljx0904_20260519,20260519_171118.npz
ljx0904,ljx0904,UNKNOWN,,,,ljx0904_20260519,20260519_171344.npz
ljx0904,ljx0904,UNKNOWN,,,,ljx0904_20260519,20260519_171617.npz
ljx0904,ljx0904,UNKNOWN,,,,ljx0904_20260519,20260519_171841.npz
ljx0904,ljx0904,UNKNOWN,,,,ljx0904_20260519,20260519_172103.npz
ljx0904,ljx0904,UNKNOWN,,,,ljx0904_20260519,20260519_172328.npz
ljx0904,ljx0904,UNKNOWN,,,,ljx0904_20260519,20260519_172553.npz
ljx0904,ljx0904,UNKNOWN,,,,ljx0904_20260519,20260519_172824.npz
ljx0904,ljx0904,UNKNOWN,,,,ljx0904_20260519,20260519_173050.npz
ljx0904,ljx0904,UNKNOWN,,,,ljx0904_20260519,20260519_173318.npz
lql0125,lql0125,UNKNOWN,,,,lql0125_20260519,20260519_191847.npz
lql0125,lql0125,UNKNOWN,,,,lql0125_20260519,20260519_192108.npz
lql0125,lql0125,UNKNOWN,,,,lql0125_20260519,20260519_192329.npz
lql0125,lql0125,UNKNOWN,,,,lql0125_20260519,20260519_192553.npz
lql0125,lql0125,UNKNOWN,,,,lql0125_20260519,20260519_192813.npz
lql0125,lql0125,UNKNOWN,,,,lql0125_20260519,20260519_193052.npz
lql0125,lql0125,UNKNOWN,,,,lql0125_20260519,20260519_193327.npz
lql0125,lql0125,UNKNOWN,,,,lql0125_20260519,20260519_193618.npz
lql0125,lql0125,UNKNOWN,,,,lql0125_20260519,20260519_193843.npz
lql0125,lql0125,UNKNOWN,,,,lql0125_20260519,20260519_194103.npz
lql0125,lql0125,UNKNOWN,,,,lql0125_20260519,20260519_194323.npz
lql0125,lql0125,UNKNOWN,,,,lql0125_20260519,20260519_194540.npz
lql0125,lql0125,UNKNOWN,,,,lql0125_20260519,20260519_194759.npz
lql0125,lql0125,UNKNOWN,,,,lql0125_20260519,20260519_195022.npz
lql0125,lql0125,UNKNOWN,,,,lql0125_20260519,20260519_195246.npz
lql0125,lql0125,UNKNOWN,,,,lql0125_20260519,20260519_195506.npz
lql0125,lql0125,UNKNOWN,,,,lql0125_20260519,20260519_195725.npz
lql0125,lql0125,UNKNOWN,,,,lql0125_20260519,20260519_195945.npz
lql0125,lql0125,UNKNOWN,,,,lql0125_20260519,20260519_200203.npz
lql0125,lql0125,UNKNOWN,,,,lql0125_20260519,20260519_200421.npz
lsh0126,lsh0126,UNKNOWN,,,,lsh0126_20260514,20260514_141226.npz
lsh0126,lsh0126,UNKNOWN,,,,lsh0126_20260514,20260514_141454.npz
lsh0126,lsh0126,UNKNOWN,,,,lsh0126_20260514,20260514_141727.npz
lsh0126,lsh0126,UNKNOWN,,,,lsh0126_20260514,20260514_141952.npz
lsh0126,lsh0126,UNKNOWN,,,,lsh0126_20260514,20260514_142218.npz
lsh0126,lsh0126,UNKNOWN,,,,lsh0126_20260514,20260514_142451.npz
lsh0126,lsh0126,UNKNOWN,,,,lsh0126_20260514,20260514_142732.npz
lsh0126,lsh0126,UNKNOWN,,,,lsh0126_20260514,20260514_143009.npz
lsh0126,lsh0126,UNKNOWN,,,,lsh0126_20260514,20260514_143252.npz
lsh0126,lsh0126,UNKNOWN,,,,lsh0126_20260514,20260514_143526.npz
lsh0126,lsh0126,UNKNOWN,,,,lsh0126_20260514,20260514_143811.npz
lsh0126,lsh0126,UNKNOWN,,,,lsh0126_20260514,20260514_144044.npz
lsh0126,lsh0126,UNKNOWN,,,,lsh0126_20260514,20260514_144316.npz
lsh0126,lsh0126,UNKNOWN,,,,lsh0126_20260514,20260514_144546.npz
lsh0126,lsh0126,UNKNOWN,,,,lsh0126_20260514,20260514_144830.npz
lsh0126,lsh0126,UNKNOWN,,,,lsh0126_20260514,20260514_145100.npz
lsh0126,lsh0126,UNKNOWN,,,,lsh0126_20260514,20260514_145332.npz
lsh0126,lsh0126,UNKNOWN,,,,lsh0126_20260514,20260514_151335.npz
lsh0126,lsh0126,UNKNOWN,,,,lsh0126_20260514,20260514_151602.npz
lsh0126,lsh0126,UNKNOWN,,,,lsh0126_20260514,20260514_151829.npz
lsh0126,lsh0126,UNKNOWN,,,,lsh0126_20260514,20260514_152715.npz
lsh0126,lsh0126,UNKNOWN,,,,lsh0126_20260514,20260514_152942.npz
lsh0126,lsh0126,UNKNOWN,,,,lsh0126_20260514,20260514_153209.npz
lsh0126,lsh0126,UNKNOWN,,,,lsh0126_20260514,20260514_153449.npz
lsh0126,lsh0126,UNKNOWN,,,,lsh0126_20260514,20260514_153721.npz
lsh0126,lsh0126,UNKNOWN,,,,lsh0126_20260514,20260514_153953.npz
lsh0126,lsh0126,UNKNOWN,,,,lsh0126_20260514,20260514_154234.npz
lsh0126,lsh0126,UNKNOWN,,,,lsh0126_20260514,20260514_154518.npz
lsh0126,lsh0126,UNKNOWN,,,,lsh0126_20260514,20260514_154743.npz
lsh0126,lsh0126,UNKNOWN,,,,lsh0126_20260514,20260514_173726.npz
lsh0126,lsh0126,UNKNOWN,,,,lsh0126_20260514,20260514_181302.npz
lsh0126,lsh0126,UNKNOWN,,,,lsh0126_20260514,20260514_181533.npz
lsh0126,lsh0126,UNKNOWN,,,,lsh0126_20260514,20260514_181856.npz
lsh0126,lsh0126,UNKNOWN,,,,lsh0126_20260514,20260514_182135.npz
lsh0126,lsh0126,UNKNOWN,,,,lsh0126_20260514,20260514_182359.npz
lsh0126,lsh0126,UNKNOWN,,,,lsh0126_20260514,20260514_182639.npz
lsh0126,lsh0126,UNKNOWN,,,,lsh0126_20260514,20260514_191027.npz
lsh0126,lsh0126,UNKNOWN,,,,lsh0126_20260514,20260514_191953.npz
lsh0126,lsh0126,UNKNOWN,,,,lsh0126_20260514,20260514_192319.npz
lsh0126,lsh0126,UNKNOWN,,,,lsh0126_20260514,20260514_193706.npz
lsh0126,lsh0126,UNKNOWN,,,,lsh0126_20260514,20260514_194310.npz
lsh0126,lsh0126,UNKNOWN,,,,lsh0126_20260514,20260514_194603.npz
lsh0126,lsh0126,UNKNOWN,,,,lsh0126_20260514,20260514_194846.npz
lsh0126,lsh0126,UNKNOWN,,,,lsh0126_20260514,20260514_195224.npz
lsh0126,lsh0126,UNKNOWN,,,,lsh0126_20260514,20260514_195506.npz
lsh0126,lsh0126,UNKNOWN,,,,lsh0126_20260514,20260514_200056.npz
lsh0126,lsh0126,UNKNOWN,,,,lsh0126_20260514,20260514_200320.npz
lsh0126,lsh0126,UNKNOWN,,,,lsh0126_20260514,20260514_200545.npz
lsh0126,lsh0126,UNKNOWN,,,,lsh0126_20260514,20260514_200814.npz
lsh0126,lsh0126,UNKNOWN,,,,lsh0126_20260514,20260514_201208.npz
lsh0126,lsh0126,UNKNOWN,,,,lsh0126_20260514,20260514_201433.npz
lsh0126,lsh0126,UNKNOWN,,,,lsh0126_20260514,20260514_201657.npz
lsh0126,lsh0126,UNKNOWN,,,,lsh0126_20260514,20260514_202003.npz
lsh0126,lsh0126,UNKNOWN,,,,lsh0126_20260514,20260514_202225.npz
lsh0126,lsh0126,UNKNOWN,,,,lsh0126_20260514,20260514_202451.npz
lsh0126,lsh0126,UNKNOWN,,,,lsh0126_20260514,20260514_202734.npz
lsh0126,lsh0126,UNKNOWN,,,,lsh0126_20260514,20260514_203002.npz
lsh0126,lsh0126,UNKNOWN,,,,lsh0126_20260514,20260514_203231.npz
lsh0126,lsh0126,UNKNOWN,,,,lsh0126_20260514,20260514_203457.npz
lsh0126,lsh0126,UNKNOWN,,,,lsh0126_20260514,20260514_203723.npz
lsh0126,lsh0126,UNKNOWN,,,,lsh0126_20260514,20260514_203944.npz
lsh0126,lsh0126,UNKNOWN,,,,lsh0126_20260514,20260514_204207.npz
lsh0126,lsh0126,UNKNOWN,,,,lsh0126_20260514,20260514_204437.npz
lsh0126,lsh0126,UNKNOWN,,,,lsh0126_20260514,20260514_204702.npz
lsh0126,lsh0126,UNKNOWN,,,,lsh0126_20260514,20260514_204927.npz
lsh0126,lsh0126,UNKNOWN,,,,lsh0126_20260514,20260514_205152.npz
lsh0126,lsh0126,UNKNOWN,,,,lsh0126_20260514,20260514_205417.npz
lsh0126,lsh0126,UNKNOWN,,,,lsh0126_20260514,20260514_205642.npz
lsh0126,lsh0126,UNKNOWN,,,,lsh0126_20260514,20260514_205907.npz
lsh0126,lsh0126,UNKNOWN,,,,lsh0126_20260514,20260514_210132.npz
lsh0126,lsh0126,UNKNOWN,,,,lsh0126_20260514,20260514_210358.npz
lsh0126,lsh0126,UNKNOWN,,,,lsh0126_20260514,20260514_210624.npz
lsh0126,lsh0126,UNKNOWN,,,,lsh0126_20260514,20260514_210847.npz
lsh0126,lsh0126,UNKNOWN,,,,lsh0126_20260514,20260514_212210.npz
lsh0126,lsh0126,UNKNOWN,,,,lsh0126_20260514,20260514_212536.npz
lsh0126,lsh0126,UNKNOWN,,,,lsh0126_20260519,20260519_201424.npz
lsh0126,lsh0126,UNKNOWN,,,,lsh0126_20260519,20260519_201652.npz
lsh0126,lsh0126,UNKNOWN,,,,lsh0126_20260519,20260519_201918.npz
lsh0126,lsh0126,UNKNOWN,,,,lsh0126_20260519,20260519_202145.npz
lsh0126,lsh0126,UNKNOWN,,,,lsh0126_20260519,20260519_202409.npz
lsh0126,lsh0126,UNKNOWN,,,,lsh0126_20260519,20260519_202753.npz
lsh0126,lsh0126,UNKNOWN,,,,lsh0126_20260519,20260519_203019.npz
lsh0126,lsh0126,UNKNOWN,,,,lsh0126_20260519,20260519_203243.npz
lsh0126,lsh0126,UNKNOWN,,,,lsh0126_20260519,20260519_203718.npz
lsh0126,lsh0126,UNKNOWN,,,,lsh0126_20260519,20260519_203942.npz
lsh0126,lsh0126,UNKNOWN,,,,lsh0126_20260519,20260519_204207.npz
lsh0126,lsh0126,UNKNOWN,,,,lsh0126_20260519,20260519_204432.npz
lsh0126,lsh0126,UNKNOWN,,,,lsh0126_20260519,20260519_204655.npz
lsh0126,lsh0126,UNKNOWN,,,,lsh0126_20260519,20260519_204919.npz
lsh0126,lsh0126,UNKNOWN,,,,lsh0126_20260519,20260519_205140.npz
lsh0126,lsh0126,UNKNOWN,,,,lsh0126_20260519,20260519_205406.npz
lsh0126,lsh0126,UNKNOWN,,,,lsh0126_20260519,20260519_205631.npz
lsh0126,lsh0126,UNKNOWN,,,,lsh0126_20260519,20260519_205856.npz
lsh0126,lsh0126,UNKNOWN,,,,lsh0126_20260519,20260519_210118.npz
lsh0126,lsh0126,UNKNOWN,,,,lsh0126_20260519,20260519_210347.npz
lwq0901,lwq0901,UNKNOWN,,,,lwq0901_20260518,20260518_204128.npz
lwq0901,lwq0901,UNKNOWN,,,,lwq0901_20260518,20260518_204402.npz
lwq0901,lwq0901,UNKNOWN,,,,lwq0901_20260518,20260518_204626.npz
lwq0901,lwq0901,UNKNOWN,,,,lwq0901_20260518,20260518_204905.npz
lwq0901,lwq0901,UNKNOWN,,,,lwq0901_20260518,20260518_205132.npz
lwq0901,lwq0901,UNKNOWN,,,,lwq0901_20260518,20260518_205404.npz
lwq0901,lwq0901,UNKNOWN,,,,lwq0901_20260518,20260518_205626.npz
lwq0901,lwq0901,UNKNOWN,,,,lwq0901_20260518,20260518_205850.npz
lwq0901,lwq0901,UNKNOWN,,,,lwq0901_20260518,20260518_210113.npz
lwq0901,lwq0901,UNKNOWN,,,,lwq0901_20260518,20260518_210342.npz
lwq0901,lwq0901,UNKNOWN,,,,lwq0901_20260518,20260518_210603.npz
lwq0901,lwq0901,UNKNOWN,,,,lwq0901_20260518,20260518_210828.npz
lwq0901,lwq0901,UNKNOWN,,,,lwq0901_20260518,20260518_211056.npz
lwq0901,lwq0901,UNKNOWN,,,,lwq0901_20260518,20260518_211318.npz
lwq0901,lwq0901,UNKNOWN,,,,lwq0901_20260518,20260518_211541.npz
lwq0901,lwq0901,UNKNOWN,,,,lwq0901_20260518,20260518_211824.npz
lwq0901,lwq0901,UNKNOWN,,,,lwq0901_20260518,20260518_212049.npz
lwq0901,lwq0901,UNKNOWN,,,,lwq0901_20260518,20260518_212321.npz
lwq0901,lwq0901,UNKNOWN,,,,lwq0901_20260518,20260518_212543.npz
lwq0901,lwq0901,UNKNOWN,,,,lwq0901_20260518,20260518_212805.npz
lwq0901,lwq0901,UNKNOWN,,,,lwq0901_20260518,20260518_213028.npz
lwq0901,lwq0901,UNKNOWN,,,,lwq0901_20260518,20260518_213318.npz
lwq0901,lwq0901,UNKNOWN,,,,lwq0901_20260518,20260518_213547.npz
mlj0303,mlj0303,UNKNOWN,,,,mlj0303_20260518,20260518_203732.npz
mlj0303,mlj0303,UNKNOWN,,,,mlj0303_20260518,20260518_204025.npz
mlj0303,mlj0303,UNKNOWN,,,,mlj0303_20260518,20260518_204259.npz
mlj0303,mlj0303,UNKNOWN,,,,mlj0303_20260518,20260518_204607.npz
mlj0303,mlj0303,UNKNOWN,,,,mlj0303_20260518,20260518_204939.npz
mlj0303,mlj0303,UNKNOWN,,,,mlj0303_20260518,20260518_205416.npz
mlj0303,mlj0303,UNKNOWN,,,,mlj0303_20260518,20260518_205654.npz
mlj0303,mlj0303,UNKNOWN,,,,mlj0303_20260518,20260518_205942.npz
mlj0303,mlj0303,UNKNOWN,,,,mlj0303_20260518,20260518_210203.npz
mlj0303,mlj0303,UNKNOWN,,,,mlj0303_20260518,20260518_210449.npz
mlj0303,mlj0303,UNKNOWN,,,,mlj0303_20260518,20260518_210713.npz
mlj0303,mlj0303,UNKNOWN,,,,mlj0303_20260518,20260518_210939.npz
mlj0303,mlj0303,UNKNOWN,,,,mlj0303_20260518,20260518_211158.npz
mlj0303,mlj0303,UNKNOWN,,,,mlj0303_20260518,20260518_211421.npz
mlj0303,mlj0303,UNKNOWN,,,,mlj0303_20260518,20260518_211641.npz
mlj0303,mlj0303,UNKNOWN,,,,mlj0303_20260519,20260519_185030.npz
mlj0303,mlj0303,UNKNOWN,,,,mlj0303_20260519,20260519_185313.npz
mlj0303,mlj0303,UNKNOWN,,,,mlj0303_20260519,20260519_185536.npz
mlj0303,mlj0303,UNKNOWN,,,,mlj0303_20260519,20260519_185801.npz
mlj0303,mlj0303,UNKNOWN,,,,mlj0303_20260519,20260519_190033.npz
mlj0303,mlj0303,UNKNOWN,,,,mlj0303_20260519,20260519_191643.npz
mlj0303,mlj0303,UNKNOWN,,,,mlj0303_20260519,20260519_191907.npz
mlj0303,mlj0303,UNKNOWN,,,,mlj0303_20260519,20260519_192212.npz
mlj0303,mlj0303,UNKNOWN,,,,mlj0303_20260519,20260519_192454.npz
mlj0303,mlj0303,UNKNOWN,,,,mlj0303_20260519,20260519_192719.npz
mlj0303,mlj0303,UNKNOWN,,,,mlj0303_20260519,20260519_192946.npz
mlj0303,mlj0303,UNKNOWN,,,,mlj0303_20260519,20260519_193213.npz
mlj0303,mlj0303,UNKNOWN,,,,mlj0303_20260519,20260519_193543.npz
mlj0303,mlj0303,UNKNOWN,,,,mlj0303_20260519,20260519_194240.npz
mlj0303,mlj0303,UNKNOWN,,,,mlj0303_20260519,20260519_194522.npz
mlj0303,mlj0303,UNKNOWN,,,,mlj0303_20260519,20260519_194746.npz
mlj0303,mlj0303,UNKNOWN,,,,mlj0303_20260519,20260519_195009.npz
mlj0303,mlj0303,UNKNOWN,,,,mlj0303_20260519,20260519_195236.npz
mlj0303,mlj0303,UNKNOWN,,,,mlj0303_20260519,20260519_195503.npz
mlj0303,mlj0303,UNKNOWN,,,,mlj0303_20260519,20260519_195728.npz
mlj0303,mlj0303,UNKNOWN,,,,mlj0303_20260519,20260519_195955.npz
mlj0303,mlj0303,UNKNOWN,,,,mlj0303_20260519,20260519_200219.npz
mlj0303,mlj0303,UNKNOWN,,,,mlj0303_20260519,20260519_200448.npz
mlj0303,mlj0303,UNKNOWN,,,,mlj0303_20260519,20260519_200719.npz
mlj0303,mlj0303,UNKNOWN,,,,mlj0303_20260519,20260519_200944.npz
pgy0226,pgy0226,UNKNOWN,,,,pgy0226_20260426_run1,20260426-left-2__20260426_153715.npz
pgy0226,pgy0226,UNKNOWN,,,,pgy0226_20260426_run1,20260426-left-2__20260426_154450.npz
pgy0226,pgy0226,UNKNOWN,,,,pgy0226_20260426_run1,20260426-left-2__20260426_154944.npz
pgy0226,pgy0226,UNKNOWN,,,,pgy0226_20260426_run1,20260426-left-3__20260426_161854.npz
pgy0226,pgy0226,UNKNOWN,,,,pgy0226_20260426_run1,20260426-left-3__20260426_161928.npz
pgy0226,pgy0226,UNKNOWN,,,,pgy0226_20260426_run1,20260426-left-3__20260426_164221.npz
pgy0226,pgy0226,UNKNOWN,,,,pgy0226_20260426_run1,20260426-left-3__20260426_164455.npz
pgy0226,pgy0226,UNKNOWN,,,,pgy0226_20260426_run1,20260426-left-3__20260426_165202.npz
pgy0226,pgy0226,UNKNOWN,,,,pgy0226_20260426_run1,20260426-left-3__20260426_165909.npz
pgy0226,pgy0226,UNKNOWN,,,,pgy0226_20260426_run1,20260426-left-3__20260426_171555.npz
pgy0226,pgy0226,UNKNOWN,,,,pgy0226_20260426_run1,20260426-left-3__20260426_171844.npz
pgy0226,pgy0226,UNKNOWN,,,,pgy0226_20260426_run1,20260426-left-3__20260426_173857.npz
pgy0226,pgy0226,UNKNOWN,,,,pgy0226_20260426_run1,20260426-left-3__20260426_180538.npz
pgy0226,pgy0226,UNKNOWN,,,,pgy0226_20260426_run1,20260514-left-2__20260514_130850.npz
pgy0226,pgy0226,UNKNOWN,,,,pgy0226_20260426_run1,20260514-left-3__20260514_132515.npz
pgy0226,pgy0226,UNKNOWN,,,,pgy0226_20260426_run1,20260514-left-3__20260514_134024.npz
pgy0226,pgy0226,UNKNOWN,,,,pgy0226_20260426_run1,20260514-left-4__20260514_135135.npz
pgy0226,pgy0226,UNKNOWN,,,,pgy0226_20260513,20260513_133039.npz
pgy0226,pgy0226,UNKNOWN,,,,pgy0226_20260513,20260513_133443.npz
pgy0226,pgy0226,UNKNOWN,,,,pgy0226_20260514,20260514_113614.npz
pgy0226,pgy0226,UNKNOWN,,,,pgy0226_20260514,20260514_113935.npz
pgy0226,pgy0226,UNKNOWN,,,,pgy0226_20260514,20260514_130620.npz
pgy0226,pgy0226,UNKNOWN,,,,pgy0226_20260514,20260514_130850.npz
pgy0226,pgy0226,UNKNOWN,,,,pgy0226_20260514,20260514_131137.npz
pgy0226,pgy0226,UNKNOWN,,,,pgy0226_20260514,20260514_131405.npz
pgy0226,pgy0226,UNKNOWN,,,,pgy0226_20260514,20260514_132515.npz
pgy0226,pgy0226,UNKNOWN,,,,pgy0226_20260514,20260514_132744.npz
pgy0226,pgy0226,UNKNOWN,,,,pgy0226_20260514,20260514_133010.npz
pgy0226,pgy0226,UNKNOWN,,,,pgy0226_20260514,20260514_133243.npz
pgy0226,pgy0226,UNKNOWN,,,,pgy0226_20260514,20260514_133507.npz
pgy0226,pgy0226,UNKNOWN,,,,pgy0226_20260514,20260514_133757.npz
pgy0226,pgy0226,UNKNOWN,,,,pgy0226_20260514,20260514_134024.npz
pgy0226,pgy0226,UNKNOWN,,,,pgy0226_20260514,20260514_134327.npz
pgy0226,pgy0226,UNKNOWN,,,,pgy0226_20260514,20260514_134600.npz
pgy0226,pgy0226,UNKNOWN,,,,pgy0226_20260514,20260514_134828.npz
pgy0226,pgy0226,UNKNOWN,,,,pgy0226_20260514,20260514_135135.npz
pgy0226,pgy0226,UNKNOWN,,,,pgy0226_20260514,20260514_135413.npz
yxf0320,yxf0320,UNKNOWN,,,,yxf0320_20260513_lenovo,20260513_052441.npz
yxf0320,yxf0320,UNKNOWN,,,,yxf0320_20260513_lenovo,20260513_052657.npz
yxf0320,yxf0320,UNKNOWN,,,,yxf0320_20260513_lenovo,20260513_053503.npz
yxf0320,yxf0320,UNKNOWN,,,,yxf0320_20260513_lenovo,20260513_053844.npz
yxf0320,yxf0320,UNKNOWN,,,,yxf0320_20260513_lenovo,20260513_054135.npz
yxf0320,yxf0320,UNKNOWN,,,,yxf0320_20260513_lenovo,20260513_054507.npz
yxf0320,yxf0320,UNKNOWN,,,,yxf0320_20260513_lenovo,20260513_054755.npz
yxf0320,yxf0320,UNKNOWN,,,,yxf0320_20260513_lenovo,20260513_055012.npz
yxf0320,yxf0320,UNKNOWN,,,,yxf0320_20260513_lenovo,20260513_055237.npz
yxf0320,yxf0320,UNKNOWN,,,,yxf0320_20260513_lenovo,20260513_055524.npz
yxf0320,yxf0320,UNKNOWN,,,,yxf0320_20260513_redmi,20260513_142007.npz
yxf0320,yxf0320,UNKNOWN,,,,yxf0320_20260513_redmi,20260513_142233.npz
yxf0320,yxf0320,UNKNOWN,,,,yxf0320_20260513_redmi,20260513_153310.npz
yxf0320,yxf0320,UNKNOWN,,,,yxf0320_20260513_redmi,20260513_153539.npz
yxf0320,yxf0320,UNKNOWN,,,,yxf0320_20260513_redmi,20260513_153805.npz
yxf0320,yxf0320,UNKNOWN,,,,yxf0320_20260513_redmi,20260513_154434.npz
yxf0320,yxf0320,UNKNOWN,,,,yxf0320_20260513_redmi,20260513_155031.npz
yxf0320,yxf0320,UNKNOWN,,,,yxf0320_20260513_redmi,20260513_155251.npz
yxf0320,yxf0320,UNKNOWN,,,,yxf0320_20260513_redmi,20260513_155536.npz
yxf0320,yxf0320,UNKNOWN,,,,yxf0320_20260513_redmi,20260513_155758.npz
yxf0320,yxf0320,UNKNOWN,,,,yxf0320_20260514,20260514_130540.npz
yxf0320,yxf0320,UNKNOWN,,,,yxf0320_20260514,20260514_130831.npz
yxf0320,yxf0320,UNKNOWN,,,,yxf0320_20260514,20260514_131051.npz
yxf0320,yxf0320,UNKNOWN,,,,yxf0320_20260514,20260514_131318.npz
yxf0320,yxf0320,UNKNOWN,,,,yxf0320_20260514,20260514_131811.npz
yxf0320,yxf0320,UNKNOWN,,,,yxf0320_20260514,20260514_132101.npz
yxf0320,yxf0320,UNKNOWN,,,,yxf0320_20260514,20260514_132359.npz
yxf0320,yxf0320,UNKNOWN,,,,yxf0320_20260514,20260514_132629.npz
yxf0320,yxf0320,UNKNOWN,,,,yxf0320_20260514,20260514_132906.npz
yxf0320,yxf0320,UNKNOWN,,,,yxf0320_20260514,20260514_133127.npz
yxf0320,yxf0320,UNKNOWN,,,,yxf0320_20260514,20260514_133509.npz
yxf0320,yxf0320,UNKNOWN,,,,yxf0320_20260514,20260514_133743.npz
yxf0320,yxf0320,UNKNOWN,,,,yxf0320_20260514,20260514_134007.npz
yxf0320,yxf0320,UNKNOWN,,,,yxf0320_20260514,20260514_134228.npz
yxf0320,yxf0320,UNKNOWN,,,,yxf0320_20260514,20260514_134446.npz
yxf0320,yxf0320,UNKNOWN,,,,yxf0320_20260514,20260514_134739.npz
yxf0320,yxf0320,UNKNOWN,,,,yxf0320_20260514,20260514_135000.npz
yxf0320,yxf0320,UNKNOWN,,,,yxf0320_20260514,20260514_135225.npz
yxf0320,yxf0320,UNKNOWN,,,,yxf0320_20260514,20260514_135446.npz
yxf0320,yxf0320,UNKNOWN,,,,yxf0320_20260514,20260514_135733.npz
yxf0320,yxf0320,UNKNOWN,,,,yxf0320_20260514,20260514_140006.npz
yxf0320,yxf0320,UNKNOWN,,,,yxf0320_20260514,20260514_140226.npz
yxf0320,yxf0320,UNKNOWN,,,,yxf0320_20260514,20260514_140447.npz
yxf0320,yxf0320,UNKNOWN,,,,yxf0320_20260514,20260514_140709.npz
yxf0320,yxf0320,UNKNOWN,,,,yxf0320_20260514,20260514_140950.npz
yxf0320,yxf0320,UNKNOWN,,,,yxf0320_20260514,20260514_141314.npz
yxf0320,yxf0320,UNKNOWN,,,,yxf0320_20260514,20260514_141534.npz
yxf0320,yxf0320,UNKNOWN,,,,yxf0320_20260514,20260514_141754.npz
yxf0320,yxf0320,UNKNOWN,,,,yxf0320_20260514,20260514_142039.npz
yxf0320,yxf0320,UNKNOWN,,,,yxf0320_20260514,20260514_142301.npz
yxf0320,yxf0320,UNKNOWN,,,,yxf0320_20260514,20260514_142522.npz
yxf0320,yxf0320,UNKNOWN,,,,yxf0320_20260514,20260514_142746.npz
yxf0320,yxf0320,UNKNOWN,,,,yxf0320_20260514,20260514_143014.npz
yxf0320,yxf0320,UNKNOWN,,,,yxf0320_20260514,20260514_144310.npz
yxf0320,yxf0320,UNKNOWN,,,,yxf0320_20260514,20260514_144536.npz
yxf0320,yxf0320,UNKNOWN,,,,yxf0320_20260514,20260514_144756.npz
yxf0320,yxf0320,UNKNOWN,,,,yxf0320_20260514,20260514_145018.npz
yxf0320,yxf0320,UNKNOWN,,,,yxf0320_20260514,20260514_145238.npz
yxf0320,yxf0320,UNKNOWN,,,,yxf0320_20260514,20260514_145524.npz
yxf0320,yxf0320,UNKNOWN,,,,yxf0320_20260514,20260514_145813.npz
yxf0320,yxf0320,UNKNOWN,,,,yxf0320_20260514,20260514_150034.npz
yxf0320,yxf0320,UNKNOWN,,,,yxf0320_20260514,20260514_150300.npz
yxf0320,yxf0320,UNKNOWN,,,,yxf0320_20260514,20260514_150527.npz
yxf0320,yxf0320,UNKNOWN,,,,yxf0320_20260514,20260514_150812.npz
yxf0320,yxf0320,UNKNOWN,,,,yxf0320_20260514,20260514_151030.npz
yxf0320,yxf0320,UNKNOWN,,,,yxf0320_20260514,20260514_151254.npz
yxf0320,yxf0320,UNKNOWN,,,,yxf0320_20260514,20260514_151518.npz
yxf0320,yxf0320,UNKNOWN,,,,yxf0320_20260514,20260514_151739.npz
yxf0320,yxf0320,UNKNOWN,,,,yxf0320_20260514,20260514_152026.npz
yxf0320,yxf0320,UNKNOWN,,,,yxf0320_20260514,20260514_152324.npz
yxf0320,yxf0320,UNKNOWN,,,,yxf0320_20260514,20260514_152555.npz
yxf0320,yxf0320,UNKNOWN,,,,yxf0320_20260514,20260514_152820.npz
yxf0320,yxf0320,UNKNOWN,,,,yxf0320_20260514,20260514_153133.npz
yxf0320,yxf0320,UNKNOWN,,,,yxf0320_20260514,20260514_153353.npz
yxf0320,yxf0320,UNKNOWN,,,,yxf0320_20260514,20260514_153614.npz
yxf0320,yxf0320,UNKNOWN,,,,yxf0320_20260514,20260514_153845.npz
yxf0320,yxf0320,UNKNOWN,,,,yxf0320_20260514,20260514_155947.npz
yxf0320,yxf0320,UNKNOWN,,,,yxf0320_20260514,20260514_160207.npz
yxf0320,yxf0320,UNKNOWN,,,,yxf0320_20260514,20260514_160433.npz
yxf0320,yxf0320,UNKNOWN,,,,yxf0320_20260514,20260514_160654.npz
yxf0320,yxf0320,UNKNOWN,,,,yxf0320_20260514,20260514_160917.npz
yxf0320,yxf0320,UNKNOWN,,,,yxf0320_20260514,20260514_161146.npz
yxf0320,yxf0320,UNKNOWN,,,,yxf0320_20260514,20260514_163631.npz
yxf0320,yxf0320,UNKNOWN,,,,yxf0320_20260514,20260514_163851.npz
yxf0320,yxf0320,UNKNOWN,,,,yxf0320_20260514,20260514_164142.npz
yxf0320,yxf0320,UNKNOWN,,,,yxf0320_20260514,20260514_164407.npz
yxf0320,yxf0320,UNKNOWN,,,,yxf0320_20260514,20260514_164631.npz
yxf0320,yxf0320,UNKNOWN,,,,yxf0320_20260514,20260514_164911.npz
yxf0320,yxf0320,UNKNOWN,,,,yxf0320_20260514,20260514_165148.npz
yxf0320,yxf0320,UNKNOWN,,,,yxf0320_20260514,20260514_165412.npz
yxf0320,yxf0320,UNKNOWN,,,,yxf0320_20260514,20260514_165641.npz
yxf0320,yxf0320,UNKNOWN,,,,yxf0320_20260514,20260514_165924.npz
yxf0320,yxf0320,UNKNOWN,,,,yxf0320_20260514,20260514_170217.npz
yxf0320,yxf0320,UNKNOWN,,,,yxf0320_20260514,20260514_170541.npz
yxf0320,yxf0320,UNKNOWN,,,,yxf0320_20260514,20260514_170837.npz
yxf0320,yxf0320,UNKNOWN,,,,yxf0320_20260514,20260514_171121.npz
yxf0320,yxf0320,UNKNOWN,,,,yxf0320_20260514,20260514_171424.npz
yxf0320,yxf0320,UNKNOWN,,,,yxf0320_20260514,20260514_171644.npz
yxf0320,yxf0320,UNKNOWN,,,,yxf0320_20260514,20260514_171953.npz
yxf0320,yxf0320,UNKNOWN,,,,yxf0320_20260514,20260514_172213.npz
yxf0320,yxf0320,UNKNOWN,,,,yxf0320_20260514,20260514_172433.npz
yxf0320,yxf0320,UNKNOWN,,,,yxf0320_20260514,20260514_172654.npz
yxf0320,yxf0320,UNKNOWN,,,,yxf0320_20260514,20260514_172928.npz
yxf0320,yxf0320,UNKNOWN,,,,yxf0320_20260518,20260518_154727.npz
yxf0320,yxf0320,UNKNOWN,,,,yxf0320_20260518,20260518_155017.npz
yxf0320,yxf0320,UNKNOWN,,,,yxf0320_20260518,20260518_155238.npz
yxf0320,yxf0320,UNKNOWN,,,,yxf0320_20260518,20260518_155457.npz
yxf0320,yxf0320,UNKNOWN,,,,yxf0320_20260518,20260518_155716.npz
yxf0320,yxf0320,UNKNOWN,,,,yxf0320_20260518,20260518_155949.npz
yxf0320,yxf0320,UNKNOWN,,,,yxf0320_20260518,20260518_160217.npz
yxf0320,yxf0320,UNKNOWN,,,,yxf0320_20260518,20260518_160759.npz
yxf0320,yxf0320,UNKNOWN,,,,yxf0320_20260518,20260518_161239.npz
yxf0320,yxf0320,UNKNOWN,,,,yxf0320_20260518,20260518_161503.npz
yxf0320,yxf0320,UNKNOWN,,,,yxf0320_20260518,20260518_161728.npz
yxf0320,yxf0320,UNKNOWN,,,,yxf0320_20260518,20260518_161949.npz
yxf0320,yxf0320,UNKNOWN,,,,yxf0320_20260518,20260518_162210.npz
yxf0320,yxf0320,UNKNOWN,,,,yxf0320_20260518,20260518_162431.npz
yxf0320,yxf0320,UNKNOWN,,,,yxf0320_20260518,20260518_162718.npz
yxf0320,yxf0320,UNKNOWN,,,,yxf0320_20260518,20260518_163026.npz
yxf0320,yxf0320,UNKNOWN,,,,yxf0320_20260518,20260518_163248.npz
yxf0320,yxf0320,UNKNOWN,,,,yxf0320_20260518,20260518_163513.npz
yxf0320,yxf0320,UNKNOWN,,,,yxf0320_20260518,20260518_163733.npz
yxf0320,yxf0320,UNKNOWN,,,,yxf0320_20260518,20260518_163957.npz
yxf0320,yxf0320,UNKNOWN,,,,yxf0320_20260518,20260518_164223.npz
yxf0320,yxf0320,UNKNOWN,,,,yxf0320_20260518,20260518_164448.npz
yxf0320,yxf0320,UNKNOWN,,,,yxf0320_20260518,20260518_174218.npz
yxf0320,yxf0320,UNKNOWN,,,,yxf0320_20260518,20260518_174438.npz
yxf0320,yxf0320,UNKNOWN,,,,yxf0320_20260518,20260518_174701.npz
yxf0320,yxf0320,UNKNOWN,,,,yxf0320_20260518,20260518_175316.npz
yxf0320,yxf0320,UNKNOWN,,,,yxf0320_20260518,20260518_175538.npz
yxf0320,yxf0320,UNKNOWN,,,,yxf0320_20260518,20260518_180017.npz
yxf0320,yxf0320,UNKNOWN,,,,yxf0320_20260518,20260518_180238.npz
yxf0320,yxf0320,UNKNOWN,,,,yxf0320_20260518,20260518_180459.npz
yxf0320,yxf0320,UNKNOWN,,,,yxf0320_20260518,20260518_180719.npz
yxf0320,yxf0320,UNKNOWN,,,,yxf0320_20260518,20260518_180939.npz
yxf0320,yxf0320,UNKNOWN,,,,yxf0320_20260518,20260518_181201.npz
yxf0320,yxf0320,UNKNOWN,,,,yxf0320_20260518,20260518_181428.npz
yxf0320,yxf0320,UNKNOWN,,,,yxf0320_20260518,20260518_181650.npz
yxf0320,yxf0320,UNKNOWN,,,,yxf0320_20260518,20260518_181913.npz
yxf0320,yxf0320,UNKNOWN,,,,yxf0320_20260518,20260518_182134.npz
yxf0320,yxf0320,UNKNOWN,,,,yxf0320_20260518,20260518_182407.npz
yxf0320,yxf0320,UNKNOWN,,,,yxf0320_20260518,20260518_182647.npz
yxf0320,yxf0320,UNKNOWN,,,,yxf0320_20260518,20260518_182909.npz
yxf0320,yxf0320,UNKNOWN,,,,yxf0320_20260518,20260518_183130.npz
yxf0320,yxf0320,UNKNOWN,,,,yxf0320_20260518,20260518_183350.npz
yxf0320,yxf0320,UNKNOWN,,,,yxf0320_20260519,20260519_102345.npz
yxf0320,yxf0320,UNKNOWN,,,,yxf0320_20260519,20260519_102608.npz
yxf0320,yxf0320,UNKNOWN,,,,yxf0320_20260519,20260519_102830.npz
yxf0320,yxf0320,UNKNOWN,,,,yxf0320_20260519,20260519_103052.npz
yxf0320,yxf0320,UNKNOWN,,,,yxf0320_20260519,20260519_103313.npz
yxf0320,yxf0320,UNKNOWN,,,,yxf0320_20260519,20260519_103555.npz
yxf0320,yxf0320,UNKNOWN,,,,yxf0320_20260519,20260519_103816.npz
yxf0320,yxf0320,UNKNOWN,,,,yxf0320_20260519,20260519_104037.npz
yxf0320,yxf0320,UNKNOWN,,,,yxf0320_20260519,20260519_104257.npz
yxf0320,yxf0320,UNKNOWN,,,,yxf0320_20260519,20260519_104525.npz
yxf0320,yxf0320,UNKNOWN,,,,yxf0320_20260519,20260519_113400.npz
yxf0320,yxf0320,UNKNOWN,,,,yxf0320_20260519,20260519_113622.npz
yxf0320,yxf0320,UNKNOWN,,,,yxf0320_20260519,20260519_113843.npz
yxf0320,yxf0320,UNKNOWN,,,,yxf0320_20260519,20260519_114104.npz
yxf0320,yxf0320,UNKNOWN,,,,yxf0320_20260519,20260519_114345.npz
yxf0320,yxf0320,UNKNOWN,,,,yxf0320_20260519,20260519_114616.npz
yxf0320,yxf0320,UNKNOWN,,,,yxf0320_20260519,20260519_114842.npz
yxf0320,yxf0320,UNKNOWN,,,,yxf0320_20260519,20260519_115102.npz
yxf0320,yxf0320,UNKNOWN,,,,yxf0320_20260519,20260519_115401.npz
yxf0320,yxf0320,UNKNOWN,,,,yxf0320_20260519,20260519_115626.npz
zrh0313,zrh0313,UNKNOWN,,,,zrh0313_20260519,20260519_163828.npz
zrh0313,zrh0313,UNKNOWN,,,,zrh0313_20260519,20260519_164053.npz
zrh0313,zrh0313,UNKNOWN,,,,zrh0313_20260519,20260519_164536.npz
zrh0313,zrh0313,UNKNOWN,,,,zrh0313_20260519,20260519_164806.npz
zrh0313,zrh0313,UNKNOWN,,,,zrh0313_20260519,20260519_165026.npz
zrh0313,zrh0313,UNKNOWN,,,,zrh0313_20260519,20260519_165247.npz
zrh0313,zrh0313,UNKNOWN,,,,zrh0313_20260519,20260519_165511.npz
zrh0313,zrh0313,UNKNOWN,,,,zrh0313_20260519,20260519_165736.npz
zrh0313,zrh0313,UNKNOWN,,,,zrh0313_20260519,20260519_170034.npz
zrh0313,zrh0313,UNKNOWN,,,,zrh0313_20260519,20260519_170256.npz
zrh0313,zrh0313,UNKNOWN,,,,zrh0313_20260519,20260519_170518.npz
zrh0313,zrh0313,UNKNOWN,,,,zrh0313_20260519,20260519_170742.npz
zrh0313,zrh0313,UNKNOWN,,,,zrh0313_20260519,20260519_171002.npz
zrh0313,zrh0313,UNKNOWN,,,,zrh0313_20260519,20260519_171222.npz
zrh0313,zrh0313,UNKNOWN,,,,zrh0313_20260519,20260519_171442.npz
zrh0313,zrh0313,UNKNOWN,,,,zrh0313_20260519,20260519_171703.npz
zrh0313,zrh0313,UNKNOWN,,,,zrh0313_20260519,20260519_171925.npz
zrh0313,zrh0313,UNKNOWN,,,,zrh0313_20260519,20260519_172146.npz
zrh0313,zrh0313,UNKNOWN,,,,zrh0313_20260519,20260519_172408.npz
zrh0313,zrh0313,UNKNOWN,,,,zrh0313_20260519,20260519_172633.npz
zrh0313,zrh0313,UNKNOWN,,,,zrh0313_20260519,20260519_174001.npz
zrh0313,zrh0313,UNKNOWN,,,,zrh0313_20260519,20260519_174230.npz
zrh0313,zrh0313,UNKNOWN,,,,zrh0313_20260519,20260519_174451.npz
zrh0313,zrh0313,UNKNOWN,,,,zrh0313_20260519,20260519_174713.npz
zrh0313,zrh0313,UNKNOWN,,,,zrh0313_20260519,20260519_174940.npz
zrh0313,zrh0313,UNKNOWN,,,,zrh0313_20260519,20260519_175213.npz
zrh0313,zrh0313,UNKNOWN,,,,zrh0313_20260519,20260519_175438.npz
zrh0313,zrh0313,UNKNOWN,,,,zrh0313_20260519,20260519_175700.npz
zrh0313,zrh0313,UNKNOWN,,,,zrh0313_20260519,20260519_175934.npz
zrh0313,zrh0313,UNKNOWN,,,,zrh0313_20260519,20260519_180157.npz
zrh0313,zrh0313,UNKNOWN,,,,zrh0313_20260519,20260519_180418.npz
zrh0313,zrh0313,UNKNOWN,,,,zrh0313_20260519,20260519_180640.npz
zrh0313,zrh0313,UNKNOWN,,,,zrh0313_20260519,20260519_180925.npz
zrh0313,zrh0313,UNKNOWN,,,,zrh0313_20260519,20260519_181153.npz
zrh0313,zrh0313,UNKNOWN,,,,zrh0313_20260519,20260519_181418.npz
zrh0313,zrh0313,UNKNOWN,,,,zrh0313_20260519,20260519_181639.npz
zrh0313,zrh0313,UNKNOWN,,,,zrh0313_20260519,20260519_181901.npz
zrh0313,zrh0313,UNKNOWN,,,,zrh0313_20260519,20260519_182123.npz
zrh0313,zrh0313,UNKNOWN,,,,zrh0313_20260519,20260519_182346.npz
zrh0313,zrh0313,UNKNOWN,,,,zrh0313_20260519,20260519_182607.npz
zxd0310,zxd0310,UNKNOWN,,,,zxd0310_20260518,20260518_155037.npz
zxd0310,zxd0310,UNKNOWN,,,,zxd0310_20260518,20260518_162712.npz
zxd0310,zxd0310,UNKNOWN,,,,zxd0310_20260518,20260518_162953.npz
zxd0310,zxd0310,UNKNOWN,,,,zxd0310_20260518,20260518_163219.npz
zxd0310,zxd0310,UNKNOWN,,,,zxd0310_20260518,20260518_163443.npz
zxd0310,zxd0310,UNKNOWN,,,,zxd0310_20260518,20260518_163717.npz
zxd0310,zxd0310,UNKNOWN,,,,zxd0310_20260518,20260518_164011.npz
zxd0310,zxd0310,UNKNOWN,,,,zxd0310_20260518,20260518_164248.npz
zxd0310,zxd0310,UNKNOWN,,,,zxd0310_20260518,20260518_164524.npz
zxd0310,zxd0310,UNKNOWN,,,,zxd0310_20260518,20260518_164758.npz
zxd0310,zxd0310,UNKNOWN,,,,zxd0310_20260518,20260518_165023.npz
zxd0310,zxd0310,UNKNOWN,,,,zxd0310_20260518,20260518_165246.npz
zxd0310,zxd0310,UNKNOWN,,,,zxd0310_20260518,20260518_165511.npz
zxd0310,zxd0310,UNKNOWN,,,,zxd0310_20260518,20260518_165734.npz
zxd0310,zxd0310,UNKNOWN,,,,zxd0310_20260518,20260518_170007.npz
zxd0310,zxd0310,UNKNOWN,,,,zxd0310_20260518,20260518_170231.npz
zxd0310,zxd0310,UNKNOWN,,,,zxd0310_20260518,20260518_170501.npz
zxd0310,zxd0310,UNKNOWN,,,,zxd0310_20260518,20260518_170728.npz
zxd0310,zxd0310,UNKNOWN,,,,zxd0310_20260518,20260518_171010.npz
zxd0310,zxd0310,UNKNOWN,,,,zxd0310_20260518,20260518_173148.npz
zxd0310,zxd0310,UNKNOWN,,,,zxd0310_20260518,20260518_173416.npz
zxd0310,zxd0310,UNKNOWN,,,,zxd0310_20260518,20260518_173852.npz
zxd0310,zxd0310,UNKNOWN,,,,zxd0310_20260518,20260518_174117.npz
zxd0310,zxd0310,UNKNOWN,,,,zxd0310_20260518,20260518_174404.npz
zxd0310,zxd0310,UNKNOWN,,,,zxd0310_20260518,20260518_174742.npz
zxd0310,zxd0310,UNKNOWN,,,,zxd0310_20260518,20260518_175029.npz
zxd0310,zxd0310,UNKNOWN,,,,zxd0310_20260518,20260518_175250.npz
zxd0310,zxd0310,UNKNOWN,,,,zxd0310_20260518,20260518_175519.npz
zxd0310,zxd0310,UNKNOWN,,,,zxd0310_20260518,20260518_175742.npz
zxd0310,zxd0310,UNKNOWN,,,,zxd0310_20260518,20260518_180032.npz
zxd0310,zxd0310,UNKNOWN,,,,zxd0310_20260518,20260518_180258.npz
zxd0310,zxd0310,UNKNOWN,,,,zxd0310_20260518,20260518_180529.npz
zxd0310,zxd0310,UNKNOWN,,,,zxd0310_20260518,20260518_180751.npz
zxd0310,zxd0310,UNKNOWN,,,,zxd0310_20260518,20260518_181015.npz
zxd0310,zxd0310,UNKNOWN,,,,zxd0310_20260518,20260518_181237.npz
zxd0310,zxd0310,UNKNOWN,,,,zxd0310_20260518,20260518_181458.npz
zxd0310,zxd0310,UNKNOWN,,,,zxd0310_20260518,20260518_181719.npz
zxd0310,zxd0310,UNKNOWN,,,,zxd0310_20260518,20260518_181947.npz
zxd0310,zxd0310,UNKNOWN,,,,zxd0310_20260518,20260518_182213.npz
zxd0310,zxd0310,UNKNOWN,,,,zxd0310_20260518,20260518_183350.npz
zxd0310,zxd0310,UNKNOWN,,,,zxd0310_20260518,20260518_183616.npz
zxd0310,zxd0310,UNKNOWN,,,,zxd0310_20260518,20260518_184356.npz
zxd0310,zxd0310,UNKNOWN,,,,zxd0310_20260518,20260518_184620.npz
zxd0310,zxd0310,UNKNOWN,,,,zxd0310_20260518,20260518_184859.npz
zxd0310,zxd0310,UNKNOWN,,,,zxd0310_20260518,20260518_185125.npz
zxd0310,zxd0310,UNKNOWN,,,,zxd0310_20260518,20260518_185446.npz
zxd0310,zxd0310,UNKNOWN,,,,zxd0310_20260518,20260518_185707.npz
zxd0310,zxd0310,UNKNOWN,,,,zxd0310_20260518,20260518_190103.npz
zxd0310,zxd0310,UNKNOWN,,,,zxd0310_20260519,20260519_102638.npz
zxd0310,zxd0310,UNKNOWN,,,,zxd0310_20260519,20260519_102907.npz
zxd0310,zxd0310,UNKNOWN,,,,zxd0310_20260519,20260519_103134.npz
zxd0310,zxd0310,UNKNOWN,,,,zxd0310_20260519,20260519_103400.npz
zxd0310,zxd0310,UNKNOWN,,,,zxd0310_20260519,20260519_103628.npz
zxd0310,zxd0310,UNKNOWN,,,,zxd0310_20260519,20260519_103852.npz
zxd0310,zxd0310,UNKNOWN,,,,zxd0310_20260519,20260519_104115.npz
zxd0310,zxd0310,UNKNOWN,,,,zxd0310_20260519,20260519_175016.npz
zxd0310,zxd0310,UNKNOWN,,,,zxd0310_20260519,20260519_175241.npz
zxd0310,zxd0310,UNKNOWN,,,,zxd0310_20260519,20260519_175506.npz
zxd0310,zxd0310,UNKNOWN,,,,zxd0310_20260519,20260519_175732.npz
zxd0310,zxd0310,UNKNOWN,,,,zxd0310_20260519,20260519_175959.npz
zyb0201,zyb0201,UNKNOWN,,,,zyb0201_20260514,20260514_133056.npz
zyb0201,zyb0201,UNKNOWN,,,,zyb0201_20260514,20260514_133323.npz
zyb0201,zyb0201,UNKNOWN,,,,zyb0201_20260514,20260514_133715.npz
zyb0201,zyb0201,UNKNOWN,,,,zyb0201_20260514,20260514_133941.npz
zyb0201,zyb0201,UNKNOWN,,,,zyb0201_20260514,20260514_134202.npz
zyb0201,zyb0201,UNKNOWN,,,,zyb0201_20260514,20260514_134427.npz
zyb0201,zyb0201,UNKNOWN,,,,zyb0201_20260514,20260514_134650.npz
zyb0201,zyb0201,UNKNOWN,,,,zyb0201_20260514,20260514_134916.npz
zyb0201,zyb0201,UNKNOWN,,,,zyb0201_20260514,20260514_135144.npz
zyb0201,zyb0201,UNKNOWN,,,,zyb0201_20260514,20260514_135410.npz
zyb0201,zyb0201,UNKNOWN,,,,zyb0201_20260514,20260514_135649.npz
zyb0201,zyb0201,UNKNOWN,,,,zyb0201_20260514,20260514_135915.npz
zyb0201,zyb0201,UNKNOWN,,,,zyb0201_20260514,20260514_140204.npz
zyb0201,zyb0201,UNKNOWN,,,,zyb0201_20260514,20260514_140448.npz
zyb0201,zyb0201,UNKNOWN,,,,zyb0201_20260514,20260514_140713.npz
zyb0201,zyb0201,UNKNOWN,,,,zyb0201_20260514,20260514_140943.npz
zyb0201,zyb0201,UNKNOWN,,,,zyb0201_20260514,20260514_141228.npz
zyb0201,zyb0201,UNKNOWN,,,,zyb0201_20260514,20260514_141449.npz
zyb0201,zyb0201,UNKNOWN,,,,zyb0201_20260514,20260514_141711.npz
zyb0201,zyb0201,UNKNOWN,,,,zyb0201_20260514,20260514_141952.npz
zyb0201,zyb0201,UNKNOWN,,,,zyb0201_20260514,20260514_143710.npz
zyb0201,zyb0201,UNKNOWN,,,,zyb0201_20260514,20260514_143934.npz
zyb0201,zyb0201,UNKNOWN,,,,zyb0201_20260514,20260514_144216.npz
zyb0201,zyb0201,UNKNOWN,,,,zyb0201_20260514,20260514_144442.npz
zyb0201,zyb0201,UNKNOWN,,,,zyb0201_20260514,20260514_144732.npz
zyb0201,zyb0201,UNKNOWN,,,,zyb0201_20260514,20260514_145017.npz
zyb0201,zyb0201,UNKNOWN,,,,zyb0201_20260514,20260514_145243.npz
zyb0201,zyb0201,UNKNOWN,,,,zyb0201_20260514,20260514_145513.npz
zyb0201,zyb0201,UNKNOWN,,,,zyb0201_20260514,20260514_145736.npz
zyb0201,zyb0201,UNKNOWN,,,,zyb0201_20260514,20260514_150003.npz
zyb0201,zyb0201,UNKNOWN,,,,zyb0201_20260514,20260514_150231.npz
zyb0201,zyb0201,UNKNOWN,,,,zyb0201_20260514,20260514_150455.npz
zyb0201,zyb0201,UNKNOWN,,,,zyb0201_20260514,20260514_150725.npz
zyb0201,zyb0201,UNKNOWN,,,,zyb0201_20260514,20260514_150952.npz
zyb0201,zyb0201,UNKNOWN,,,,zyb0201_20260514,20260514_151218.npz
zyb0201,zyb0201,UNKNOWN,,,,zyb0201_20260514,20260514_151455.npz
zyb0201,zyb0201,UNKNOWN,,,,zyb0201_20260514,20260514_151730.npz
zyb0201,zyb0201,UNKNOWN,,,,zyb0201_20260514,20260514_152005.npz
zyb0201,zyb0201,UNKNOWN,,,,zyb0201_20260514,20260514_152243.npz
zyb0201,zyb0201,UNKNOWN,,,,zyb0201_20260514,20260514_152516.npz
zyb0201,zyb0201,UNKNOWN,,,,zyb0201_20260514,20260514_153325.npz
zyb0201,zyb0201,UNKNOWN,,,,zyb0201_20260514,20260514_153609.npz
zyb0201,zyb0201,UNKNOWN,,,,zyb0201_20260514,20260514_153834.npz
zyb0201,zyb0201,UNKNOWN,,,,zyb0201_20260514,20260514_154134.npz
zyb0201,zyb0201,UNKNOWN,,,,zyb0201_20260514,20260514_154358.npz
zyb0201,zyb0201,UNKNOWN,,,,zyb0201_20260514,20260514_154634.npz
zyb0201,zyb0201,UNKNOWN,,,,zyb0201_20260514,20260514_154904.npz
zyb0201,zyb0201,UNKNOWN,,,,zyb0201_20260514,20260514_155141.npz
zyb0201,zyb0201,UNKNOWN,,,,zyb0201_20260514,20260514_155406.npz
zyb0201,zyb0201,UNKNOWN,,,,zyb0201_20260514,20260514_155629.npz
zyb0201,zyb0201,UNKNOWN,,,,zyb0201_20260514,20260514_155913.npz
zyb0201,zyb0201,UNKNOWN,,,,zyb0201_20260514,20260514_160138.npz
zyb0201,zyb0201,UNKNOWN,,,,zyb0201_20260514,20260514_160403.npz
zyb0201,zyb0201,UNKNOWN,,,,zyb0201_20260514,20260514_160720.npz
zyb0201,zyb0201,UNKNOWN,,,,zyb0201_20260514,20260514_160944.npz
zyb0201,zyb0201,UNKNOWN,,,,zyb0201_20260514,20260514_161251.npz
zyb0201,zyb0201,UNKNOWN,,,,zyb0201_20260514,20260514_161520.npz
zyb0201,zyb0201,UNKNOWN,,,,zyb0201_20260514,20260514_161755.npz
zyb0201,zyb0201,UNKNOWN,,,,zyb0201_20260514,20260514_162017.npz
zyb0201,zyb0201,UNKNOWN,,,,zyb0201_20260514,20260514_162244.npz
zyb0201,zyb0201,UNKNOWN,,,,zyb0201_20260514,20260514_162849.npz
zyb0201,zyb0201,UNKNOWN,,,,zyb0201_20260514,20260514_163110.npz
zyb0201,zyb0201,UNKNOWN,,,,zyb0201_20260514,20260514_163345.npz
zyb0201,zyb0201,UNKNOWN,,,,zyb0201_20260514,20260514_163649.npz
zyb0201,zyb0201,UNKNOWN,,,,zyb0201_20260514,20260514_163919.npz
zyb0201,zyb0201,UNKNOWN,,,,zyb0201_20260514,20260514_164144.npz
zyb0201,zyb0201,UNKNOWN,,,,zyb0201_20260514,20260514_164415.npz
zyb0201,zyb0201,UNKNOWN,,,,zyb0201_20260514,20260514_164648.npz
zyb0201,zyb0201,UNKNOWN,,,,zyb0201_20260514,20260514_164909.npz
zyb0201,zyb0201,UNKNOWN,,,,zyb0201_20260514,20260514_165139.npz
zyb0201,zyb0201,UNKNOWN,,,,zyb0201_20260514,20260514_165420.npz
zyb0201,zyb0201,UNKNOWN,,,,zyb0201_20260514,20260514_165642.npz
zyb0201,zyb0201,UNKNOWN,,,,zyb0201_20260514,20260514_165917.npz
zyb0201,zyb0201,UNKNOWN,,,,zyb0201_20260514,20260514_170145.npz
zyb0201,zyb0201,UNKNOWN,,,,zyb0201_20260514,20260514_170407.npz
zyb0201,zyb0201,UNKNOWN,,,,zyb0201_20260514,20260514_170639.npz
zyb0201,zyb0201,UNKNOWN,,,,zyb0201_20260514,20260514_170927.npz
zyb0201,zyb0201,UNKNOWN,,,,zyb0201_20260514,20260514_171153.npz
zyb0201,zyb0201,UNKNOWN,,,,zyb0201_20260514,20260514_171426.npz
zyb0201,zyb0201,UNKNOWN,,,,zyb0201_20260514,20260514_171652.npz
zyb0201,zyb0201,UNKNOWN,,,,zyb0201_20260514,20260514_172257.npz
zyb0201,zyb0201,UNKNOWN,,,,zyb0201_20260514,20260514_172518.npz
zyb0201,zyb0201,UNKNOWN,,,,zyb0201_20260514,20260514_172738.npz
zyb0201,zyb0201,UNKNOWN,,,,zyb0201_20260514,20260514_173001.npz
zyb0201,zyb0201,UNKNOWN,,,,zyb0201_20260514,20260514_173224.npz
zyb0201,zyb0201,UNKNOWN,,,,zyb0201_20260514,20260514_173448.npz
zyb0201,zyb0201,UNKNOWN,,,,zyb0201_20260514,20260514_173715.npz
zyb0201,zyb0201,UNKNOWN,,,,zyb0201_20260514,20260514_173948.npz
zyb0201,zyb0201,UNKNOWN,,,,zyb0201_20260514,20260514_174212.npz
zyb0201,zyb0201,UNKNOWN,,,,zyb0201_20260514,20260514_174435.npz
zyb0201,zyb0201,UNKNOWN,,,,zyb0201_20260514,20260514_174712.npz
zyb0201,zyb0201,UNKNOWN,,,,zyb0201_20260514,20260514_174937.npz
zyb0201,zyb0201,UNKNOWN,,,,zyb0201_20260514,20260514_175204.npz
zyb0201,zyb0201,UNKNOWN,,,,zyb0201_20260514,20260514_175435.npz
zyb0201,zyb0201,UNKNOWN,,,,zyb0201_20260514,20260514_175701.npz
zyb0201,zyb0201,UNKNOWN,,,,zyb0201_20260514,20260514_175938.npz
zyb0201,zyb0201,UNKNOWN,,,,zyb0201_20260514,20260514_180203.npz
zyb0201,zyb0201,UNKNOWN,,,,zyb0201_20260514,20260514_180432.npz
zyb0201,zyb0201,UNKNOWN,,,,zyb0201_20260514,20260514_180656.npz
zyb0201,zyb0201,UNKNOWN,,,,zyb0201_20260514,20260514_180939.npz
zyb0201,zyb0201,UNKNOWN,,,,zyb0201_20260518,20260518_164419.npz
zyb0201,zyb0201,UNKNOWN,,,,zyb0201_20260518,20260518_164642.npz
zyb0201,zyb0201,UNKNOWN,,,,zyb0201_20260518,20260518_164918.npz
zyb0201,zyb0201,UNKNOWN,,,,zyb0201_20260518,20260518_165139.npz
zyb0201,zyb0201,UNKNOWN,,,,zyb0201_20260518,20260518_165401.npz
zyb0201,zyb0201,UNKNOWN,,,,zyb0201_20260518,20260518_165938.npz
zyb0201,zyb0201,UNKNOWN,,,,zyb0201_20260518,20260518_170158.npz
zyb0201,zyb0201,UNKNOWN,,,,zyb0201_20260518,20260518_170419.npz
zyb0201,zyb0201,UNKNOWN,,,,zyb0201_20260518,20260518_170641.npz
zyb0201,zyb0201,UNKNOWN,,,,zyb0201_20260518,20260518_171011.npz
zyb0201,zyb0201,UNKNOWN,,,,zyb0201_20260518,20260518_171234.npz
zyb0201,zyb0201,UNKNOWN,,,,zyb0201_20260518,20260518_171505.npz
zyb0201,zyb0201,UNKNOWN,,,,zyb0201_20260518,20260518_171732.npz
zyb0201,zyb0201,UNKNOWN,,,,zyb0201_20260518,20260518_171959.npz
zyb0201,zyb0201,UNKNOWN,,,,zyb0201_20260518,20260518_172254.npz
zyb0201,zyb0201,UNKNOWN,,,,zyb0201_20260518,20260518_172515.npz
zyb0201,zyb0201,UNKNOWN,,,,zyb0201_20260518,20260518_172745.npz
zyb0201,zyb0201,UNKNOWN,,,,zyb0201_20260518,20260518_173007.npz
zyb0201,zyb0201,UNKNOWN,,,,zyb0201_20260518,20260518_173621.npz
zyb0201,zyb0201,UNKNOWN,,,,zyb0201_20260518,20260518_175058.npz
zyb0201,zyb0201,UNKNOWN,,,,zyb0201_20260518,20260518_183658.npz
zyb0201,zyb0201,UNKNOWN,,,,zyb0201_20260518,20260518_183920.npz
zyb0201,zyb0201,UNKNOWN,,,,zyb0201_20260518,20260518_184142.npz
zyb0201,zyb0201,UNKNOWN,,,,zyb0201_20260518,20260518_184402.npz
zyb0201,zyb0201,UNKNOWN,,,,zyb0201_20260518,20260518_184715.npz
zyb0201,zyb0201,UNKNOWN,,,,zyb0201_20260518,20260518_184949.npz
zyb0201,zyb0201,UNKNOWN,,,,zyb0201_20260518,20260518_185212.npz
zyb0201,zyb0201,UNKNOWN,,,,zyb0201_20260518,20260518_185523.npz
zyb0201,zyb0201,UNKNOWN,,,,zyb0201_20260519,20260519_105413.npz
zyb0201,zyb0201,UNKNOWN,,,,zyb0201_20260519,20260519_105638.npz
zyb0201,zyb0201,UNKNOWN,,,,zyb0201_20260519,20260519_105901.npz
zyb0201,zyb0201,UNKNOWN,,,,zyb0201_20260519,20260519_114232.npz
zyb0201,zyb0201,UNKNOWN,,,,zyb0201_20260519,20260519_114453.npz
zyb0201,zyb0201,UNKNOWN,,,,zyb0201_20260519,20260519_115048.npz
zyb0201,zyb0201,UNKNOWN,,,,zyb0201_20260519,20260519_115314.npz
zyb0201,zyb0201,UNKNOWN,,,,zyb0201_20260519,20260519_115536.npz
zyb0201,zyb0201,UNKNOWN,,,,zyb0201_20260519,20260519_115756.npz
zyb0201,zyb0201,UNKNOWN,,,,zyb0201_20260519,20260519_120017.npz
zyb0201,zyb0201,UNKNOWN,,,,zyb0201_20260519,20260519_120238.npz
zyb0201,zyb0201,UNKNOWN,,,,zyb0201_20260519,20260519_120501.npz
zyb0201,zyb0201,UNKNOWN,,,,zyb0201_20260519,20260519_132406.npz
zyb0201,zyb0201,UNKNOWN,,,,zyb0201_20260519,20260519_132627.npz
zyb0201,zyb0201,UNKNOWN,,,,zyb0201_20260519,20260519_132858.npz
zyb0201,zyb0201,UNKNOWN,,,,zyb0201_20260519,20260519_133133.npz
zyb0201,zyb0201,UNKNOWN,,,,zyb0201_20260519,20260519_133402.npz
zyb0201,zyb0201,UNKNOWN,,,,zyb0201_20260519,20260519_133635.npz
zyb0201,zyb0201,UNKNOWN,,,,zyb0201_20260519,20260519_133855.npz
zyb0201,zyb0201,UNKNOWN,,,,zyb0201_20260519,20260519_134116.npz
zyb0201,zyb0201,UNKNOWN,,,,zyb0201_20260519,20260519_134352.npz
zyb0201,zyb0201,UNKNOWN,,,,zyb0201_20260519,20260519_134614.npz
zyb0201,zyb0201,UNKNOWN,,,,zyb0201_20260519,20260519_134838.npz
zyb0201,zyb0201,UNKNOWN,,,,zyb0201_20260519,20260519_135103.npz
zyb0201,zyb0201,UNKNOWN,,,,zyb0201_20260519,20260519_135325.npz
zyb0201,zyb0201,UNKNOWN,,,,zyb0201_20260519,20260519_135547.npz
zyb0201,zyb0201,UNKNOWN,,,,zyb0201_20260519,20260519_135826.npz
zyb0201,zyb0201,UNKNOWN,,,,zyb0201_20260519,20260519_140209.npz
zyb0201,zyb0201,UNKNOWN,,,,zyb0201_20260519,20260519_140430.npz
zyb0201,zyb0201,UNKNOWN,,,,zyb0201_20260519,20260519_140657.npz
zyb0201,zyb0201,UNKNOWN,,,,zyb0201_20260519,20260519_140929.npz
zyb0201,zyb0201,UNKNOWN,,,,zyb0201_20260519,20260519_141642.npz
