group,subject,hand,src_dir,fname
single_single,fgw0917,left,fgw0917_0502_left,fgw-0917__20260502-left-3__20260502_104240.npz
single_single,fgw0917,left,fgw0917_0502_left,fgw-0917__20260502-left-3__20260502_104509.npz
single_single,fgw0917,left,fgw0917_0502_left,fgw-0917__20260502-left-3__20260502_104725.npz
single_single,fgw0917,left,fgw0917_0502_left,fgw-0917__20260502-left-3__20260502_104940.npz
single_single,fgw0917,left,fgw0917_0502_left,fgw-0917__20260502-left-3__20260502_105153.npz
single_single,fgw0917,left,fgw0917_0502_left,fgw-0917__20260502-left-3__20260502_105406.npz
single_single,fgw0917,left,fgw0917_0502_left,fgw-0917__20260502-left-3__20260502_105620.npz
single_single,fgw0917,left,fgw0917_0502_left,fgw-0917__20260502-left-3__20260502_105835.npz
single_single,fgw0917,left,fgw0917_0502_left,fgw-0917__20260502-left-3__20260502_110050.npz
single_single,fgw0917,left,fgw0917_0502_left,fgw-0917__20260502-left-3__20260502_110306.npz
single_single,fgw0917,left,fgw0917_0502_left,fgw-0917__20260502-left-3__20260502_110523.npz
single_single,fgw0917,left,fgw0917_0502_left,fgw-0917__20260502-left-3__20260502_110738.npz
single_single,fgw0917,left,fgw0917_0502_left,fgw-0917__20260502-left-3__20260502_110952.npz
single_single,fgw0917,left,fgw0917_0502_left,fgw-0917__20260502-left-3__20260502_111232.npz
single_single,fgw0917,left,fgw0917_0502_left,fgw-0917__20260502-left-3__20260502_111447.npz
single_single,fgw0917,left,fgw0917_0502_left,fgw-0917__20260502-left-3__20260502_111705.npz
single_single,fgw0917,left,fgw0917_0502_left,fgw-0917__20260502-left-3__20260502_111920.npz
single_single,fgw0917,left,fgw0917_0502_left,fgw-0917__20260502-left-3__20260502_112135.npz
single_single,fgw0917,left,fgw0917_0502_left,fgw-0917__20260502-left-3__20260502_112349.npz
single_single,fgw0917,left,fgw0917_0502_left,fgw-0917__20260502-left-3__20260502_112603.npz
single_single,fgw0917,left,fgw0917_0502_left,fgw-0917__20260502-left-3__20260502_112818.npz
single_single,fgw0917,left,fgw0917_0502_left,fgw-0917__20260502-left-3__20260502_113031.npz
single_single,fgw0917,left,fgw0917_0502_left,fgw-0917__20260502-left-3__20260502_113247.npz
single_single,fgw0917,left,fgw0917_0502_left,fgw-0917__20260502-left-3__20260502_113503.npz
single_single,fgw0917,left,fgw0917_0502_left,fgw-0917__20260502-left-3__20260502_113718.npz
single_single,fgw0917,left,fgw0917_0502_left,fgw-0917__20260502-left-3__20260502_113932.npz
single_single,fgw0917,left,fgw0917_0502_left,fgw-0917__20260502-left-3__20260502_114146.npz
single_single,fgw0917,left,fgw0917_0502_left,fgw-0917__20260502-left-3__20260502_114400.npz
single_single,fgw0917,left,fgw0917_0502_left,fgw-0917__20260502-left-3__20260502_114614.npz
single_single,fgw0917,left,fgw0917_0502_left,fgw-0917__20260502-left-3__20260502_114827.npz
single_single,fgw0917,left,fgw0917_0502_left,fgw-0917__20260502-left-4__20260502_131001.npz
single_single,fgw0917,left,fgw0917_0502_left,fgw-0917__20260502-left-4__20260502_131214.npz
single_single,fgw0917,left,fgw0917_0502_left,fgw-0917__20260502-left-4__20260502_131505.npz
single_single,fgw0917,left,fgw0917_0502_left,fgw-0917__20260502-left-4__20260502_131719.npz
single_single,fgw0917,left,fgw0917_0502_left,fgw-0917__20260502-left-4__20260502_131959.npz
single_single,fgw0917,left,fgw0917_0502_left,fgw-0917__20260502-left-4__20260502_132214.npz
single_single,fgw0917,left,fgw0917_0502_left,fgw-0917__20260502-left-4__20260502_132427.npz
single_single,fgw0917,left,fgw0917_0502_left,fgw-0917__20260502-left-4__20260502_132642.npz
single_single,fgw0917,left,fgw0917_0502_left,fgw-0917__20260502-left-4__20260502_132857.npz
single_single,fgw0917,left,fgw0917_0502_left,fgw-0917__20260502-left-4__20260502_133112.npz
single_single,fgw0917,left,fgw0917_0502_left,fgw-0917__20260502-left-4__20260502_133340.npz
single_single,fgw0917,left,fgw0917_0502_left,fgw-0917__20260502-left-4__20260502_133553.npz
single_single,fgw0917,left,fgw0917_0502_left,fgw-0917__20260502-left-4__20260502_133809.npz
single_single,fgw0917,left,fgw0917_0502_left,fgw-0917__20260502-left-4__20260502_134024.npz
single_single,fgw0917,left,fgw0917_0502_left,fgw-0917__20260502-left-4__20260502_134238.npz
single_single,fgw0917,left,fgw0917_0502_left,fgw-0917__20260502-left-4__20260502_134508.npz
single_single,fgw0917,left,fgw0917_0502_left,fgw-0917__20260502-left-4__20260502_134723.npz
single_single,fgw0917,left,fgw0917_0502_left,fgw-0917__20260502-left-4__20260502_134940.npz
single_single,fgw0917,left,fgw0917_0502_left,fgw-0917__20260502-left-4__20260502_135155.npz
single_single,fgw0917,left,fgw0917_0502_left,fgw-0917__20260502-left-4__20260502_135409.npz
single_single,fgw0917,left,fgw0917_0502_left,fgw-0917__20260502-left-5__20260502_150009.npz
single_single,fgw0917,left,fgw0917_0502_left,fgw-0917__20260502-left-5__20260502_150226.npz
single_single,fgw0917,left,fgw0917_0502_left,fgw-0917__20260502-left-5__20260502_150440.npz
single_single,fgw0917,left,fgw0917_0502_left,fgw-0917__20260502-left-5__20260502_150653.npz
single_single,fgw0917,left,fgw0917_0502_left,fgw-0917__20260502-left-5__20260502_150906.npz
single_single,fgw0917,left,fgw0917_0502_left,fgw-0917__20260502-left-5__20260502_151119.npz
single_single,fgw0917,left,fgw0917_0502_left,fgw-0917__20260502-left-5__20260502_151333.npz
single_single,fgw0917,left,fgw0917_0502_left,fgw-0917__20260502-left-5__20260502_151548.npz
single_single,fgw0917,left,fgw0917_0502_left,fgw-0917__20260502-left-5__20260502_151802.npz
single_single,fgw0917,left,fgw0917_0502_left,fgw-0917__20260502-left-5__20260502_152028.npz
single_single,fgw0917,left,fgw0917_0502_left,fgw-0917__20260502-left-5__20260502_152243.npz
single_single,fgw0917,left,fgw0917_0502_left,fgw-0917__20260502-left-5__20260502_152455.npz
single_single,fgw0917,left,fgw0917_0502_left,fgw-0917__20260502-left-5__20260502_152710.npz
single_single,fgw0917,left,fgw0917_0502_left,fgw-0917__20260502-left-5__20260502_152922.npz
single_single,fgw0917,left,fgw0917_0502_left,fgw-0917__20260502-left-5__20260502_153136.npz
single_single,fgw0917,left,fgw0917_0502_left,fgw-0917__20260502-left-5__20260502_153359.npz
single_single,fgw0917,left,fgw0917_0502_left,fgw-0917__20260502-left-5__20260502_153612.npz
single_single,fgw0917,left,fgw0917_0502_left,fgw-0917__20260502-left-5__20260502_153825.npz
single_single,fgw0917,left,fgw0917_0502_left,fgw-0917__20260502-left-5__20260502_154038.npz
single_single,fgw0917,left,fgw0917_0502_left,fgw-0917__20260502-left-5__20260502_154251.npz
single_single,fgw0917,left,fgw0917_0502_left,fgw-0917__20260502-left-6__20260502_141652.npz
single_single,fgw0917,left,fgw0917_0502_left,fgw-0917__20260502-left-6__20260502_141923.npz
single_single,fgw0917,left,fgw0917_0502_left,fgw-0917__20260502-left-6__20260502_142147.npz
single_single,fgw0917,left,fgw0917_0502_left,fgw-0917__20260502-left-6__20260502_142402.npz
single_single,fgw0917,left,fgw0917_0502_left,fgw-0917__20260502-left-6__20260502_142617.npz
single_single,fgw0917,left,fgw0917_0502_left,fgw-0917__20260502-left-6__20260502_142837.npz
single_single,fgw0917,left,fgw0917_0502_left,fgw-0917__20260502-left-6__20260502_143051.npz
single_single,fgw0917,left,fgw0917_0502_left,fgw-0917__20260502-left-6__20260502_143304.npz
single_single,fgw0917,left,fgw0917_0502_left,fgw-0917__20260502-left-6__20260502_143521.npz
single_single,fgw0917,left,fgw0917_0502_left,fgw-0917__20260502-left-6__20260502_143735.npz
single_single,fgw0917,left,fgw0917_0502_left,fgw-0917__20260502-left-7__20260502_154516.npz
single_single,fgw0917,left,fgw0917_0502_left,fgw-0917__20260502-left-7__20260502_154731.npz
single_single,fgw0917,left,fgw0917_0502_left,fgw-0917__20260502-left-7__20260502_154945.npz
single_single,fgw0917,left,fgw0917_0502_left,fgw-0917__20260502-left-7__20260502_155159.npz
single_single,fgw0917,left,fgw0917_0502_left,fgw-0917__20260502-left-7__20260502_155415.npz
single_single,fgw0917,left,fgw0917_0502_left,fgw-0917__20260502-left-7__20260502_155655.npz
single_single,fgw0917,left,fgw0917_0502_left,fgw-0917__20260502-left-7__20260502_155909.npz
single_single,fgw0917,left,fgw0917_0502_left,fgw-0917__20260502-left-7__20260502_160122.npz
single_single,fgw0917,left,fgw0917_0502_left,fgw-0917__20260502-left-7__20260502_160336.npz
single_single,fgw0917,left,fgw0917_0502_left,fgw-0917__20260502-left-7__20260502_160551.npz
single_single,fgw0917,left,fgw0917_0502_left,fgw-0917__20260502-left-8__20260502_160818.npz
single_single,fgw0917,left,fgw0917_0502_left,fgw-0917__20260502-left-8__20260502_161055.npz
single_single,fgw0917,left,fgw0917_0502_left,fgw-0917__20260502-left-8__20260502_161429.npz
single_single,fgw0917,left,fgw0917_0502_left,fgw-0917__20260502-left-8__20260502_161643.npz
single_single,fgw0917,left,fgw0917_0502_left,fgw-0917__20260502-left-8__20260502_161858.npz
single_single,fgw0917,left,fgw0917_0502_left,fgw-0917__20260502-left-8__20260502_162112.npz
single_single,fgw0917,left,fgw0917_0502_left,fgw-0917__20260502-left-8__20260502_162331.npz
single_single,fgw0917,left,fgw0917_0502_left,fgw-0917__20260502-left-8__20260502_162544.npz
single_single,fgw0917,left,fgw0917_0502_left,fgw-0917__20260502-left-8__20260502_162757.npz
single_single,fgw0917,left,fgw0917_0502_left,fgw-0917__20260502-left-8__20260502_163010.npz
single_single,fgw0917,left,fgw0917_0502_left,fgw-0917__20260502-left-9__20260502_172319.npz
single_single,fgw0917,left,fgw0917_0502_left,fgw-0917__20260502-left-9__20260502_172533.npz
single_single,fgw0917,left,fgw0917_0502_left,fgw-0917__20260502-left-9__20260502_172748.npz
single_single,fgw0917,left,fgw0917_0502_left,fgw-0917__20260502-left-9__20260502_173003.npz
single_single,fgw0917,left,fgw0917_0502_left,fgw-0917__20260502-left-9__20260502_173229.npz
single_single,fgw0917,left,fgw0917_0502_left,fgw-0917__20260502-left-9__20260502_173444.npz
single_single,fgw0917,left,fgw0917_0502_left,fgw-0917__20260502-left-9__20260502_173657.npz
single_single,fgw0917,left,fgw0917_0502_left,fgw-0917__20260502-left-9__20260502_173919.npz
single_single,fgw0917,left,fgw0917_0502_left,fgw-0917__20260502-left-9__20260502_174347.npz
single_single,fgw0917,left,fgw0917_0502_left,fgw-0917__20260502-left-9__20260502_174731.npz
single_single,fgw0917,left,fgw0917_0502_left,fgw-0917__20260502-left__20260502_115218.npz
single_single,fgw0917,left,fgw0917_0502_left,fgw-0917__20260502-left__20260502_115432.npz
single_single,fgw0917,left,fgw0917_0502_left,fgw-0917__20260502-left__20260502_115646.npz
single_single,fgw0917,left,fgw0917_0502_left,fgw-0917__20260502-left__20260502_115903.npz
single_single,fgw0917,left,fgw0917_0502_left,fgw-0917__20260502-left__20260502_120116.npz
single_single,fgw0917,left,fgw0917_0502_left,fgw-0917__20260502-left__20260502_140213.npz
single_single,fgw0917,left,fgw0917_0502_left,fgw-0917__20260502-left__20260502_140449.npz
single_single,fgw0917,left,fgw0917_0502_left,fgw-0917__20260502-left__20260502_140702.npz
single_single,fgw0917,left,fgw0917_0502_left,fgw-0917__20260502-left__20260502_140916.npz
single_single,fgw0917,left,fgw0917_0502_left,fgw-0917__20260502-left__20260502_141130.npz
single_single,fgw0917,left,fgw0917_0503_left,fgw-0917__20260503-left-2__20260503_165358.npz
single_single,fgw0917,left,fgw0917_0503_left,fgw-0917__20260503-left-2__20260503_165612.npz
single_single,fgw0917,left,fgw0917_0503_left,fgw-0917__20260503-left-2__20260503_165830.npz
single_single,fgw0917,left,fgw0917_0503_left,fgw-0917__20260503-left-2__20260503_170047.npz
single_single,fgw0917,left,fgw0917_0503_left,fgw-0917__20260503-left-2__20260503_170304.npz
single_single,fgw0917,left,fgw0917_0503_left,fgw-0917__20260503-left-2__20260503_170520.npz
single_single,fgw0917,left,fgw0917_0503_left,fgw-0917__20260503-left-2__20260503_170736.npz
single_single,fgw0917,left,fgw0917_0503_left,fgw-0917__20260503-left-2__20260503_170951.npz
single_single,fgw0917,left,fgw0917_0503_left,fgw-0917__20260503-left-2__20260503_171217.npz
single_single,fgw0917,left,fgw0917_0503_left,fgw-0917__20260503-left-2__20260503_171435.npz
single_single,fgw0917,left,fgw0917_0503_left,fgw-0917__20260503-left-2__20260503_171651.npz
single_single,fgw0917,left,fgw0917_0503_left,fgw-0917__20260503-left-2__20260503_171911.npz
single_single,fgw0917,left,fgw0917_0503_left,fgw-0917__20260503-left-2__20260503_172136.npz
single_single,fgw0917,left,fgw0917_0503_left,fgw-0917__20260503-left-2__20260503_172353.npz
single_single,fgw0917,left,fgw0917_0503_left,fgw-0917__20260503-left-2__20260503_172610.npz
single_single,fgw0917,left,fgw0917_0503_left,fgw-0917__20260503-left-2__20260503_172825.npz
single_single,fgw0917,left,fgw0917_0503_left,fgw-0917__20260503-left-2__20260503_173040.npz
single_single,fgw0917,left,fgw0917_0503_left,fgw-0917__20260503-left-2__20260503_173256.npz
single_single,fgw0917,left,fgw0917_0503_left,fgw-0917__20260503-left-2__20260503_173519.npz
single_single,fgw0917,left,fgw0917_0503_left,fgw-0917__20260503-left-2__20260503_173734.npz
single_single,fgw0917,left,fgw0917_0503_left,fgw-0917__20260503-left-3__20260503_180816.npz
single_single,fgw0917,left,fgw0917_0503_left,fgw-0917__20260503-left-3__20260503_181033.npz
single_single,fgw0917,left,fgw0917_0503_left,fgw-0917__20260503-left-3__20260503_181248.npz
single_single,fgw0917,left,fgw0917_0503_left,fgw-0917__20260503-left-3__20260503_181502.npz
single_single,fgw0917,left,fgw0917_0503_left,fgw-0917__20260503-left-3__20260503_181716.npz
single_single,fgw0917,left,fgw0917_0503_left,fgw-0917__20260503-left-3__20260503_181930.npz
single_single,fgw0917,left,fgw0917_0503_left,fgw-0917__20260503-left-3__20260503_182144.npz
single_single,fgw0917,left,fgw0917_0503_left,fgw-0917__20260503-left-3__20260503_182358.npz
single_single,fgw0917,left,fgw0917_0503_left,fgw-0917__20260503-left-3__20260503_182612.npz
single_single,fgw0917,left,fgw0917_0503_left,fgw-0917__20260503-left-3__20260503_182826.npz
single_single,fgw0917,left,fgw0917_0503_left,fgw-0917__20260503-left__20260503_161424.npz
single_single,fgw0917,left,fgw0917_0503_left,fgw-0917__20260503-left__20260503_161707.npz
single_single,fgw0917,left,fgw0917_0503_left,fgw-0917__20260503-left__20260503_161921.npz
single_single,fgw0917,left,fgw0917_0503_left,fgw-0917__20260503-left__20260503_162143.npz
single_single,fgw0917,left,fgw0917_0503_left,fgw-0917__20260503-left__20260503_162359.npz
single_single,fgw0917,left,fgw0917_0503_left,fgw-0917__20260503-left__20260503_162616.npz
single_single,fgw0917,left,fgw0917_0503_left,fgw-0917__20260503-left__20260503_162833.npz
single_single,fgw0917,left,fgw0917_0503_left,fgw-0917__20260503-left__20260503_163123.npz
single_single,fgw0917,left,fgw0917_0503_left,fgw-0917__20260503-left__20260503_163449.npz
single_single,fgw0917,left,fgw0917_0503_left,fgw-0917__20260503-left__20260503_163828.npz
single_both,fgw0917,left,fgw0917_0502_left,fgw-0917__20260502-left-3__20260502_104240.npz
single_both,fgw0917,left,fgw0917_0502_left,fgw-0917__20260502-left-3__20260502_104509.npz
single_both,fgw0917,left,fgw0917_0502_left,fgw-0917__20260502-left-3__20260502_104725.npz
single_both,fgw0917,left,fgw0917_0502_left,fgw-0917__20260502-left-3__20260502_104940.npz
single_both,fgw0917,left,fgw0917_0502_left,fgw-0917__20260502-left-3__20260502_105153.npz
single_both,fgw0917,left,fgw0917_0502_left,fgw-0917__20260502-left-3__20260502_105406.npz
single_both,fgw0917,left,fgw0917_0502_left,fgw-0917__20260502-left-3__20260502_105620.npz
single_both,fgw0917,left,fgw0917_0502_left,fgw-0917__20260502-left-3__20260502_105835.npz
single_both,fgw0917,left,fgw0917_0502_left,fgw-0917__20260502-left-3__20260502_110050.npz
single_both,fgw0917,left,fgw0917_0502_left,fgw-0917__20260502-left-3__20260502_110306.npz
single_both,fgw0917,left,fgw0917_0502_left,fgw-0917__20260502-left-3__20260502_110523.npz
single_both,fgw0917,left,fgw0917_0502_left,fgw-0917__20260502-left-3__20260502_110738.npz
single_both,fgw0917,left,fgw0917_0502_left,fgw-0917__20260502-left-3__20260502_110952.npz
single_both,fgw0917,left,fgw0917_0502_left,fgw-0917__20260502-left-3__20260502_111232.npz
single_both,fgw0917,left,fgw0917_0502_left,fgw-0917__20260502-left-3__20260502_111447.npz
single_both,fgw0917,left,fgw0917_0502_left,fgw-0917__20260502-left-3__20260502_111705.npz
single_both,fgw0917,left,fgw0917_0502_left,fgw-0917__20260502-left-3__20260502_111920.npz
single_both,fgw0917,left,fgw0917_0502_left,fgw-0917__20260502-left-3__20260502_112135.npz
single_both,fgw0917,left,fgw0917_0502_left,fgw-0917__20260502-left-3__20260502_112349.npz
single_both,fgw0917,left,fgw0917_0502_left,fgw-0917__20260502-left-3__20260502_112603.npz
single_both,fgw0917,left,fgw0917_0502_left,fgw-0917__20260502-left-3__20260502_112818.npz
single_both,fgw0917,left,fgw0917_0502_left,fgw-0917__20260502-left-3__20260502_113031.npz
single_both,fgw0917,left,fgw0917_0502_left,fgw-0917__20260502-left-3__20260502_113247.npz
single_both,fgw0917,left,fgw0917_0502_left,fgw-0917__20260502-left-3__20260502_113503.npz
single_both,fgw0917,left,fgw0917_0502_left,fgw-0917__20260502-left-3__20260502_113718.npz
single_both,fgw0917,left,fgw0917_0502_left,fgw-0917__20260502-left-3__20260502_113932.npz
single_both,fgw0917,left,fgw0917_0502_left,fgw-0917__20260502-left-3__20260502_114146.npz
single_both,fgw0917,left,fgw0917_0502_left,fgw-0917__20260502-left-3__20260502_114400.npz
single_both,fgw0917,left,fgw0917_0502_left,fgw-0917__20260502-left-3__20260502_114614.npz
single_both,fgw0917,left,fgw0917_0502_left,fgw-0917__20260502-left-3__20260502_114827.npz
single_both,fgw0917,left,fgw0917_0502_left,fgw-0917__20260502-left-4__20260502_131001.npz
single_both,fgw0917,left,fgw0917_0502_left,fgw-0917__20260502-left-4__20260502_131214.npz
single_both,fgw0917,left,fgw0917_0502_left,fgw-0917__20260502-left-4__20260502_131505.npz
single_both,fgw0917,left,fgw0917_0502_left,fgw-0917__20260502-left-4__20260502_131719.npz
single_both,fgw0917,left,fgw0917_0502_left,fgw-0917__20260502-left-4__20260502_131959.npz
single_both,fgw0917,left,fgw0917_0502_left,fgw-0917__20260502-left-4__20260502_132214.npz
single_both,fgw0917,left,fgw0917_0502_left,fgw-0917__20260502-left-4__20260502_132427.npz
single_both,fgw0917,left,fgw0917_0502_left,fgw-0917__20260502-left-4__20260502_132642.npz
single_both,fgw0917,left,fgw0917_0502_left,fgw-0917__20260502-left-4__20260502_132857.npz
single_both,fgw0917,left,fgw0917_0502_left,fgw-0917__20260502-left-4__20260502_133112.npz
single_both,fgw0917,left,fgw0917_0502_left,fgw-0917__20260502-left-4__20260502_133340.npz
single_both,fgw0917,left,fgw0917_0502_left,fgw-0917__20260502-left-4__20260502_133553.npz
single_both,fgw0917,left,fgw0917_0502_left,fgw-0917__20260502-left-4__20260502_133809.npz
single_both,fgw0917,left,fgw0917_0502_left,fgw-0917__20260502-left-4__20260502_134024.npz
single_both,fgw0917,left,fgw0917_0502_left,fgw-0917__20260502-left-4__20260502_134238.npz
single_both,fgw0917,left,fgw0917_0502_left,fgw-0917__20260502-left-4__20260502_134508.npz
single_both,fgw0917,left,fgw0917_0502_left,fgw-0917__20260502-left-4__20260502_134723.npz
single_both,fgw0917,left,fgw0917_0502_left,fgw-0917__20260502-left-4__20260502_134940.npz
single_both,fgw0917,left,fgw0917_0502_left,fgw-0917__20260502-left-4__20260502_135155.npz
single_both,fgw0917,left,fgw0917_0502_left,fgw-0917__20260502-left-4__20260502_135409.npz
single_both,fgw0917,left,fgw0917_0502_left,fgw-0917__20260502-left-5__20260502_150009.npz
single_both,fgw0917,left,fgw0917_0502_left,fgw-0917__20260502-left-5__20260502_150226.npz
single_both,fgw0917,left,fgw0917_0502_left,fgw-0917__20260502-left-5__20260502_150440.npz
single_both,fgw0917,left,fgw0917_0502_left,fgw-0917__20260502-left-5__20260502_150653.npz
single_both,fgw0917,left,fgw0917_0502_left,fgw-0917__20260502-left-5__20260502_150906.npz
single_both,fgw0917,left,fgw0917_0502_left,fgw-0917__20260502-left-5__20260502_151119.npz
single_both,fgw0917,left,fgw0917_0502_left,fgw-0917__20260502-left-5__20260502_151333.npz
single_both,fgw0917,left,fgw0917_0502_left,fgw-0917__20260502-left-5__20260502_151548.npz
single_both,fgw0917,left,fgw0917_0502_left,fgw-0917__20260502-left-5__20260502_151802.npz
single_both,fgw0917,left,fgw0917_0502_left,fgw-0917__20260502-left-5__20260502_152028.npz
single_both,fgw0917,left,fgw0917_0502_left,fgw-0917__20260502-left-5__20260502_152243.npz
single_both,fgw0917,left,fgw0917_0502_left,fgw-0917__20260502-left-5__20260502_152455.npz
single_both,fgw0917,left,fgw0917_0502_left,fgw-0917__20260502-left-5__20260502_152710.npz
single_both,fgw0917,left,fgw0917_0502_left,fgw-0917__20260502-left-5__20260502_152922.npz
single_both,fgw0917,left,fgw0917_0502_left,fgw-0917__20260502-left-5__20260502_153136.npz
single_both,fgw0917,left,fgw0917_0502_left,fgw-0917__20260502-left-5__20260502_153359.npz
single_both,fgw0917,left,fgw0917_0502_left,fgw-0917__20260502-left-5__20260502_153612.npz
single_both,fgw0917,left,fgw0917_0502_left,fgw-0917__20260502-left-5__20260502_153825.npz
single_both,fgw0917,left,fgw0917_0502_left,fgw-0917__20260502-left-5__20260502_154038.npz
single_both,fgw0917,left,fgw0917_0502_left,fgw-0917__20260502-left-5__20260502_154251.npz
single_both,fgw0917,left,fgw0917_0502_left,fgw-0917__20260502-left-6__20260502_141652.npz
single_both,fgw0917,left,fgw0917_0502_left,fgw-0917__20260502-left-6__20260502_141923.npz
single_both,fgw0917,left,fgw0917_0502_left,fgw-0917__20260502-left-6__20260502_142147.npz
single_both,fgw0917,left,fgw0917_0502_left,fgw-0917__20260502-left-6__20260502_142402.npz
single_both,fgw0917,left,fgw0917_0502_left,fgw-0917__20260502-left-6__20260502_142617.npz
single_both,fgw0917,left,fgw0917_0502_left,fgw-0917__20260502-left-6__20260502_142837.npz
single_both,fgw0917,left,fgw0917_0502_left,fgw-0917__20260502-left-6__20260502_143051.npz
single_both,fgw0917,left,fgw0917_0502_left,fgw-0917__20260502-left-6__20260502_143304.npz
single_both,fgw0917,left,fgw0917_0502_left,fgw-0917__20260502-left-6__20260502_143521.npz
single_both,fgw0917,left,fgw0917_0502_left,fgw-0917__20260502-left-6__20260502_143735.npz
single_both,fgw0917,left,fgw0917_0502_left,fgw-0917__20260502-left-7__20260502_154516.npz
single_both,fgw0917,left,fgw0917_0502_left,fgw-0917__20260502-left-7__20260502_154731.npz
single_both,fgw0917,left,fgw0917_0502_left,fgw-0917__20260502-left-7__20260502_154945.npz
single_both,fgw0917,left,fgw0917_0502_left,fgw-0917__20260502-left-7__20260502_155159.npz
single_both,fgw0917,left,fgw0917_0502_left,fgw-0917__20260502-left-7__20260502_155415.npz
single_both,fgw0917,left,fgw0917_0502_left,fgw-0917__20260502-left-7__20260502_155655.npz
single_both,fgw0917,left,fgw0917_0502_left,fgw-0917__20260502-left-7__20260502_155909.npz
single_both,fgw0917,left,fgw0917_0502_left,fgw-0917__20260502-left-7__20260502_160122.npz
single_both,fgw0917,left,fgw0917_0502_left,fgw-0917__20260502-left-7__20260502_160336.npz
single_both,fgw0917,left,fgw0917_0502_left,fgw-0917__20260502-left-7__20260502_160551.npz
single_both,fgw0917,left,fgw0917_0502_left,fgw-0917__20260502-left-8__20260502_160818.npz
single_both,fgw0917,left,fgw0917_0502_left,fgw-0917__20260502-left-8__20260502_161055.npz
single_both,fgw0917,left,fgw0917_0502_left,fgw-0917__20260502-left-8__20260502_161429.npz
single_both,fgw0917,left,fgw0917_0502_left,fgw-0917__20260502-left-8__20260502_161643.npz
single_both,fgw0917,left,fgw0917_0502_left,fgw-0917__20260502-left-8__20260502_161858.npz
single_both,fgw0917,left,fgw0917_0502_left,fgw-0917__20260502-left-8__20260502_162112.npz
single_both,fgw0917,left,fgw0917_0502_left,fgw-0917__20260502-left-8__20260502_162331.npz
single_both,fgw0917,left,fgw0917_0502_left,fgw-0917__20260502-left-8__20260502_162544.npz
single_both,fgw0917,left,fgw0917_0502_left,fgw-0917__20260502-left-8__20260502_162757.npz
single_both,fgw0917,left,fgw0917_0502_left,fgw-0917__20260502-left-8__20260502_163010.npz
single_both,fgw0917,left,fgw0917_0502_left,fgw-0917__20260502-left-9__20260502_172319.npz
single_both,fgw0917,left,fgw0917_0502_left,fgw-0917__20260502-left-9__20260502_172533.npz
single_both,fgw0917,left,fgw0917_0502_left,fgw-0917__20260502-left-9__20260502_172748.npz
single_both,fgw0917,left,fgw0917_0502_left,fgw-0917__20260502-left-9__20260502_173003.npz
single_both,fgw0917,left,fgw0917_0502_left,fgw-0917__20260502-left-9__20260502_173229.npz
single_both,fgw0917,left,fgw0917_0502_left,fgw-0917__20260502-left-9__20260502_173444.npz
single_both,fgw0917,left,fgw0917_0502_left,fgw-0917__20260502-left-9__20260502_173657.npz
single_both,fgw0917,left,fgw0917_0502_left,fgw-0917__20260502-left-9__20260502_173919.npz
single_both,fgw0917,left,fgw0917_0502_left,fgw-0917__20260502-left-9__20260502_174347.npz
single_both,fgw0917,left,fgw0917_0502_left,fgw-0917__20260502-left-9__20260502_174731.npz
single_both,fgw0917,left,fgw0917_0502_left,fgw-0917__20260502-left__20260502_115218.npz
single_both,fgw0917,left,fgw0917_0502_left,fgw-0917__20260502-left__20260502_115432.npz
single_both,fgw0917,left,fgw0917_0502_left,fgw-0917__20260502-left__20260502_115646.npz
single_both,fgw0917,left,fgw0917_0502_left,fgw-0917__20260502-left__20260502_115903.npz
single_both,fgw0917,left,fgw0917_0502_left,fgw-0917__20260502-left__20260502_120116.npz
single_both,fgw0917,left,fgw0917_0502_left,fgw-0917__20260502-left__20260502_140213.npz
single_both,fgw0917,left,fgw0917_0502_left,fgw-0917__20260502-left__20260502_140449.npz
single_both,fgw0917,left,fgw0917_0502_left,fgw-0917__20260502-left__20260502_140702.npz
single_both,fgw0917,left,fgw0917_0502_left,fgw-0917__20260502-left__20260502_140916.npz
single_both,fgw0917,left,fgw0917_0502_left,fgw-0917__20260502-left__20260502_141130.npz
single_both,fgw0917,left,fgw0917_0503_left,fgw-0917__20260503-left-2__20260503_165358.npz
single_both,fgw0917,left,fgw0917_0503_left,fgw-0917__20260503-left-2__20260503_165612.npz
single_both,fgw0917,left,fgw0917_0503_left,fgw-0917__20260503-left-2__20260503_165830.npz
single_both,fgw0917,left,fgw0917_0503_left,fgw-0917__20260503-left-2__20260503_170047.npz
single_both,fgw0917,left,fgw0917_0503_left,fgw-0917__20260503-left-2__20260503_170304.npz
single_both,fgw0917,left,fgw0917_0503_left,fgw-0917__20260503-left-2__20260503_170520.npz
single_both,fgw0917,left,fgw0917_0503_left,fgw-0917__20260503-left-2__20260503_170736.npz
single_both,fgw0917,left,fgw0917_0503_left,fgw-0917__20260503-left-2__20260503_170951.npz
single_both,fgw0917,left,fgw0917_0503_left,fgw-0917__20260503-left-2__20260503_171217.npz
single_both,fgw0917,left,fgw0917_0503_left,fgw-0917__20260503-left-2__20260503_171435.npz
single_both,fgw0917,left,fgw0917_0503_left,fgw-0917__20260503-left-2__20260503_171651.npz
single_both,fgw0917,left,fgw0917_0503_left,fgw-0917__20260503-left-2__20260503_171911.npz
single_both,fgw0917,left,fgw0917_0503_left,fgw-0917__20260503-left-2__20260503_172136.npz
single_both,fgw0917,left,fgw0917_0503_left,fgw-0917__20260503-left-2__20260503_172353.npz
single_both,fgw0917,left,fgw0917_0503_left,fgw-0917__20260503-left-2__20260503_172610.npz
single_both,fgw0917,left,fgw0917_0503_left,fgw-0917__20260503-left-2__20260503_172825.npz
single_both,fgw0917,left,fgw0917_0503_left,fgw-0917__20260503-left-2__20260503_173040.npz
single_both,fgw0917,left,fgw0917_0503_left,fgw-0917__20260503-left-2__20260503_173256.npz
single_both,fgw0917,left,fgw0917_0503_left,fgw-0917__20260503-left-2__20260503_173519.npz
single_both,fgw0917,left,fgw0917_0503_left,fgw-0917__20260503-left-2__20260503_173734.npz
single_both,fgw0917,left,fgw0917_0503_left,fgw-0917__20260503-left-3__20260503_180816.npz
single_both,fgw0917,left,fgw0917_0503_left,fgw-0917__20260503-left-3__20260503_181033.npz
single_both,fgw0917,left,fgw0917_0503_left,fgw-0917__20260503-left-3__20260503_181248.npz
single_both,fgw0917,left,fgw0917_0503_left,fgw-0917__20260503-left-3__20260503_181502.npz
single_both,fgw0917,left,fgw0917_0503_left,fgw-0917__20260503-left-3__20260503_181716.npz
single_both,fgw0917,left,fgw0917_0503_left,fgw-0917__20260503-left-3__20260503_181930.npz
single_both,fgw0917,left,fgw0917_0503_left,fgw-0917__20260503-left-3__20260503_182144.npz
single_both,fgw0917,left,fgw0917_0503_left,fgw-0917__20260503-left-3__20260503_182358.npz
single_both,fgw0917,left,fgw0917_0503_left,fgw-0917__20260503-left-3__20260503_182612.npz
single_both,fgw0917,left,fgw0917_0503_left,fgw-0917__20260503-left-3__20260503_182826.npz
single_both,fgw0917,left,fgw0917_0503_left,fgw-0917__20260503-left__20260503_161424.npz
single_both,fgw0917,left,fgw0917_0503_left,fgw-0917__20260503-left__20260503_161707.npz
single_both,fgw0917,left,fgw0917_0503_left,fgw-0917__20260503-left__20260503_161921.npz
single_both,fgw0917,left,fgw0917_0503_left,fgw-0917__20260503-left__20260503_162143.npz
single_both,fgw0917,left,fgw0917_0503_left,fgw-0917__20260503-left__20260503_162359.npz
single_both,fgw0917,left,fgw0917_0503_left,fgw-0917__20260503-left__20260503_162616.npz
single_both,fgw0917,left,fgw0917_0503_left,fgw-0917__20260503-left__20260503_162833.npz
single_both,fgw0917,left,fgw0917_0503_left,fgw-0917__20260503-left__20260503_163123.npz
single_both,fgw0917,left,fgw0917_0503_left,fgw-0917__20260503-left__20260503_163449.npz
single_both,fgw0917,left,fgw0917_0503_left,fgw-0917__20260503-left__20260503_163828.npz
single_both,fgw0917,right,fgw0917_0504_right,fgw-0917__20260504-right-2_v33__20260504_103841.npz
single_both,fgw0917,right,fgw0917_0504_right,fgw-0917__20260504-right-2_v33__20260504_104100.npz
single_both,fgw0917,right,fgw0917_0504_right,fgw-0917__20260504-right-2_v33__20260504_104318.npz
single_both,fgw0917,right,fgw0917_0504_right,fgw-0917__20260504-right-2_v33__20260504_104543.npz
single_both,fgw0917,right,fgw0917_0504_right,fgw-0917__20260504-right-2_v33__20260504_104801.npz
single_both,fgw0917,right,fgw0917_0504_right,fgw-0917__20260504-right-2_v33__20260504_105024.npz
single_both,fgw0917,right,fgw0917_0504_right,fgw-0917__20260504-right-2_v33__20260504_105243.npz
single_both,fgw0917,right,fgw0917_0504_right,fgw-0917__20260504-right-2_v33__20260504_105507.npz
single_both,fgw0917,right,fgw0917_0504_right,fgw-0917__20260504-right-2_v33__20260504_105729.npz
single_both,fgw0917,right,fgw0917_0504_right,fgw-0917__20260504-right-2_v33__20260504_105949.npz
single_both,fgw0917,right,fgw0917_0504_right,fgw-0917__20260504-right-2_v71__20260504_161640.npz
single_both,fgw0917,right,fgw0917_0504_right,fgw-0917__20260504-right-2_v71__20260504_161859.npz
single_both,fgw0917,right,fgw0917_0504_right,fgw-0917__20260504-right-2_v71__20260504_162116.npz
single_both,fgw0917,right,fgw0917_0504_right,fgw-0917__20260504-right-2_v71__20260504_162335.npz
single_both,fgw0917,right,fgw0917_0504_right,fgw-0917__20260504-right-2_v71__20260504_162556.npz
single_both,fgw0917,right,fgw0917_0504_right,fgw-0917__20260504-right-2_v71__20260504_162820.npz
single_both,fgw0917,right,fgw0917_0504_right,fgw-0917__20260504-right-2_v71__20260504_163041.npz
single_both,fgw0917,right,fgw0917_0504_right,fgw-0917__20260504-right-2_v71__20260504_163301.npz
single_both,fgw0917,right,fgw0917_0504_right,fgw-0917__20260504-right-2_v71__20260504_163526.npz
single_both,fgw0917,right,fgw0917_0504_right,fgw-0917__20260504-right-2_v71__20260504_163745.npz
single_both,fgw0917,right,fgw0917_0504_right,fgw-0917__20260504-right-2_v71__20260504_164002.npz
single_both,fgw0917,right,fgw0917_0504_right,fgw-0917__20260504-right-2_v71__20260504_164223.npz
single_both,fgw0917,right,fgw0917_0504_right,fgw-0917__20260504-right-2_v71__20260504_164441.npz
single_both,fgw0917,right,fgw0917_0504_right,fgw-0917__20260504-right-2_v71__20260504_164715.npz
single_both,fgw0917,right,fgw0917_0504_right,fgw-0917__20260504-right-2_v71__20260504_164936.npz
single_both,fgw0917,right,fgw0917_0504_right,fgw-0917__20260504-right-2_v71__20260504_165202.npz
single_both,fgw0917,right,fgw0917_0504_right,fgw-0917__20260504-right-2_v71__20260504_165427.npz
single_both,fgw0917,right,fgw0917_0504_right,fgw-0917__20260504-right-2_v71__20260504_165645.npz
single_both,fgw0917,right,fgw0917_0504_right,fgw-0917__20260504-right-2_v71__20260504_165903.npz
single_both,fgw0917,right,fgw0917_0504_right,fgw-0917__20260504-right-2_v71__20260504_170124.npz
single_both,fgw0917,right,fgw0917_0504_right,fgw-0917__20260504-right-3_v33__20260504_111034.npz
single_both,fgw0917,right,fgw0917_0504_right,fgw-0917__20260504-right-3_v33__20260504_111252.npz
single_both,fgw0917,right,fgw0917_0504_right,fgw-0917__20260504-right-3_v33__20260504_111511.npz
single_both,fgw0917,right,fgw0917_0504_right,fgw-0917__20260504-right-3_v33__20260504_111731.npz
single_both,fgw0917,right,fgw0917_0504_right,fgw-0917__20260504-right-3_v33__20260504_111953.npz
single_both,fgw0917,right,fgw0917_0504_right,fgw-0917__20260504-right-3_v33__20260504_112212.npz
single_both,fgw0917,right,fgw0917_0504_right,fgw-0917__20260504-right-3_v33__20260504_112434.npz
single_both,fgw0917,right,fgw0917_0504_right,fgw-0917__20260504-right-3_v33__20260504_112656.npz
single_both,fgw0917,right,fgw0917_0504_right,fgw-0917__20260504-right-3_v33__20260504_112915.npz
single_both,fgw0917,right,fgw0917_0504_right,fgw-0917__20260504-right-3_v33__20260504_113136.npz
single_both,fgw0917,right,fgw0917_0504_right,fgw-0917__20260504-right-3_v33__20260504_113501.npz
single_both,fgw0917,right,fgw0917_0504_right,fgw-0917__20260504-right-3_v33__20260504_113722.npz
single_both,fgw0917,right,fgw0917_0504_right,fgw-0917__20260504-right-3_v33__20260504_113942.npz
single_both,fgw0917,right,fgw0917_0504_right,fgw-0917__20260504-right-3_v33__20260504_114239.npz
single_both,fgw0917,right,fgw0917_0504_right,fgw-0917__20260504-right-3_v33__20260504_114500.npz
single_both,fgw0917,right,fgw0917_0504_right,fgw-0917__20260504-right-3_v33__20260504_114728.npz
single_both,fgw0917,right,fgw0917_0504_right,fgw-0917__20260504-right-3_v33__20260504_114948.npz
single_both,fgw0917,right,fgw0917_0504_right,fgw-0917__20260504-right-3_v33__20260504_115207.npz
single_both,fgw0917,right,fgw0917_0504_right,fgw-0917__20260504-right-3_v33__20260504_115428.npz
single_both,fgw0917,right,fgw0917_0504_right,fgw-0917__20260504-right-3_v33__20260504_115648.npz
single_both,fgw0917,right,fgw0917_0504_right,fgw-0917__20260504-right-3_v71__20260504_172830.npz
single_both,fgw0917,right,fgw0917_0504_right,fgw-0917__20260504-right-3_v71__20260504_173100.npz
single_both,fgw0917,right,fgw0917_0504_right,fgw-0917__20260504-right-3_v71__20260504_173316.npz
single_both,fgw0917,right,fgw0917_0504_right,fgw-0917__20260504-right-3_v71__20260504_173533.npz
single_both,fgw0917,right,fgw0917_0504_right,fgw-0917__20260504-right-3_v71__20260504_173748.npz
single_both,fgw0917,right,fgw0917_0504_right,fgw-0917__20260504-right-3_v71__20260504_174006.npz
single_both,fgw0917,right,fgw0917_0504_right,fgw-0917__20260504-right-3_v71__20260504_174226.npz
single_both,fgw0917,right,fgw0917_0504_right,fgw-0917__20260504-right-3_v71__20260504_174448.npz
single_both,fgw0917,right,fgw0917_0504_right,fgw-0917__20260504-right-3_v71__20260504_174720.npz
single_both,fgw0917,right,fgw0917_0504_right,fgw-0917__20260504-right-3_v71__20260504_174938.npz
single_both,fgw0917,right,fgw0917_0504_right,fgw-0917__20260504-right-3_v71__20260504_175157.npz
single_both,fgw0917,right,fgw0917_0504_right,fgw-0917__20260504-right-3_v71__20260504_175415.npz
single_both,fgw0917,right,fgw0917_0504_right,fgw-0917__20260504-right-3_v71__20260504_175632.npz
single_both,fgw0917,right,fgw0917_0504_right,fgw-0917__20260504-right-3_v71__20260504_175848.npz
single_both,fgw0917,right,fgw0917_0504_right,fgw-0917__20260504-right-3_v71__20260504_180107.npz
single_both,fgw0917,right,fgw0917_0504_right,fgw-0917__20260504-right-3_v71__20260504_180328.npz
single_both,fgw0917,right,fgw0917_0504_right,fgw-0917__20260504-right-3_v71__20260504_180546.npz
single_both,fgw0917,right,fgw0917_0504_right,fgw-0917__20260504-right-3_v71__20260504_180802.npz
single_both,fgw0917,right,fgw0917_0504_right,fgw-0917__20260504-right-3_v71__20260504_181022.npz
single_both,fgw0917,right,fgw0917_0504_right,fgw-0917__20260504-right-3_v71__20260504_181240.npz
single_both,fgw0917,right,fgw0917_0504_right,fgw-0917__20260504-right-4_v71__20260504_181922.npz
single_both,fgw0917,right,fgw0917_0504_right,fgw-0917__20260504-right-4_v71__20260504_182139.npz
single_both,fgw0917,right,fgw0917_0504_right,fgw-0917__20260504-right-4_v71__20260504_182357.npz
single_both,fgw0917,right,fgw0917_0504_right,fgw-0917__20260504-right-4_v71__20260504_182613.npz
single_both,fgw0917,right,fgw0917_0504_right,fgw-0917__20260504-right-4_v71__20260504_182829.npz
single_both,fgw0917,right,fgw0917_0504_right,fgw-0917__20260504-right-4_v71__20260504_183047.npz
single_both,fgw0917,right,fgw0917_0504_right,fgw-0917__20260504-right-4_v71__20260504_183305.npz
single_both,fgw0917,right,fgw0917_0504_right,fgw-0917__20260504-right-4_v71__20260504_183522.npz
single_both,fgw0917,right,fgw0917_0504_right,fgw-0917__20260504-right-4_v71__20260504_183739.npz
single_both,fgw0917,right,fgw0917_0504_right,fgw-0917__20260504-right-4_v71__20260504_183957.npz
single_both,fgw0917,right,fgw0917_0504_right,fgw-0917__20260504-right-5_v33__20260504_132549.npz
single_both,fgw0917,right,fgw0917_0504_right,fgw-0917__20260504-right-5_v33__20260504_132806.npz
single_both,fgw0917,right,fgw0917_0504_right,fgw-0917__20260504-right-5_v33__20260504_133024.npz
single_both,fgw0917,right,fgw0917_0504_right,fgw-0917__20260504-right-5_v33__20260504_133243.npz
single_both,fgw0917,right,fgw0917_0504_right,fgw-0917__20260504-right-5_v33__20260504_133504.npz
single_both,fgw0917,right,fgw0917_0504_right,fgw-0917__20260504-right-5_v33__20260504_133724.npz
single_both,fgw0917,right,fgw0917_0504_right,fgw-0917__20260504-right-5_v33__20260504_133944.npz
single_both,fgw0917,right,fgw0917_0504_right,fgw-0917__20260504-right-5_v33__20260504_134202.npz
single_both,fgw0917,right,fgw0917_0504_right,fgw-0917__20260504-right-5_v33__20260504_134424.npz
single_both,fgw0917,right,fgw0917_0504_right,fgw-0917__20260504-right-5_v33__20260504_134723.npz
single_both,fgw0917,right,fgw0917_0504_right,fgw-0917__20260504-right-5_v33__20260504_135313.npz
single_both,fgw0917,right,fgw0917_0504_right,fgw-0917__20260504-right-5_v33__20260504_135615.npz
single_both,fgw0917,right,fgw0917_0504_right,fgw-0917__20260504-right-5_v33__20260504_140036.npz
single_both,fgw0917,right,fgw0917_0504_right,fgw-0917__20260504-right-5_v33__20260504_140259.npz
single_both,fgw0917,right,fgw0917_0504_right,fgw-0917__20260504-right-5_v33__20260504_140728.npz
single_both,fgw0917,right,fgw0917_0504_right,fgw-0917__20260504-right-5_v33__20260504_140949.npz
single_both,fgw0917,right,fgw0917_0504_right,fgw-0917__20260504-right-5_v33__20260504_141207.npz
single_both,fgw0917,right,fgw0917_0504_right,fgw-0917__20260504-right-5_v33__20260504_141428.npz
single_both,fgw0917,right,fgw0917_0504_right,fgw-0917__20260504-right-5_v33__20260504_141649.npz
single_both,fgw0917,right,fgw0917_0504_right,fgw-0917__20260504-right-5_v33__20260504_141911.npz
multi_single,fgw0917,left,fgw0917_0502_left,fgw-0917__20260502-left-3__20260502_104240.npz
multi_single,fgw0917,left,fgw0917_0502_left,fgw-0917__20260502-left-3__20260502_104509.npz
multi_single,fgw0917,left,fgw0917_0502_left,fgw-0917__20260502-left-3__20260502_104725.npz
multi_single,fgw0917,left,fgw0917_0502_left,fgw-0917__20260502-left-3__20260502_104940.npz
multi_single,fgw0917,left,fgw0917_0502_left,fgw-0917__20260502-left-3__20260502_105153.npz
multi_single,fgw0917,left,fgw0917_0502_left,fgw-0917__20260502-left-3__20260502_105406.npz
multi_single,fgw0917,left,fgw0917_0502_left,fgw-0917__20260502-left-3__20260502_105620.npz
multi_single,fgw0917,left,fgw0917_0502_left,fgw-0917__20260502-left-3__20260502_105835.npz
multi_single,fgw0917,left,fgw0917_0502_left,fgw-0917__20260502-left-3__20260502_110050.npz
multi_single,fgw0917,left,fgw0917_0502_left,fgw-0917__20260502-left-3__20260502_110306.npz
multi_single,fgw0917,left,fgw0917_0502_left,fgw-0917__20260502-left-3__20260502_110523.npz
multi_single,fgw0917,left,fgw0917_0502_left,fgw-0917__20260502-left-3__20260502_110738.npz
multi_single,fgw0917,left,fgw0917_0502_left,fgw-0917__20260502-left-3__20260502_110952.npz
multi_single,fgw0917,left,fgw0917_0502_left,fgw-0917__20260502-left-3__20260502_111232.npz
multi_single,fgw0917,left,fgw0917_0502_left,fgw-0917__20260502-left-3__20260502_111447.npz
multi_single,fgw0917,left,fgw0917_0502_left,fgw-0917__20260502-left-3__20260502_111705.npz
multi_single,fgw0917,left,fgw0917_0502_left,fgw-0917__20260502-left-3__20260502_111920.npz
multi_single,fgw0917,left,fgw0917_0502_left,fgw-0917__20260502-left-3__20260502_112135.npz
multi_single,fgw0917,left,fgw0917_0502_left,fgw-0917__20260502-left-3__20260502_112349.npz
multi_single,fgw0917,left,fgw0917_0502_left,fgw-0917__20260502-left-3__20260502_112603.npz
multi_single,fgw0917,left,fgw0917_0502_left,fgw-0917__20260502-left-3__20260502_112818.npz
multi_single,fgw0917,left,fgw0917_0502_left,fgw-0917__20260502-left-3__20260502_113031.npz
multi_single,fgw0917,left,fgw0917_0502_left,fgw-0917__20260502-left-3__20260502_113247.npz
multi_single,fgw0917,left,fgw0917_0502_left,fgw-0917__20260502-left-3__20260502_113503.npz
multi_single,fgw0917,left,fgw0917_0502_left,fgw-0917__20260502-left-3__20260502_113718.npz
multi_single,fgw0917,left,fgw0917_0502_left,fgw-0917__20260502-left-3__20260502_113932.npz
multi_single,fgw0917,left,fgw0917_0502_left,fgw-0917__20260502-left-3__20260502_114146.npz
multi_single,fgw0917,left,fgw0917_0502_left,fgw-0917__20260502-left-3__20260502_114400.npz
multi_single,fgw0917,left,fgw0917_0502_left,fgw-0917__20260502-left-3__20260502_114614.npz
multi_single,fgw0917,left,fgw0917_0502_left,fgw-0917__20260502-left-3__20260502_114827.npz
multi_single,fgw0917,left,fgw0917_0502_left,fgw-0917__20260502-left-4__20260502_131001.npz
multi_single,fgw0917,left,fgw0917_0502_left,fgw-0917__20260502-left-4__20260502_131214.npz
multi_single,fgw0917,left,fgw0917_0502_left,fgw-0917__20260502-left-4__20260502_131505.npz
multi_single,fgw0917,left,fgw0917_0502_left,fgw-0917__20260502-left-4__20260502_131719.npz
multi_single,fgw0917,left,fgw0917_0502_left,fgw-0917__20260502-left-4__20260502_131959.npz
multi_single,fgw0917,left,fgw0917_0502_left,fgw-0917__20260502-left-4__20260502_132214.npz
multi_single,fgw0917,left,fgw0917_0502_left,fgw-0917__20260502-left-4__20260502_132427.npz
multi_single,fgw0917,left,fgw0917_0502_left,fgw-0917__20260502-left-4__20260502_132642.npz
multi_single,fgw0917,left,fgw0917_0502_left,fgw-0917__20260502-left-4__20260502_132857.npz
multi_single,fgw0917,left,fgw0917_0502_left,fgw-0917__20260502-left-4__20260502_133112.npz
multi_single,fgw0917,left,fgw0917_0502_left,fgw-0917__20260502-left-4__20260502_133340.npz
multi_single,fgw0917,left,fgw0917_0502_left,fgw-0917__20260502-left-4__20260502_133553.npz
multi_single,fgw0917,left,fgw0917_0502_left,fgw-0917__20260502-left-4__20260502_133809.npz
multi_single,fgw0917,left,fgw0917_0502_left,fgw-0917__20260502-left-4__20260502_134024.npz
multi_single,fgw0917,left,fgw0917_0502_left,fgw-0917__20260502-left-4__20260502_134238.npz
multi_single,fgw0917,left,fgw0917_0502_left,fgw-0917__20260502-left-4__20260502_134508.npz
multi_single,fgw0917,left,fgw0917_0502_left,fgw-0917__20260502-left-4__20260502_134723.npz
multi_single,fgw0917,left,fgw0917_0502_left,fgw-0917__20260502-left-4__20260502_134940.npz
multi_single,fgw0917,left,fgw0917_0502_left,fgw-0917__20260502-left-4__20260502_135155.npz
multi_single,fgw0917,left,fgw0917_0502_left,fgw-0917__20260502-left-4__20260502_135409.npz
multi_single,fgw0917,left,fgw0917_0502_left,fgw-0917__20260502-left-5__20260502_150009.npz
multi_single,fgw0917,left,fgw0917_0502_left,fgw-0917__20260502-left-5__20260502_150226.npz
multi_single,fgw0917,left,fgw0917_0502_left,fgw-0917__20260502-left-5__20260502_150440.npz
multi_single,fgw0917,left,fgw0917_0502_left,fgw-0917__20260502-left-5__20260502_150653.npz
multi_single,fgw0917,left,fgw0917_0502_left,fgw-0917__20260502-left-5__20260502_150906.npz
multi_single,fgw0917,left,fgw0917_0502_left,fgw-0917__20260502-left-5__20260502_151119.npz
multi_single,fgw0917,left,fgw0917_0502_left,fgw-0917__20260502-left-5__20260502_151333.npz
multi_single,fgw0917,left,fgw0917_0502_left,fgw-0917__20260502-left-5__20260502_151548.npz
multi_single,fgw0917,left,fgw0917_0502_left,fgw-0917__20260502-left-5__20260502_151802.npz
multi_single,fgw0917,left,fgw0917_0502_left,fgw-0917__20260502-left-5__20260502_152028.npz
multi_single,fgw0917,left,fgw0917_0502_left,fgw-0917__20260502-left-5__20260502_152243.npz
multi_single,fgw0917,left,fgw0917_0502_left,fgw-0917__20260502-left-5__20260502_152455.npz
multi_single,fgw0917,left,fgw0917_0502_left,fgw-0917__20260502-left-5__20260502_152710.npz
multi_single,fgw0917,left,fgw0917_0502_left,fgw-0917__20260502-left-5__20260502_152922.npz
multi_single,fgw0917,left,fgw0917_0502_left,fgw-0917__20260502-left-5__20260502_153136.npz
multi_single,fgw0917,left,fgw0917_0502_left,fgw-0917__20260502-left-5__20260502_153359.npz
multi_single,fgw0917,left,fgw0917_0502_left,fgw-0917__20260502-left-5__20260502_153612.npz
multi_single,fgw0917,left,fgw0917_0502_left,fgw-0917__20260502-left-5__20260502_153825.npz
multi_single,fgw0917,left,fgw0917_0502_left,fgw-0917__20260502-left-5__20260502_154038.npz
multi_single,fgw0917,left,fgw0917_0502_left,fgw-0917__20260502-left-5__20260502_154251.npz
multi_single,fgw0917,left,fgw0917_0502_left,fgw-0917__20260502-left-6__20260502_141652.npz
multi_single,fgw0917,left,fgw0917_0502_left,fgw-0917__20260502-left-6__20260502_141923.npz
multi_single,fgw0917,left,fgw0917_0502_left,fgw-0917__20260502-left-6__20260502_142147.npz
multi_single,fgw0917,left,fgw0917_0502_left,fgw-0917__20260502-left-6__20260502_142402.npz
multi_single,fgw0917,left,fgw0917_0502_left,fgw-0917__20260502-left-6__20260502_142617.npz
multi_single,fgw0917,left,fgw0917_0502_left,fgw-0917__20260502-left-6__20260502_142837.npz
multi_single,fgw0917,left,fgw0917_0502_left,fgw-0917__20260502-left-6__20260502_143051.npz
multi_single,fgw0917,left,fgw0917_0502_left,fgw-0917__20260502-left-6__20260502_143304.npz
multi_single,fgw0917,left,fgw0917_0502_left,fgw-0917__20260502-left-6__20260502_143521.npz
multi_single,fgw0917,left,fgw0917_0502_left,fgw-0917__20260502-left-6__20260502_143735.npz
multi_single,fgw0917,left,fgw0917_0502_left,fgw-0917__20260502-left-7__20260502_154516.npz
multi_single,fgw0917,left,fgw0917_0502_left,fgw-0917__20260502-left-7__20260502_154731.npz
multi_single,fgw0917,left,fgw0917_0502_left,fgw-0917__20260502-left-7__20260502_154945.npz
multi_single,fgw0917,left,fgw0917_0502_left,fgw-0917__20260502-left-7__20260502_155159.npz
multi_single,fgw0917,left,fgw0917_0502_left,fgw-0917__20260502-left-7__20260502_155415.npz
multi_single,fgw0917,left,fgw0917_0502_left,fgw-0917__20260502-left-7__20260502_155655.npz
multi_single,fgw0917,left,fgw0917_0502_left,fgw-0917__20260502-left-7__20260502_155909.npz
multi_single,fgw0917,left,fgw0917_0502_left,fgw-0917__20260502-left-7__20260502_160122.npz
multi_single,fgw0917,left,fgw0917_0502_left,fgw-0917__20260502-left-7__20260502_160336.npz
multi_single,fgw0917,left,fgw0917_0502_left,fgw-0917__20260502-left-7__20260502_160551.npz
multi_single,fgw0917,left,fgw0917_0502_left,fgw-0917__20260502-left-8__20260502_160818.npz
multi_single,fgw0917,left,fgw0917_0502_left,fgw-0917__20260502-left-8__20260502_161055.npz
multi_single,fgw0917,left,fgw0917_0502_left,fgw-0917__20260502-left-8__20260502_161429.npz
multi_single,fgw0917,left,fgw0917_0502_left,fgw-0917__20260502-left-8__20260502_161643.npz
multi_single,fgw0917,left,fgw0917_0502_left,fgw-0917__20260502-left-8__20260502_161858.npz
multi_single,fgw0917,left,fgw0917_0502_left,fgw-0917__20260502-left-8__20260502_162112.npz
multi_single,fgw0917,left,fgw0917_0502_left,fgw-0917__20260502-left-8__20260502_162331.npz
multi_single,fgw0917,left,fgw0917_0502_left,fgw-0917__20260502-left-8__20260502_162544.npz
multi_single,fgw0917,left,fgw0917_0502_left,fgw-0917__20260502-left-8__20260502_162757.npz
multi_single,fgw0917,left,fgw0917_0502_left,fgw-0917__20260502-left-8__20260502_163010.npz
multi_single,fgw0917,left,fgw0917_0502_left,fgw-0917__20260502-left-9__20260502_172319.npz
multi_single,fgw0917,left,fgw0917_0502_left,fgw-0917__20260502-left-9__20260502_172533.npz
multi_single,fgw0917,left,fgw0917_0502_left,fgw-0917__20260502-left-9__20260502_172748.npz
multi_single,fgw0917,left,fgw0917_0502_left,fgw-0917__20260502-left-9__20260502_173003.npz
multi_single,fgw0917,left,fgw0917_0502_left,fgw-0917__20260502-left-9__20260502_173229.npz
multi_single,fgw0917,left,fgw0917_0502_left,fgw-0917__20260502-left-9__20260502_173444.npz
multi_single,fgw0917,left,fgw0917_0502_left,fgw-0917__20260502-left-9__20260502_173657.npz
multi_single,fgw0917,left,fgw0917_0502_left,fgw-0917__20260502-left-9__20260502_173919.npz
multi_single,fgw0917,left,fgw0917_0502_left,fgw-0917__20260502-left-9__20260502_174347.npz
multi_single,fgw0917,left,fgw0917_0502_left,fgw-0917__20260502-left-9__20260502_174731.npz
multi_single,fgw0917,left,fgw0917_0502_left,fgw-0917__20260502-left__20260502_115218.npz
multi_single,fgw0917,left,fgw0917_0502_left,fgw-0917__20260502-left__20260502_115432.npz
multi_single,fgw0917,left,fgw0917_0502_left,fgw-0917__20260502-left__20260502_115646.npz
multi_single,fgw0917,left,fgw0917_0502_left,fgw-0917__20260502-left__20260502_115903.npz
multi_single,fgw0917,left,fgw0917_0502_left,fgw-0917__20260502-left__20260502_120116.npz
multi_single,fgw0917,left,fgw0917_0502_left,fgw-0917__20260502-left__20260502_140213.npz
multi_single,fgw0917,left,fgw0917_0502_left,fgw-0917__20260502-left__20260502_140449.npz
multi_single,fgw0917,left,fgw0917_0502_left,fgw-0917__20260502-left__20260502_140702.npz
multi_single,fgw0917,left,fgw0917_0502_left,fgw-0917__20260502-left__20260502_140916.npz
multi_single,fgw0917,left,fgw0917_0502_left,fgw-0917__20260502-left__20260502_141130.npz
multi_single,fgw0917,left,fgw0917_0503_left,fgw-0917__20260503-left-2__20260503_165358.npz
multi_single,fgw0917,left,fgw0917_0503_left,fgw-0917__20260503-left-2__20260503_165612.npz
multi_single,fgw0917,left,fgw0917_0503_left,fgw-0917__20260503-left-2__20260503_165830.npz
multi_single,fgw0917,left,fgw0917_0503_left,fgw-0917__20260503-left-2__20260503_170047.npz
multi_single,fgw0917,left,fgw0917_0503_left,fgw-0917__20260503-left-2__20260503_170304.npz
multi_single,fgw0917,left,fgw0917_0503_left,fgw-0917__20260503-left-2__20260503_170520.npz
multi_single,fgw0917,left,fgw0917_0503_left,fgw-0917__20260503-left-2__20260503_170736.npz
multi_single,fgw0917,left,fgw0917_0503_left,fgw-0917__20260503-left-2__20260503_170951.npz
multi_single,fgw0917,left,fgw0917_0503_left,fgw-0917__20260503-left-2__20260503_171217.npz
multi_single,fgw0917,left,fgw0917_0503_left,fgw-0917__20260503-left-2__20260503_171435.npz
multi_single,fgw0917,left,fgw0917_0503_left,fgw-0917__20260503-left-2__20260503_171651.npz
multi_single,fgw0917,left,fgw0917_0503_left,fgw-0917__20260503-left-2__20260503_171911.npz
multi_single,fgw0917,left,fgw0917_0503_left,fgw-0917__20260503-left-2__20260503_172136.npz
multi_single,fgw0917,left,fgw0917_0503_left,fgw-0917__20260503-left-2__20260503_172353.npz
multi_single,fgw0917,left,fgw0917_0503_left,fgw-0917__20260503-left-2__20260503_172610.npz
multi_single,fgw0917,left,fgw0917_0503_left,fgw-0917__20260503-left-2__20260503_172825.npz
multi_single,fgw0917,left,fgw0917_0503_left,fgw-0917__20260503-left-2__20260503_173040.npz
multi_single,fgw0917,left,fgw0917_0503_left,fgw-0917__20260503-left-2__20260503_173256.npz
multi_single,fgw0917,left,fgw0917_0503_left,fgw-0917__20260503-left-2__20260503_173519.npz
multi_single,fgw0917,left,fgw0917_0503_left,fgw-0917__20260503-left-2__20260503_173734.npz
multi_single,fgw0917,left,fgw0917_0503_left,fgw-0917__20260503-left-3__20260503_180816.npz
multi_single,fgw0917,left,fgw0917_0503_left,fgw-0917__20260503-left-3__20260503_181033.npz
multi_single,fgw0917,left,fgw0917_0503_left,fgw-0917__20260503-left-3__20260503_181248.npz
multi_single,fgw0917,left,fgw0917_0503_left,fgw-0917__20260503-left-3__20260503_181502.npz
multi_single,fgw0917,left,fgw0917_0503_left,fgw-0917__20260503-left-3__20260503_181716.npz
multi_single,fgw0917,left,fgw0917_0503_left,fgw-0917__20260503-left-3__20260503_181930.npz
multi_single,fgw0917,left,fgw0917_0503_left,fgw-0917__20260503-left-3__20260503_182144.npz
multi_single,fgw0917,left,fgw0917_0503_left,fgw-0917__20260503-left-3__20260503_182358.npz
multi_single,fgw0917,left,fgw0917_0503_left,fgw-0917__20260503-left-3__20260503_182612.npz
multi_single,fgw0917,left,fgw0917_0503_left,fgw-0917__20260503-left-3__20260503_182826.npz
multi_single,fgw0917,left,fgw0917_0503_left,fgw-0917__20260503-left__20260503_161424.npz
multi_single,fgw0917,left,fgw0917_0503_left,fgw-0917__20260503-left__20260503_161707.npz
multi_single,fgw0917,left,fgw0917_0503_left,fgw-0917__20260503-left__20260503_161921.npz
multi_single,fgw0917,left,fgw0917_0503_left,fgw-0917__20260503-left__20260503_162143.npz
multi_single,fgw0917,left,fgw0917_0503_left,fgw-0917__20260503-left__20260503_162359.npz
multi_single,fgw0917,left,fgw0917_0503_left,fgw-0917__20260503-left__20260503_162616.npz
multi_single,fgw0917,left,fgw0917_0503_left,fgw-0917__20260503-left__20260503_162833.npz
multi_single,fgw0917,left,fgw0917_0503_left,fgw-0917__20260503-left__20260503_163123.npz
multi_single,fgw0917,left,fgw0917_0503_left,fgw-0917__20260503-left__20260503_163449.npz
multi_single,fgw0917,left,fgw0917_0503_left,fgw-0917__20260503-left__20260503_163828.npz
multi_single,pkj0309,left,pkj0309_0502_left,pkj-0309__20260502-left-100__20260502_170808.npz
multi_single,pkj0309,left,pkj0309_0502_left,pkj-0309__20260502-left-101__20260502_171030.npz
multi_single,pkj0309,left,pkj0309_0502_left,pkj-0309__20260502-left-102__20260502_171248.npz
multi_single,pkj0309,left,pkj0309_0502_left,pkj-0309__20260502-left-103__20260502_171506.npz
multi_single,pkj0309,left,pkj0309_0502_left,pkj-0309__20260502-left-104__20260502_171731.npz
multi_single,pkj0309,left,pkj0309_0502_left,pkj-0309__20260502-left-105__20260502_171950.npz
multi_single,pkj0309,left,pkj0309_0502_left,pkj-0309__20260502-left-106__20260502_172207.npz
multi_single,pkj0309,left,pkj0309_0502_left,pkj-0309__20260502-left-107__20260502_172426.npz
multi_single,pkj0309,left,pkj0309_0502_left,pkj-0309__20260502-left-108__20260502_172642.npz
multi_single,pkj0309,left,pkj0309_0502_left,pkj-0309__20260502-left-109__20260502_172859.npz
multi_single,pkj0309,left,pkj0309_0502_left,pkj-0309__20260502-left-10__20260502_112039.npz
multi_single,pkj0309,left,pkj0309_0502_left,pkj-0309__20260502-left-110__20260502_173116.npz
multi_single,pkj0309,left,pkj0309_0502_left,pkj-0309__20260502-left-111__20260502_173337.npz
multi_single,pkj0309,left,pkj0309_0502_left,pkj-0309__20260502-left-112__20260502_173558.npz
multi_single,pkj0309,left,pkj0309_0502_left,pkj-0309__20260502-left-113__20260502_173821.npz
multi_single,pkj0309,left,pkj0309_0502_left,pkj-0309__20260502-left-114__20260502_174039.npz
multi_single,pkj0309,left,pkj0309_0502_left,pkj-0309__20260502-left-115__20260502_174257.npz
multi_single,pkj0309,left,pkj0309_0502_left,pkj-0309__20260502-left-116__20260502_174513.npz
multi_single,pkj0309,left,pkj0309_0502_left,pkj-0309__20260502-left-117__20260502_174733.npz
multi_single,pkj0309,left,pkj0309_0502_left,pkj-0309__20260502-left-118__20260502_174951.npz
multi_single,pkj0309,left,pkj0309_0502_left,pkj-0309__20260502-left-119__20260502_175208.npz
multi_single,pkj0309,left,pkj0309_0502_left,pkj-0309__20260502-left-11__20260502_112309.npz
multi_single,pkj0309,left,pkj0309_0502_left,pkj-0309__20260502-left-120__20260502_175427.npz
multi_single,pkj0309,left,pkj0309_0502_left,pkj-0309__20260502-left-121__20260502_175720.npz
multi_single,pkj0309,left,pkj0309_0502_left,pkj-0309__20260502-left-122__20260502_175941.npz
multi_single,pkj0309,left,pkj0309_0502_left,pkj-0309__20260502-left-123__20260502_181546.npz
multi_single,pkj0309,left,pkj0309_0502_left,pkj-0309__20260502-left-124__20260502_181808.npz
multi_single,pkj0309,left,pkj0309_0502_left,pkj-0309__20260502-left-125__20260502_182143.npz
multi_single,pkj0309,left,pkj0309_0502_left,pkj-0309__20260502-left-12__20260502_112531.npz
multi_single,pkj0309,left,pkj0309_0502_left,pkj-0309__20260502-left-13__20260502_112755.npz
multi_single,pkj0309,left,pkj0309_0502_left,pkj-0309__20260502-left-14__20260502_113017.npz
multi_single,pkj0309,left,pkj0309_0502_left,pkj-0309__20260502-left-15__20260502_113237.npz
multi_single,pkj0309,left,pkj0309_0502_left,pkj-0309__20260502-left-16__20260502_113458.npz
multi_single,pkj0309,left,pkj0309_0502_left,pkj-0309__20260502-left-17__20260502_113719.npz
multi_single,pkj0309,left,pkj0309_0502_left,pkj-0309__20260502-left-18__20260502_113944.npz
multi_single,pkj0309,left,pkj0309_0502_left,pkj-0309__20260502-left-19__20260502_114203.npz
multi_single,pkj0309,left,pkj0309_0502_left,pkj-0309__20260502-left-20__20260502_114423.npz
multi_single,pkj0309,left,pkj0309_0502_left,pkj-0309__20260502-left-21__20260502_114646.npz
multi_single,pkj0309,left,pkj0309_0502_left,pkj-0309__20260502-left-22__20260502_114908.npz
multi_single,pkj0309,left,pkj0309_0502_left,pkj-0309__20260502-left-23__20260502_115132.npz
multi_single,pkj0309,left,pkj0309_0502_left,pkj-0309__20260502-left-24__20260502_115353.npz
multi_single,pkj0309,left,pkj0309_0502_left,pkj-0309__20260502-left-25__20260502_115613.npz
multi_single,pkj0309,left,pkj0309_0502_left,pkj-0309__20260502-left-26__20260502_115831.npz
multi_single,pkj0309,left,pkj0309_0502_left,pkj-0309__20260502-left-27__20260502_120055.npz
multi_single,pkj0309,left,pkj0309_0502_left,pkj-0309__20260502-left-28__20260502_132232.npz
multi_single,pkj0309,left,pkj0309_0502_left,pkj-0309__20260502-left-29__20260502_132452.npz
multi_single,pkj0309,left,pkj0309_0502_left,pkj-0309__20260502-left-2__20260502_105138.npz
multi_single,pkj0309,left,pkj0309_0502_left,pkj-0309__20260502-left-30__20260502_132721.npz
multi_single,pkj0309,left,pkj0309_0502_left,pkj-0309__20260502-left-31__20260502_132943.npz
multi_single,pkj0309,left,pkj0309_0502_left,pkj-0309__20260502-left-32__20260502_133205.npz
multi_single,pkj0309,left,pkj0309_0502_left,pkj-0309__20260502-left-33__20260502_133431.npz
multi_single,pkj0309,left,pkj0309_0502_left,pkj-0309__20260502-left-34__20260502_133650.npz
multi_single,pkj0309,left,pkj0309_0502_left,pkj-0309__20260502-left-35__20260502_133917.npz
multi_single,pkj0309,left,pkj0309_0502_left,pkj-0309__20260502-left-36__20260502_134137.npz
multi_single,pkj0309,left,pkj0309_0502_left,pkj-0309__20260502-left-37__20260502_142324.npz
multi_single,pkj0309,left,pkj0309_0502_left,pkj-0309__20260502-left-38__20260502_142551.npz
multi_single,pkj0309,left,pkj0309_0502_left,pkj-0309__20260502-left-39__20260502_142819.npz
multi_single,pkj0309,left,pkj0309_0502_left,pkj-0309__20260502-left-3__20260502_105448.npz
multi_single,pkj0309,left,pkj0309_0502_left,pkj-0309__20260502-left-40__20260502_143041.npz
multi_single,pkj0309,left,pkj0309_0502_left,pkj-0309__20260502-left-41__20260502_143307.npz
multi_single,pkj0309,left,pkj0309_0502_left,pkj-0309__20260502-left-42__20260502_143526.npz
multi_single,pkj0309,left,pkj0309_0502_left,pkj-0309__20260502-left-43__20260502_143749.npz
multi_single,pkj0309,left,pkj0309_0502_left,pkj-0309__20260502-left-44__20260502_144008.npz
multi_single,pkj0309,left,pkj0309_0502_left,pkj-0309__20260502-left-45__20260502_144230.npz
multi_single,pkj0309,left,pkj0309_0502_left,pkj-0309__20260502-left-46__20260502_144447.npz
multi_single,pkj0309,left,pkj0309_0502_left,pkj-0309__20260502-left-47__20260502_144705.npz
multi_single,pkj0309,left,pkj0309_0502_left,pkj-0309__20260502-left-48__20260502_144954.npz
multi_single,pkj0309,left,pkj0309_0502_left,pkj-0309__20260502-left-49__20260502_145216.npz
multi_single,pkj0309,left,pkj0309_0502_left,pkj-0309__20260502-left-4__20260502_105849.npz
multi_single,pkj0309,left,pkj0309_0502_left,pkj-0309__20260502-left-50__20260502_145436.npz
multi_single,pkj0309,left,pkj0309_0502_left,pkj-0309__20260502-left-51__20260502_145653.npz
multi_single,pkj0309,left,pkj0309_0502_left,pkj-0309__20260502-left-52__20260502_145911.npz
multi_single,pkj0309,left,pkj0309_0502_left,pkj-0309__20260502-left-53__20260502_150129.npz
multi_single,pkj0309,left,pkj0309_0502_left,pkj-0309__20260502-left-54__20260502_150348.npz
multi_single,pkj0309,left,pkj0309_0502_left,pkj-0309__20260502-left-55__20260502_150606.npz
multi_single,pkj0309,left,pkj0309_0502_left,pkj-0309__20260502-left-56__20260502_150825.npz
multi_single,pkj0309,left,pkj0309_0502_left,pkj-0309__20260502-left-57__20260502_151044.npz
multi_single,pkj0309,left,pkj0309_0502_left,pkj-0309__20260502-left-58__20260502_151709.npz
multi_single,pkj0309,left,pkj0309_0502_left,pkj-0309__20260502-left-59__20260502_151927.npz
multi_single,pkj0309,left,pkj0309_0502_left,pkj-0309__20260502-left-5__20260502_110214.npz
multi_single,pkj0309,left,pkj0309_0502_left,pkj-0309__20260502-left-60__20260502_152145.npz
multi_single,pkj0309,left,pkj0309_0502_left,pkj-0309__20260502-left-61__20260502_152404.npz
multi_single,pkj0309,left,pkj0309_0502_left,pkj-0309__20260502-left-62__20260502_152621.npz
multi_single,pkj0309,left,pkj0309_0502_left,pkj-0309__20260502-left-63__20260502_152838.npz
multi_single,pkj0309,left,pkj0309_0502_left,pkj-0309__20260502-left-64__20260502_153055.npz
multi_single,pkj0309,left,pkj0309_0502_left,pkj-0309__20260502-left-65__20260502_153312.npz
multi_single,pkj0309,left,pkj0309_0502_left,pkj-0309__20260502-left-66__20260502_153531.npz
multi_single,pkj0309,left,pkj0309_0502_left,pkj-0309__20260502-left-67__20260502_153855.npz
multi_single,pkj0309,left,pkj0309_0502_left,pkj-0309__20260502-left-68__20260502_154113.npz
multi_single,pkj0309,left,pkj0309_0502_left,pkj-0309__20260502-left-69__20260502_154334.npz
multi_single,pkj0309,left,pkj0309_0502_left,pkj-0309__20260502-left-6__20260502_110544.npz
multi_single,pkj0309,left,pkj0309_0502_left,pkj-0309__20260502-left-70__20260502_154552.npz
multi_single,pkj0309,left,pkj0309_0502_left,pkj-0309__20260502-left-71__20260502_154808.npz
multi_single,pkj0309,left,pkj0309_0502_left,pkj-0309__20260502-left-72__20260502_155023.npz
multi_single,pkj0309,left,pkj0309_0502_left,pkj-0309__20260502-left-73__20260502_155244.npz
multi_single,pkj0309,left,pkj0309_0502_left,pkj-0309__20260502-left-74__20260502_155500.npz
multi_single,pkj0309,left,pkj0309_0502_left,pkj-0309__20260502-left-75__20260502_155717.npz
multi_single,pkj0309,left,pkj0309_0502_left,pkj-0309__20260502-left-76__20260502_155933.npz
multi_single,pkj0309,left,pkj0309_0502_left,pkj-0309__20260502-left-77__20260502_160155.npz
multi_single,pkj0309,left,pkj0309_0502_left,pkj-0309__20260502-left-78__20260502_160414.npz
multi_single,pkj0309,left,pkj0309_0502_left,pkj-0309__20260502-left-79__20260502_160632.npz
multi_single,pkj0309,left,pkj0309_0502_left,pkj-0309__20260502-left-7__20260502_110859.npz
multi_single,pkj0309,left,pkj0309_0502_left,pkj-0309__20260502-left-80__20260502_160850.npz
multi_single,pkj0309,left,pkj0309_0502_left,pkj-0309__20260502-left-81__20260502_161107.npz
multi_single,pkj0309,left,pkj0309_0502_left,pkj-0309__20260502-left-82__20260502_161325.npz
multi_single,pkj0309,left,pkj0309_0502_left,pkj-0309__20260502-left-83__20260502_161544.npz
multi_single,pkj0309,left,pkj0309_0502_left,pkj-0309__20260502-left-84__20260502_161800.npz
multi_single,pkj0309,left,pkj0309_0502_left,pkj-0309__20260502-left-85__20260502_162018.npz
multi_single,pkj0309,left,pkj0309_0502_left,pkj-0309__20260502-left-86__20260502_162244.npz
multi_single,pkj0309,left,pkj0309_0502_left,pkj-0309__20260502-left-87__20260502_162501.npz
multi_single,pkj0309,left,pkj0309_0502_left,pkj-0309__20260502-left-88__20260502_162717.npz
multi_single,pkj0309,left,pkj0309_0502_left,pkj-0309__20260502-left-89__20260502_163023.npz
multi_single,pkj0309,left,pkj0309_0502_left,pkj-0309__20260502-left-8__20260502_111532.npz
multi_single,pkj0309,left,pkj0309_0502_left,pkj-0309__20260502-left-90__20260502_163244.npz
multi_single,pkj0309,left,pkj0309_0502_left,pkj-0309__20260502-left-91__20260502_163505.npz
multi_single,pkj0309,left,pkj0309_0502_left,pkj-0309__20260502-left-92__20260502_163722.npz
multi_single,pkj0309,left,pkj0309_0502_left,pkj-0309__20260502-left-93__20260502_163944.npz
multi_single,pkj0309,left,pkj0309_0502_left,pkj-0309__20260502-left-94__20260502_164205.npz
multi_single,pkj0309,left,pkj0309_0502_left,pkj-0309__20260502-left-95__20260502_164422.npz
multi_single,pkj0309,left,pkj0309_0502_left,pkj-0309__20260502-left-96__20260502_164640.npz
multi_single,pkj0309,left,pkj0309_0502_left,pkj-0309__20260502-left-97__20260502_170112.npz
multi_single,pkj0309,left,pkj0309_0502_left,pkj-0309__20260502-left-98__20260502_170330.npz
multi_single,pkj0309,left,pkj0309_0502_left,pkj-0309__20260502-left-99__20260502_170550.npz
multi_single,pkj0309,left,pkj0309_0502_left,pkj-0309__20260502-left-9__20260502_111759.npz
multi_single,pkj0309,left,pkj0309_0502_left,pkj-0309__20260502-left__20260502_104852.npz
multi_single,pkj0309,left,pkj0309_0505_left,pkj-0309__20260505-left-100__20260505_163459.npz
multi_single,pkj0309,left,pkj0309_0505_left,pkj-0309__20260505-left-101__20260505_165206.npz
multi_single,pkj0309,left,pkj0309_0505_left,pkj-0309__20260505-left-102__20260505_165425.npz
multi_single,pkj0309,left,pkj0309_0505_left,pkj-0309__20260505-left-103__20260505_165641.npz
multi_single,pkj0309,left,pkj0309_0505_left,pkj-0309__20260505-left-104__20260505_165858.npz
multi_single,pkj0309,left,pkj0309_0505_left,pkj-0309__20260505-left-105__20260505_170115.npz
multi_single,pkj0309,left,pkj0309_0505_left,pkj-0309__20260505-left-106__20260505_170339.npz
multi_single,pkj0309,left,pkj0309_0505_left,pkj-0309__20260505-left-107__20260505_170557.npz
multi_single,pkj0309,left,pkj0309_0505_left,pkj-0309__20260505-left-108__20260505_170814.npz
multi_single,pkj0309,left,pkj0309_0505_left,pkj-0309__20260505-left-109__20260505_171128.npz
multi_single,pkj0309,left,pkj0309_0505_left,pkj-0309__20260505-left-10__20260505_103755.npz
multi_single,pkj0309,left,pkj0309_0505_left,pkj-0309__20260505-left-110__20260505_171351.npz
multi_single,pkj0309,left,pkj0309_0505_left,pkj-0309__20260505-left-111__20260505_171733.npz
multi_single,pkj0309,left,pkj0309_0505_left,pkj-0309__20260505-left-112__20260505_171953.npz
multi_single,pkj0309,left,pkj0309_0505_left,pkj-0309__20260505-left-113__20260505_172211.npz
multi_single,pkj0309,left,pkj0309_0505_left,pkj-0309__20260505-left-114__20260505_172434.npz
multi_single,pkj0309,left,pkj0309_0505_left,pkj-0309__20260505-left-115__20260505_172700.npz
multi_single,pkj0309,left,pkj0309_0505_left,pkj-0309__20260505-left-116__20260505_172919.npz
multi_single,pkj0309,left,pkj0309_0505_left,pkj-0309__20260505-left-117__20260505_173144.npz
multi_single,pkj0309,left,pkj0309_0505_left,pkj-0309__20260505-left-118__20260505_173402.npz
multi_single,pkj0309,left,pkj0309_0505_left,pkj-0309__20260505-left-119__20260505_173620.npz
multi_single,pkj0309,left,pkj0309_0505_left,pkj-0309__20260505-left-11__20260505_104014.npz
multi_single,pkj0309,left,pkj0309_0505_left,pkj-0309__20260505-left-120__20260505_173840.npz
multi_single,pkj0309,left,pkj0309_0505_left,pkj-0309__20260505-left-12__20260505_104244.npz
multi_single,pkj0309,left,pkj0309_0505_left,pkj-0309__20260505-left-13__20260505_104523.npz
multi_single,pkj0309,left,pkj0309_0505_left,pkj-0309__20260505-left-14__20260505_104743.npz
multi_single,pkj0309,left,pkj0309_0505_left,pkj-0309__20260505-left-15__20260505_105004.npz
multi_single,pkj0309,left,pkj0309_0505_left,pkj-0309__20260505-left-16__20260505_105221.npz
multi_single,pkj0309,left,pkj0309_0505_left,pkj-0309__20260505-left-17__20260505_105441.npz
multi_single,pkj0309,left,pkj0309_0505_left,pkj-0309__20260505-left-18__20260505_105658.npz
multi_single,pkj0309,left,pkj0309_0505_left,pkj-0309__20260505-left-19__20260505_105915.npz
multi_single,pkj0309,left,pkj0309_0505_left,pkj-0309__20260505-left-20__20260505_110135.npz
multi_single,pkj0309,left,pkj0309_0505_left,pkj-0309__20260505-left-21__20260505_112850.npz
multi_single,pkj0309,left,pkj0309_0505_left,pkj-0309__20260505-left-22__20260505_113113.npz
multi_single,pkj0309,left,pkj0309_0505_left,pkj-0309__20260505-left-23__20260505_113333.npz
multi_single,pkj0309,left,pkj0309_0505_left,pkj-0309__20260505-left-24__20260505_113552.npz
multi_single,pkj0309,left,pkj0309_0505_left,pkj-0309__20260505-left-25__20260505_113813.npz
multi_single,pkj0309,left,pkj0309_0505_left,pkj-0309__20260505-left-26__20260505_114105.npz
multi_single,pkj0309,left,pkj0309_0505_left,pkj-0309__20260505-left-27__20260505_114335.npz
multi_single,pkj0309,left,pkj0309_0505_left,pkj-0309__20260505-left-28__20260505_114636.npz
multi_single,pkj0309,left,pkj0309_0505_left,pkj-0309__20260505-left-29__20260505_114901.npz
multi_single,pkj0309,left,pkj0309_0505_left,pkj-0309__20260505-left-2__20260505_101902.npz
multi_single,pkj0309,left,pkj0309_0505_left,pkj-0309__20260505-left-30__20260505_115124.npz
multi_single,pkj0309,left,pkj0309_0505_left,pkj-0309__20260505-left-31__20260505_115342.npz
multi_single,pkj0309,left,pkj0309_0505_left,pkj-0309__20260505-left-32__20260505_115601.npz
multi_single,pkj0309,left,pkj0309_0505_left,pkj-0309__20260505-left-33__20260505_131148.npz
multi_single,pkj0309,left,pkj0309_0505_left,pkj-0309__20260505-left-34__20260505_131408.npz
multi_single,pkj0309,left,pkj0309_0505_left,pkj-0309__20260505-left-35__20260505_131627.npz
multi_single,pkj0309,left,pkj0309_0505_left,pkj-0309__20260505-left-36__20260505_131850.npz
multi_single,pkj0309,left,pkj0309_0505_left,pkj-0309__20260505-left-37__20260505_132122.npz
multi_single,pkj0309,left,pkj0309_0505_left,pkj-0309__20260505-left-38__20260505_132340.npz
multi_single,pkj0309,left,pkj0309_0505_left,pkj-0309__20260505-left-39__20260505_132559.npz
multi_single,pkj0309,left,pkj0309_0505_left,pkj-0309__20260505-left-3__20260505_102136.npz
multi_single,pkj0309,left,pkj0309_0505_left,pkj-0309__20260505-left-40__20260505_132817.npz
multi_single,pkj0309,left,pkj0309_0505_left,pkj-0309__20260505-left-41__20260505_133254.npz
multi_single,pkj0309,left,pkj0309_0505_left,pkj-0309__20260505-left-42__20260505_133514.npz
multi_single,pkj0309,left,pkj0309_0505_left,pkj-0309__20260505-left-43__20260505_133737.npz
multi_single,pkj0309,left,pkj0309_0505_left,pkj-0309__20260505-left-44__20260505_133954.npz
multi_single,pkj0309,left,pkj0309_0505_left,pkj-0309__20260505-left-45__20260505_134213.npz
multi_single,pkj0309,left,pkj0309_0505_left,pkj-0309__20260505-left-46__20260505_134431.npz
multi_single,pkj0309,left,pkj0309_0505_left,pkj-0309__20260505-left-47__20260505_134651.npz
multi_single,pkj0309,left,pkj0309_0505_left,pkj-0309__20260505-left-48__20260505_134909.npz
multi_single,pkj0309,left,pkj0309_0505_left,pkj-0309__20260505-left-49__20260505_135126.npz
multi_single,pkj0309,left,pkj0309_0505_left,pkj-0309__20260505-left-4__20260505_102404.npz
multi_single,pkj0309,left,pkj0309_0505_left,pkj-0309__20260505-left-50__20260505_135344.npz
multi_single,pkj0309,left,pkj0309_0505_left,pkj-0309__20260505-left-51__20260505_135604.npz
multi_single,pkj0309,left,pkj0309_0505_left,pkj-0309__20260505-left-52__20260505_135822.npz
multi_single,pkj0309,left,pkj0309_0505_left,pkj-0309__20260505-left-53__20260505_140038.npz
multi_single,pkj0309,left,pkj0309_0505_left,pkj-0309__20260505-left-54__20260505_140255.npz
multi_single,pkj0309,left,pkj0309_0505_left,pkj-0309__20260505-left-55__20260505_140513.npz
multi_single,pkj0309,left,pkj0309_0505_left,pkj-0309__20260505-left-56__20260505_140730.npz
multi_single,pkj0309,left,pkj0309_0505_left,pkj-0309__20260505-left-57__20260505_140949.npz
multi_single,pkj0309,left,pkj0309_0505_left,pkj-0309__20260505-left-58__20260505_141206.npz
multi_single,pkj0309,left,pkj0309_0505_left,pkj-0309__20260505-left-59__20260505_141427.npz
multi_single,pkj0309,left,pkj0309_0505_left,pkj-0309__20260505-left-5__20260505_102623.npz
multi_single,pkj0309,left,pkj0309_0505_left,pkj-0309__20260505-left-60__20260505_141645.npz
multi_single,pkj0309,left,pkj0309_0505_left,pkj-0309__20260505-left-61__20260505_144528.npz
multi_single,pkj0309,left,pkj0309_0505_left,pkj-0309__20260505-left-61__20260505_144746.npz
multi_single,pkj0309,left,pkj0309_0505_left,pkj-0309__20260505-left-62__20260505_145043.npz
multi_single,pkj0309,left,pkj0309_0505_left,pkj-0309__20260505-left-63__20260505_145301.npz
multi_single,pkj0309,left,pkj0309_0505_left,pkj-0309__20260505-left-64__20260505_145518.npz
multi_single,pkj0309,left,pkj0309_0505_left,pkj-0309__20260505-left-65__20260505_145740.npz
multi_single,pkj0309,left,pkj0309_0505_left,pkj-0309__20260505-left-66__20260505_145956.npz
multi_single,pkj0309,left,pkj0309_0505_left,pkj-0309__20260505-left-67__20260505_150213.npz
multi_single,pkj0309,left,pkj0309_0505_left,pkj-0309__20260505-left-68__20260505_150430.npz
multi_single,pkj0309,left,pkj0309_0505_left,pkj-0309__20260505-left-69__20260505_150648.npz
multi_single,pkj0309,left,pkj0309_0505_left,pkj-0309__20260505-left-6__20260505_102840.npz
multi_single,pkj0309,left,pkj0309_0505_left,pkj-0309__20260505-left-70__20260505_150911.npz
multi_single,pkj0309,left,pkj0309_0505_left,pkj-0309__20260505-left-71__20260505_151128.npz
multi_single,pkj0309,left,pkj0309_0505_left,pkj-0309__20260505-left-72__20260505_151352.npz
multi_single,pkj0309,left,pkj0309_0505_left,pkj-0309__20260505-left-73__20260505_151609.npz
multi_single,pkj0309,left,pkj0309_0505_left,pkj-0309__20260505-left-74__20260505_151828.npz
multi_single,pkj0309,left,pkj0309_0505_left,pkj-0309__20260505-left-75__20260505_152045.npz
multi_single,pkj0309,left,pkj0309_0505_left,pkj-0309__20260505-left-76__20260505_152338.npz
multi_single,pkj0309,left,pkj0309_0505_left,pkj-0309__20260505-left-77__20260505_152554.npz
multi_single,pkj0309,left,pkj0309_0505_left,pkj-0309__20260505-left-78__20260505_152811.npz
multi_single,pkj0309,left,pkj0309_0505_left,pkj-0309__20260505-left-79__20260505_153028.npz
multi_single,pkj0309,left,pkj0309_0505_left,pkj-0309__20260505-left-7__20260505_103059.npz
multi_single,pkj0309,left,pkj0309_0505_left,pkj-0309__20260505-left-80__20260505_153245.npz
multi_single,pkj0309,left,pkj0309_0505_left,pkj-0309__20260505-left-81__20260505_154902.npz
multi_single,pkj0309,left,pkj0309_0505_left,pkj-0309__20260505-left-82__20260505_155123.npz
multi_single,pkj0309,left,pkj0309_0505_left,pkj-0309__20260505-left-83__20260505_155344.npz
multi_single,pkj0309,left,pkj0309_0505_left,pkj-0309__20260505-left-84__20260505_155601.npz
multi_single,pkj0309,left,pkj0309_0505_left,pkj-0309__20260505-left-85__20260505_155820.npz
multi_single,pkj0309,left,pkj0309_0505_left,pkj-0309__20260505-left-86__20260505_160037.npz
multi_single,pkj0309,left,pkj0309_0505_left,pkj-0309__20260505-left-87__20260505_160254.npz
multi_single,pkj0309,left,pkj0309_0505_left,pkj-0309__20260505-left-88__20260505_160513.npz
multi_single,pkj0309,left,pkj0309_0505_left,pkj-0309__20260505-left-89__20260505_160733.npz
multi_single,pkj0309,left,pkj0309_0505_left,pkj-0309__20260505-left-8__20260505_103318.npz
multi_single,pkj0309,left,pkj0309_0505_left,pkj-0309__20260505-left-90__20260505_160950.npz
multi_single,pkj0309,left,pkj0309_0505_left,pkj-0309__20260505-left-91__20260505_161215.npz
multi_single,pkj0309,left,pkj0309_0505_left,pkj-0309__20260505-left-92__20260505_161433.npz
multi_single,pkj0309,left,pkj0309_0505_left,pkj-0309__20260505-left-93__20260505_161800.npz
multi_single,pkj0309,left,pkj0309_0505_left,pkj-0309__20260505-left-94__20260505_162107.npz
multi_single,pkj0309,left,pkj0309_0505_left,pkj-0309__20260505-left-95__20260505_162327.npz
multi_single,pkj0309,left,pkj0309_0505_left,pkj-0309__20260505-left-96__20260505_162545.npz
multi_single,pkj0309,left,pkj0309_0505_left,pkj-0309__20260505-left-97__20260505_162803.npz
multi_single,pkj0309,left,pkj0309_0505_left,pkj-0309__20260505-left-98__20260505_163020.npz
multi_single,pkj0309,left,pkj0309_0505_left,pkj-0309__20260505-left-99__20260505_163239.npz
multi_single,pkj0309,left,pkj0309_0505_left,pkj-0309__20260505-left-9__20260505_103537.npz
multi_single,pkj0309,left,pkj0309_0505_left,pkj-0309__20260505-left__20260505_101631.npz
multi_single,wjh0111,left,wjh0111_0502_left,wjh-0111__20260502-left-2__20260502_105005.npz
multi_single,wjh0111,left,wjh0111_0502_left,wjh-0111__20260502-left-2__20260502_105224.npz
multi_single,wjh0111,left,wjh0111_0502_left,wjh-0111__20260502-left-2__20260502_105439.npz
multi_single,wjh0111,left,wjh0111_0502_left,wjh-0111__20260502-left-2__20260502_105657.npz
multi_single,wjh0111,left,wjh0111_0502_left,wjh-0111__20260502-left-2__20260502_105915.npz
multi_single,wjh0111,left,wjh0111_0502_left,wjh-0111__20260502-left-2__20260502_110131.npz
multi_single,wjh0111,left,wjh0111_0502_left,wjh-0111__20260502-left-2__20260502_110346.npz
multi_single,wjh0111,left,wjh0111_0502_left,wjh-0111__20260502-left-2__20260502_110600.npz
multi_single,wjh0111,left,wjh0111_0502_left,wjh-0111__20260502-left-2__20260502_110814.npz
multi_single,wjh0111,left,wjh0111_0502_left,wjh-0111__20260502-left-2__20260502_111032.npz
multi_single,wjh0111,left,wjh0111_0502_left,wjh-0111__20260502-left-2__20260502_111246.npz
multi_single,wjh0111,left,wjh0111_0502_left,wjh-0111__20260502-left-2__20260502_111500.npz
multi_single,wjh0111,left,wjh0111_0502_left,wjh-0111__20260502-left-2__20260502_111713.npz
multi_single,wjh0111,left,wjh0111_0502_left,wjh-0111__20260502-left-2__20260502_111928.npz
multi_single,wjh0111,left,wjh0111_0502_left,wjh-0111__20260502-left-2__20260502_112206.npz
multi_single,wjh0111,left,wjh0111_0502_left,wjh-0111__20260502-left-2__20260502_112420.npz
multi_single,wjh0111,left,wjh0111_0502_left,wjh-0111__20260502-left-2__20260502_112633.npz
multi_single,wjh0111,left,wjh0111_0502_left,wjh-0111__20260502-left-2__20260502_112849.npz
multi_single,wjh0111,left,wjh0111_0502_left,wjh-0111__20260502-left-2__20260502_113225.npz
multi_single,wjh0111,left,wjh0111_0502_left,wjh-0111__20260502-left-2__20260502_113440.npz
multi_single,wjh0111,left,wjh0111_0502_left,wjh-0111__20260502-left-2__20260502_113701.npz
multi_single,wjh0111,left,wjh0111_0502_left,wjh-0111__20260502-left-2__20260502_113915.npz
multi_single,wjh0111,left,wjh0111_0502_left,wjh-0111__20260502-left-2__20260502_114129.npz
multi_single,wjh0111,left,wjh0111_0502_left,wjh-0111__20260502-left-2__20260502_114343.npz
multi_single,wjh0111,left,wjh0111_0502_left,wjh-0111__20260502-left-2__20260502_114611.npz
multi_single,wjh0111,left,wjh0111_0502_left,wjh-0111__20260502-left-2__20260502_114827.npz
multi_single,wjh0111,left,wjh0111_0502_left,wjh-0111__20260502-left-2__20260502_115042.npz
multi_single,wjh0111,left,wjh0111_0502_left,wjh-0111__20260502-left-2__20260502_115256.npz
multi_single,wjh0111,left,wjh0111_0502_left,wjh-0111__20260502-left-2__20260502_115510.npz
multi_single,wjh0111,left,wjh0111_0502_left,wjh-0111__20260502-left-2__20260502_115725.npz
multi_single,wjh0111,left,wjh0111_0502_left,wjh-0111__20260502-left-2__20260502_115938.npz
multi_single,wjh0111,left,wjh0111_0502_left,wjh-0111__20260502-left-3__20260502_130433.npz
multi_single,wjh0111,left,wjh0111_0502_left,wjh-0111__20260502-left-3__20260502_130653.npz
multi_single,wjh0111,left,wjh0111_0502_left,wjh-0111__20260502-left-3__20260502_130908.npz
multi_single,wjh0111,left,wjh0111_0502_left,wjh-0111__20260502-left-3__20260502_131125.npz
multi_single,wjh0111,left,wjh0111_0502_left,wjh-0111__20260502-left-3__20260502_131340.npz
multi_single,wjh0111,left,wjh0111_0502_left,wjh-0111__20260502-left-3__20260502_131556.npz
multi_single,wjh0111,left,wjh0111_0502_left,wjh-0111__20260502-left-3__20260502_131810.npz
multi_single,wjh0111,left,wjh0111_0502_left,wjh-0111__20260502-left-3__20260502_132035.npz
multi_single,wjh0111,left,wjh0111_0502_left,wjh-0111__20260502-left-3__20260502_132313.npz
multi_single,wjh0111,left,wjh0111_0502_left,wjh-0111__20260502-left-3__20260502_132528.npz
multi_single,wjh0111,left,wjh0111_0502_left,wjh-0111__20260502-left-3__20260502_132743.npz
multi_single,wjh0111,left,wjh0111_0502_left,wjh-0111__20260502-left-3__20260502_133001.npz
multi_single,wjh0111,left,wjh0111_0502_left,wjh-0111__20260502-left-3__20260502_133214.npz
multi_single,wjh0111,left,wjh0111_0502_left,wjh-0111__20260502-left-3__20260502_133428.npz
multi_single,wjh0111,left,wjh0111_0502_left,wjh-0111__20260502-left-3__20260502_133641.npz
multi_single,wjh0111,left,wjh0111_0502_left,wjh-0111__20260502-left-3__20260502_133856.npz
multi_single,wjh0111,left,wjh0111_0502_left,wjh-0111__20260502-left-3__20260502_134121.npz
multi_single,wjh0111,left,wjh0111_0502_left,wjh-0111__20260502-left-3__20260502_134335.npz
multi_single,wjh0111,left,wjh0111_0502_left,wjh-0111__20260502-left-3__20260502_134549.npz
multi_single,wjh0111,left,wjh0111_0502_left,wjh-0111__20260502-left-3__20260502_134802.npz
multi_single,wjh0111,left,wjh0111_0502_left,wjh-0111__20260502-left-3__20260502_135016.npz
multi_single,wjh0111,left,wjh0111_0502_left,wjh-0111__20260502-left-3__20260502_135231.npz
multi_single,wjh0111,left,wjh0111_0502_left,wjh-0111__20260502-left-3__20260502_135447.npz
multi_single,wjh0111,left,wjh0111_0502_left,wjh-0111__20260502-left-3__20260502_135703.npz
multi_single,wjh0111,left,wjh0111_0502_left,wjh-0111__20260502-left-3__20260502_135918.npz
multi_single,wjh0111,left,wjh0111_0502_left,wjh-0111__20260502-left-3__20260502_140132.npz
multi_single,wjh0111,left,wjh0111_0502_left,wjh-0111__20260502-left-3__20260502_140347.npz
multi_single,wjh0111,left,wjh0111_0502_left,wjh-0111__20260502-left-3__20260502_140601.npz
multi_single,wjh0111,left,wjh0111_0502_left,wjh-0111__20260502-left-3__20260502_140814.npz
multi_single,wjh0111,left,wjh0111_0502_left,wjh-0111__20260502-left-3__20260502_141039.npz
multi_single,wjh0111,left,wjh0111_0502_left,wjh-0111__20260502-left-3__20260502_141255.npz
multi_single,wjh0111,left,wjh0111_0502_left,wjh-0111__20260502-left-3__20260502_141510.npz
multi_single,wjh0111,left,wjh0111_0502_left,wjh-0111__20260502-left-3__20260502_141724.npz
multi_single,wjh0111,left,wjh0111_0502_left,wjh-0111__20260502-left-3__20260502_141941.npz
multi_single,wjh0111,left,wjh0111_0502_left,wjh-0111__20260502-left-3__20260502_142156.npz
multi_single,wjh0111,left,wjh0111_0502_left,wjh-0111__20260502-left-3__20260502_142410.npz
multi_single,wjh0111,left,wjh0111_0502_left,wjh-0111__20260502-left-3__20260502_142624.npz
multi_single,wjh0111,left,wjh0111_0502_left,wjh-0111__20260502-left-3__20260502_142840.npz
multi_single,wjh0111,left,wjh0111_0502_left,wjh-0111__20260502-left-3__20260502_143054.npz
multi_single,wjh0111,left,wjh0111_0502_left,wjh-0111__20260502-left-3__20260502_143309.npz
multi_single,wjh0111,left,wjh0111_0502_left,wjh-0111__20260502-left-4__20260502_150608.npz
multi_single,wjh0111,left,wjh0111_0502_left,wjh-0111__20260502-left-4__20260502_150825.npz
multi_single,wjh0111,left,wjh0111_0502_left,wjh-0111__20260502-left-4__20260502_151052.npz
multi_single,wjh0111,left,wjh0111_0502_left,wjh-0111__20260502-left-5__20260502_151935.npz
multi_single,wjh0111,left,wjh0111_0502_left,wjh-0111__20260502-left-5__20260502_152157.npz
multi_single,wjh0111,left,wjh0111_0502_left,wjh-0111__20260502-left-5__20260502_152447.npz
multi_single,wjh0111,left,wjh0111_0502_left,wjh-0111__20260502-left-5__20260502_152702.npz
multi_single,wjh0111,left,wjh0111_0502_left,wjh-0111__20260502-left-5__20260502_152950.npz
multi_single,wjh0111,left,wjh0111_0502_left,wjh-0111__20260502-left-5__20260502_153214.npz
multi_single,wjh0111,left,wjh0111_0502_left,wjh-0111__20260502-left-5__20260502_153427.npz
multi_single,wjh0111,left,wjh0111_0502_left,wjh-0111__20260502-left-5__20260502_153737.npz
multi_single,wjh0111,left,wjh0111_0502_left,wjh-0111__20260502-left-5__20260502_154000.npz
multi_single,wjh0111,left,wjh0111_0502_left,wjh-0111__20260502-left-5__20260502_154214.npz
multi_single,wjh0111,left,wjh0111_0502_left,wjh-0111__20260502-left-5__20260502_154430.npz
multi_single,wjh0111,left,wjh0111_0502_left,wjh-0111__20260502-left-5__20260502_154645.npz
multi_single,wjh0111,left,wjh0111_0502_left,wjh-0111__20260502-left-5__20260502_154859.npz
multi_single,wjh0111,left,wjh0111_0502_left,wjh-0111__20260502-left-5__20260502_155113.npz
multi_single,wjh0111,left,wjh0111_0502_left,wjh-0111__20260502-left-5__20260502_155327.npz
multi_single,wjh0111,left,wjh0111_0502_left,wjh-0111__20260502-left-5__20260502_155543.npz
multi_single,wjh0111,left,wjh0111_0502_left,wjh-0111__20260502-left-5__20260502_155800.npz
multi_single,wjh0111,left,wjh0111_0502_left,wjh-0111__20260502-left-5__20260502_160014.npz
multi_single,wjh0111,left,wjh0111_0502_left,wjh-0111__20260502-left-5__20260502_160228.npz
multi_single,wjh0111,left,wjh0111_0502_left,wjh-0111__20260502-left-5__20260502_160452.npz
multi_single,wjh0111,left,wjh0111_0502_left,wjh-0111__20260502-left-6__20260502_161814.npz
multi_single,wjh0111,left,wjh0111_0502_left,wjh-0111__20260502-left-6__20260502_162028.npz
multi_single,wjh0111,left,wjh0111_0502_left,wjh-0111__20260502-left-6__20260502_162243.npz
multi_single,wjh0111,left,wjh0111_0502_left,wjh-0111__20260502-left-6__20260502_162456.npz
multi_single,wjh0111,left,wjh0111_0502_left,wjh-0111__20260502-left-6__20260502_162709.npz
multi_single,wjh0111,left,wjh0111_0502_left,wjh-0111__20260502-left-6__20260502_162924.npz
multi_single,wjh0111,left,wjh0111_0502_left,wjh-0111__20260502-left-6__20260502_163140.npz
multi_single,wjh0111,left,wjh0111_0502_left,wjh-0111__20260502-left-6__20260502_163354.npz
multi_single,wjh0111,left,wjh0111_0502_left,wjh-0111__20260502-left-6__20260502_163607.npz
multi_single,wjh0111,left,wjh0111_0502_left,wjh-0111__20260502-left-6__20260502_163823.npz
multi_single,wjh0111,left,wjh0111_0502_left,wjh-0111__20260502-left-6__20260502_164045.npz
multi_single,wjh0111,left,wjh0111_0502_left,wjh-0111__20260502-left-6__20260502_164259.npz
multi_single,wjh0111,left,wjh0111_0502_left,wjh-0111__20260502-left-6__20260502_164513.npz
multi_single,wjh0111,left,wjh0111_0502_left,wjh-0111__20260502-left-6__20260502_164728.npz
multi_single,wjh0111,left,wjh0111_0502_left,wjh-0111__20260502-left-6__20260502_164943.npz
multi_single,wjh0111,left,wjh0111_0502_left,wjh-0111__20260502-left-6__20260502_165200.npz
multi_single,wjh0111,left,wjh0111_0502_left,wjh-0111__20260502-left-6__20260502_165412.npz
multi_single,wjh0111,left,wjh0111_0502_left,wjh-0111__20260502-left-6__20260502_165627.npz
multi_single,wjh0111,left,wjh0111_0502_left,wjh-0111__20260502-left-6__20260502_165841.npz
multi_single,wjh0111,left,wjh0111_0502_left,wjh-0111__20260502-left-6__20260502_170055.npz
multi_single,wjh0111,left,wjh0111_0502_left,wjh-0111__20260502-left-6__20260502_170311.npz
multi_single,wjh0111,left,wjh0111_0502_left,wjh-0111__20260502-left-6__20260502_170526.npz
multi_single,wjh0111,left,wjh0111_0502_left,wjh-0111__20260502-left-6__20260502_170745.npz
multi_single,wjh0111,left,wjh0111_0502_left,wjh-0111__20260502-left-6__20260502_171005.npz
multi_single,wjh0111,left,wjh0111_0502_left,wjh-0111__20260502-left-6__20260502_171220.npz
multi_single,wjh0111,left,wjh0111_0502_left,wjh-0111__20260502-left-6__20260502_171441.npz
multi_single,wjh0111,left,wjh0111_0502_left,wjh-0111__20260502-left-6__20260502_171656.npz
multi_single,wjh0111,left,wjh0111_0502_left,wjh-0111__20260502-left-6__20260502_171909.npz
multi_single,wjh0111,left,wjh0111_0502_left,wjh-0111__20260502-left-6__20260502_172126.npz
multi_single,wjh0111,left,wjh0111_0502_left,wjh-0111__20260502-left__20260502_104106.npz
multi_single,wjh0111,left,wjh0111_0502_left,wjh-0111__20260502-left__20260502_104400.npz
multi_single,wjh0111,left,wjh0111_0502_left,wjh-0111__20260502-left__20260502_104645.npz
multi_single,wyl0101,left,wyl0101_0502_left,wyl-0101__20260502-left-10__20260502_162417.npz
multi_single,wyl0101,left,wyl0101_0502_left,wyl-0101__20260502-left-10__20260502_162634.npz
multi_single,wyl0101,left,wyl0101_0502_left,wyl-0101__20260502-left-10__20260502_162853.npz
multi_single,wyl0101,left,wyl0101_0502_left,wyl-0101__20260502-left-10__20260502_163112.npz
multi_single,wyl0101,left,wyl0101_0502_left,wyl-0101__20260502-left-10__20260502_163328.npz
multi_single,wyl0101,left,wyl0101_0502_left,wyl-0101__20260502-left-10__20260502_163545.npz
multi_single,wyl0101,left,wyl0101_0502_left,wyl-0101__20260502-left-10__20260502_163802.npz
multi_single,wyl0101,left,wyl0101_0502_left,wyl-0101__20260502-left-10__20260502_164030.npz
multi_single,wyl0101,left,wyl0101_0502_left,wyl-0101__20260502-left-10__20260502_164411.npz
multi_single,wyl0101,left,wyl0101_0502_left,wyl-0101__20260502-left-10__20260502_164651.npz
multi_single,wyl0101,left,wyl0101_0502_left,wyl-0101__20260502-left-10__20260502_164910.npz
multi_single,wyl0101,left,wyl0101_0502_left,wyl-0101__20260502-left-10__20260502_165125.npz
multi_single,wyl0101,left,wyl0101_0502_left,wyl-0101__20260502-left-10__20260502_165348.npz
multi_single,wyl0101,left,wyl0101_0502_left,wyl-0101__20260502-left-10__20260502_165609.npz
multi_single,wyl0101,left,wyl0101_0502_left,wyl-0101__20260502-left-10__20260502_165832.npz
multi_single,wyl0101,left,wyl0101_0502_left,wyl-0101__20260502-left-10__20260502_170107.npz
multi_single,wyl0101,left,wyl0101_0502_left,wyl-0101__20260502-left-10__20260502_170327.npz
multi_single,wyl0101,left,wyl0101_0502_left,wyl-0101__20260502-left-10__20260502_170549.npz
multi_single,wyl0101,left,wyl0101_0502_left,wyl-0101__20260502-left-10__20260502_170810.npz
multi_single,wyl0101,left,wyl0101_0502_left,wyl-0101__20260502-left-10__20260502_171030.npz
multi_single,wyl0101,left,wyl0101_0502_left,wyl-0101__20260502-left-11__20260502_174204.npz
multi_single,wyl0101,left,wyl0101_0502_left,wyl-0101__20260502-left-11__20260502_174420.npz
multi_single,wyl0101,left,wyl0101_0502_left,wyl-0101__20260502-left-11__20260502_174635.npz
multi_single,wyl0101,left,wyl0101_0502_left,wyl-0101__20260502-left-11__20260502_174852.npz
multi_single,wyl0101,left,wyl0101_0502_left,wyl-0101__20260502-left-11__20260502_175109.npz
multi_single,wyl0101,left,wyl0101_0502_left,wyl-0101__20260502-left-11__20260502_175324.npz
multi_single,wyl0101,left,wyl0101_0502_left,wyl-0101__20260502-left-11__20260502_175539.npz
multi_single,wyl0101,left,wyl0101_0502_left,wyl-0101__20260502-left-11__20260502_175754.npz
multi_single,wyl0101,left,wyl0101_0502_left,wyl-0101__20260502-left-11__20260502_180014.npz
multi_single,wyl0101,left,wyl0101_0502_left,wyl-0101__20260502-left-11__20260502_180316.npz
multi_single,wyl0101,left,wyl0101_0502_left,wyl-0101__20260502-left-11__20260502_180549.npz
multi_single,wyl0101,left,wyl0101_0502_left,wyl-0101__20260502-left-12__20260502_180820.npz
multi_single,wyl0101,left,wyl0101_0502_left,wyl-0101__20260502-left-12__20260502_181039.npz
multi_single,wyl0101,left,wyl0101_0502_left,wyl-0101__20260502-left-12__20260502_181254.npz
multi_single,wyl0101,left,wyl0101_0502_left,wyl-0101__20260502-left-12__20260502_181510.npz
multi_single,wyl0101,left,wyl0101_0502_left,wyl-0101__20260502-left-12__20260502_181726.npz
multi_single,wyl0101,left,wyl0101_0502_left,wyl-0101__20260502-left-12__20260502_181943.npz
multi_single,wyl0101,left,wyl0101_0502_left,wyl-0101__20260502-left-12__20260502_182222.npz
multi_single,wyl0101,left,wyl0101_0502_left,wyl-0101__20260502-left-12__20260502_182440.npz
multi_single,wyl0101,left,wyl0101_0502_left,wyl-0101__20260502-left-12__20260502_182844.npz
multi_single,wyl0101,left,wyl0101_0502_left,wyl-0101__20260502-left-12__20260502_183106.npz
multi_single,wyl0101,left,wyl0101_0502_left,wyl-0101__20260502-left-12__20260502_183323.npz
multi_single,wyl0101,left,wyl0101_0502_left,wyl-0101__20260502-left-12__20260502_183547.npz
multi_single,wyl0101,left,wyl0101_0502_left,wyl-0101__20260502-left-12__20260502_183808.npz
multi_single,wyl0101,left,wyl0101_0502_left,wyl-0101__20260502-left-12__20260502_184029.npz
multi_single,wyl0101,left,wyl0101_0502_left,wyl-0101__20260502-left-2__20260502_114015.npz
multi_single,wyl0101,left,wyl0101_0502_left,wyl-0101__20260502-left-2__20260502_114236.npz
multi_single,wyl0101,left,wyl0101_0502_left,wyl-0101__20260502-left-2__20260502_114506.npz
multi_single,wyl0101,left,wyl0101_0502_left,wyl-0101__20260502-left-3__20260502_114952.npz
multi_single,wyl0101,left,wyl0101_0502_left,wyl-0101__20260502-left-3__20260502_115325.npz
multi_single,wyl0101,left,wyl0101_0502_left,wyl-0101__20260502-left-3__20260502_115543.npz
multi_single,wyl0101,left,wyl0101_0502_left,wyl-0101__20260502-left-3__20260502_115802.npz
multi_single,wyl0101,left,wyl0101_0502_left,wyl-0101__20260502-left-3__20260502_120017.npz
multi_single,wyl0101,left,wyl0101_0502_left,wyl-0101__20260502-left-4__20260502_131600.npz
multi_single,wyl0101,left,wyl0101_0502_left,wyl-0101__20260502-left-4__20260502_131817.npz
multi_single,wyl0101,left,wyl0101_0502_left,wyl-0101__20260502-left-4__20260502_132033.npz
multi_single,wyl0101,left,wyl0101_0502_left,wyl-0101__20260502-left-4__20260502_132249.npz
multi_single,wyl0101,left,wyl0101_0502_left,wyl-0101__20260502-left-4__20260502_132509.npz
multi_single,wyl0101,left,wyl0101_0502_left,wyl-0101__20260502-left-4__20260502_132728.npz
multi_single,wyl0101,left,wyl0101_0502_left,wyl-0101__20260502-left-4__20260502_132944.npz
multi_single,wyl0101,left,wyl0101_0502_left,wyl-0101__20260502-left-4__20260502_133206.npz
multi_single,wyl0101,left,wyl0101_0502_left,wyl-0101__20260502-left-4__20260502_133508.npz
multi_single,wyl0101,left,wyl0101_0502_left,wyl-0101__20260502-left-5__20260502_133916.npz
multi_single,wyl0101,left,wyl0101_0502_left,wyl-0101__20260502-left-5__20260502_134134.npz
multi_single,wyl0101,left,wyl0101_0502_left,wyl-0101__20260502-left-5__20260502_134513.npz
multi_single,wyl0101,left,wyl0101_0502_left,wyl-0101__20260502-left-6__20260502_135021.npz
multi_single,wyl0101,left,wyl0101_0502_left,wyl-0101__20260502-left-6__20260502_135237.npz
multi_single,wyl0101,left,wyl0101_0502_left,wyl-0101__20260502-left-6__20260502_135455.npz
multi_single,wyl0101,left,wyl0101_0502_left,wyl-0101__20260502-left-6__20260502_135716.npz
multi_single,wyl0101,left,wyl0101_0502_left,wyl-0101__20260502-left-6__20260502_135932.npz
multi_single,wyl0101,left,wyl0101_0502_left,wyl-0101__20260502-left-6__20260502_140155.npz
multi_single,wyl0101,left,wyl0101_0502_left,wyl-0101__20260502-left-6__20260502_140423.npz
multi_single,wyl0101,left,wyl0101_0502_left,wyl-0101__20260502-left-6__20260502_140644.npz
multi_single,wyl0101,left,wyl0101_0502_left,wyl-0101__20260502-left-7__20260502_143848.npz
multi_single,wyl0101,left,wyl0101_0502_left,wyl-0101__20260502-left-7__20260502_144123.npz
multi_single,wyl0101,left,wyl0101_0502_left,wyl-0101__20260502-left-8__20260502_144928.npz
multi_single,wyl0101,left,wyl0101_0502_left,wyl-0101__20260502-left-8__20260502_145209.npz
multi_single,wyl0101,left,wyl0101_0502_left,wyl-0101__20260502-left-8__20260502_145512.npz
multi_single,wyl0101,left,wyl0101_0502_left,wyl-0101__20260502-left-8__20260502_145750.npz
multi_single,wyl0101,left,wyl0101_0502_left,wyl-0101__20260502-left-8__20260502_150051.npz
multi_single,wyl0101,left,wyl0101_0502_left,wyl-0101__20260502-left-8__20260502_150310.npz
multi_single,wyl0101,left,wyl0101_0502_left,wyl-0101__20260502-left-8__20260502_150535.npz
multi_single,wyl0101,left,wyl0101_0502_left,wyl-0101__20260502-left-8__20260502_151107.npz
multi_single,wyl0101,left,wyl0101_0502_left,wyl-0101__20260502-left-9__20260502_153448.npz
multi_single,wyl0101,left,wyl0101_0502_left,wyl-0101__20260502-left-9__20260502_153709.npz
multi_single,wyl0101,left,wyl0101_0502_left,wyl-0101__20260502-left-9__20260502_153926.npz
multi_single,wyl0101,left,wyl0101_0502_left,wyl-0101__20260502-left-9__20260502_154220.npz
multi_single,wyl0101,left,wyl0101_0502_left,wyl-0101__20260502-left-9__20260502_154437.npz
multi_single,wyl0101,left,wyl0101_0502_left,wyl-0101__20260502-left-9__20260502_154653.npz
multi_single,wyl0101,left,wyl0101_0502_left,wyl-0101__20260502-left-9__20260502_154944.npz
multi_single,wyl0101,left,wyl0101_0502_left,wyl-0101__20260502-left-9__20260502_155357.npz
multi_single,wyl0101,left,wyl0101_0502_left,wyl-0101__20260502-left-9__20260502_155615.npz
multi_single,wyl0101,left,wyl0101_0502_left,wyl-0101__20260502-left-9__20260502_155901.npz
multi_single,wyl0101,left,wyl0101_0502_left,wyl-0101__20260502-left-9__20260502_160118.npz
multi_single,wyl0101,left,wyl0101_0502_left,wyl-0101__20260502-left-9__20260502_160336.npz
multi_single,wyl0101,left,wyl0101_0502_left,wyl-0101__20260502-left-9__20260502_160554.npz
multi_single,wyl0101,left,wyl0101_0502_left,wyl-0101__20260502-left-9__20260502_160811.npz
multi_single,wyl0101,left,wyl0101_0502_left,wyl-0101__20260502-left-9__20260502_161030.npz
multi_single,wyl0101,left,wyl0101_0502_left,wyl-0101__20260502-left-9__20260502_161248.npz
multi_single,wyl0101,left,wyl0101_0502_left,wyl-0101__20260502-left-9__20260502_161511.npz
multi_single,wyl0101,left,wyl0101_0502_left,wyl-0101__20260502-left__20260502_104648.npz
multi_single,wyl0101,left,wyl0101_0502_left,wyl-0101__20260502-left__20260502_104928.npz
multi_single,wyl0101,left,wyl0101_0502_left,wyl-0101__20260502-left__20260502_105217.npz
multi_single,wyl0101,left,wyl0101_0502_left,wyl-0101__20260502-left__20260502_105534.npz
multi_single,wyl0101,left,wyl0101_0502_left,wyl-0101__20260502-left__20260502_105800.npz
multi_single,wyl0101,left,wyl0101_0502_left,wyl-0101__20260502-left__20260502_110027.npz
multi_single,wyl0101,left,wyl0101_0502_left,wyl-0101__20260502-left__20260502_110327.npz
multi_single,wyl0101,left,wyl0101_0502_left,wyl-0101__20260502-left__20260502_110555.npz
multi_single,wyl0101,left,wyl0101_0502_left,wyl-0101__20260502-left__20260502_110815.npz
multi_single,wyl0101,left,wyl0101_0502_left,wyl-0101__20260502-left__20260502_111247.npz
multi_single,wyl0101,left,wyl0101_0502_left,wyl-0101__20260502-left__20260502_111509.npz
multi_single,wyl0101,left,wyl0101_0502_left,wyl-0101__20260502-left__20260502_111731.npz
multi_single,wyl0101,left,wyl0101_0502_left,wyl-0101__20260502-left__20260502_111953.npz
multi_single,wyl0101,left,wyl0101_0502_left,wyl-0101__20260502-left__20260502_112233.npz
multi_single,wyl0101,left,wyl0101_0502_left,wyl-0101__20260502-left__20260502_112453.npz
multi_single,wyl0101,left,wyl0101_0502_left,wyl-0101__20260502-left__20260502_112715.npz
multi_single,wyl0101,left,wyl0101_0502_left,wyl-0101__20260502-left__20260502_112937.npz
multi_single,wyl0101,left,wyl0101_0502_left,wyl-0101__20260502-left__20260502_113156.npz
multi_single,wyl0101,left,wyl0101_0502_left,wyl-0101__20260502-left__20260502_113413.npz
multi_single,wyl0101,left,wyl0101_0502_left,wyl-0101__20260502-left__20260502_113657.npz
multi_single,wyl0101,left,wyl0101_0503_left,wyl-0101__20260503-left-2__20260503_113452.npz
multi_single,wyl0101,left,wyl0101_0503_left,wyl-0101__20260503-left-2__20260503_113711.npz
multi_single,wyl0101,left,wyl0101_0503_left,wyl-0101__20260503-left-2__20260503_113953.npz
multi_single,wyl0101,left,wyl0101_0503_left,wyl-0101__20260503-left-2__20260503_114206.npz
multi_single,wyl0101,left,wyl0101_0503_left,wyl-0101__20260503-left-2__20260503_114424.npz
multi_single,wyl0101,left,wyl0101_0503_left,wyl-0101__20260503-left-2__20260503_114637.npz
multi_single,wyl0101,left,wyl0101_0503_left,wyl-0101__20260503-left-2__20260503_114850.npz
multi_single,wyl0101,left,wyl0101_0503_left,wyl-0101__20260503-left-2__20260503_115104.npz
multi_single,wyl0101,left,wyl0101_0503_left,wyl-0101__20260503-left-2__20260503_115319.npz
multi_single,wyl0101,left,wyl0101_0503_left,wyl-0101__20260503-left-2__20260503_115542.npz
multi_single,wyl0101,left,wyl0101_0503_left,wyl-0101__20260503-left-3__20260503_130949.npz
multi_single,wyl0101,left,wyl0101_0503_left,wyl-0101__20260503-left-3__20260503_131206.npz
multi_single,wyl0101,left,wyl0101_0503_left,wyl-0101__20260503-left-4__20260503_134020.npz
multi_single,wyl0101,left,wyl0101_0503_left,wyl-0101__20260503-left-4__20260503_134236.npz
multi_single,wyl0101,left,wyl0101_0503_left,wyl-0101__20260503-left-4__20260503_134506.npz
multi_single,wyl0101,left,wyl0101_0503_left,wyl-0101__20260503-left-4__20260503_134722.npz
multi_single,wyl0101,left,wyl0101_0503_left,wyl-0101__20260503-left-4__20260503_134940.npz
multi_single,wyl0101,left,wyl0101_0503_left,wyl-0101__20260503-left-4__20260503_135202.npz
multi_single,wyl0101,left,wyl0101_0503_left,wyl-0101__20260503-left-4__20260503_135427.npz
multi_single,wyl0101,left,wyl0101_0503_left,wyl-0101__20260503-left-4__20260503_135714.npz
multi_single,wyl0101,left,wyl0101_0503_left,wyl-0101__20260503-left-4__20260503_135936.npz
multi_single,wyl0101,left,wyl0101_0503_left,wyl-0101__20260503-left-4__20260503_140156.npz
multi_single,wyl0101,left,wyl0101_0503_left,wyl-0101__20260503-left-4__20260503_140414.npz
multi_single,wyl0101,left,wyl0101_0503_left,wyl-0101__20260503-left-4__20260503_140702.npz
multi_single,wyl0101,left,wyl0101_0503_left,wyl-0101__20260503-left-4__20260503_140921.npz
multi_single,wyl0101,left,wyl0101_0503_left,wyl-0101__20260503-left-4__20260503_141140.npz
multi_single,wyl0101,left,wyl0101_0503_left,wyl-0101__20260503-left-4__20260503_141353.npz
multi_single,wyl0101,left,wyl0101_0503_left,wyl-0101__20260503-left-4__20260503_141609.npz
multi_single,wyl0101,left,wyl0101_0503_left,wyl-0101__20260503-left-4__20260503_141830.npz
multi_single,wyl0101,left,wyl0101_0503_left,wyl-0101__20260503-left-4__20260503_142153.npz
multi_single,wyl0101,left,wyl0101_0503_left,wyl-0101__20260503-left-5__20260503_145321.npz
multi_single,wyl0101,left,wyl0101_0503_left,wyl-0101__20260503-left-5__20260503_145537.npz
multi_single,wyl0101,left,wyl0101_0503_left,wyl-0101__20260503-left-5__20260503_145756.npz
multi_single,wyl0101,left,wyl0101_0503_left,wyl-0101__20260503-left-5__20260503_150013.npz
multi_single,wyl0101,left,wyl0101_0503_left,wyl-0101__20260503-left-5__20260503_150229.npz
multi_single,wyl0101,left,wyl0101_0503_left,wyl-0101__20260503-left-5__20260503_150511.npz
multi_single,wyl0101,left,wyl0101_0503_left,wyl-0101__20260503-left-5__20260503_150731.npz
multi_single,wyl0101,left,wyl0101_0503_left,wyl-0101__20260503-left-6__20260503_151231.npz
multi_single,wyl0101,left,wyl0101_0503_left,wyl-0101__20260503-left-6__20260503_151448.npz
multi_single,wyl0101,left,wyl0101_0503_left,wyl-0101__20260503-left-6__20260503_151705.npz
multi_single,wyl0101,left,wyl0101_0503_left,wyl-0101__20260503-left-6__20260503_151920.npz
multi_single,wyl0101,left,wyl0101_0503_left,wyl-0101__20260503-left-6__20260503_152137.npz
multi_single,wyl0101,left,wyl0101_0503_left,wyl-0101__20260503-left-6__20260503_152410.npz
multi_single,wyl0101,left,wyl0101_0503_left,wyl-0101__20260503-left-6__20260503_152627.npz
multi_single,wyl0101,left,wyl0101_0503_left,wyl-0101__20260503-left-6__20260503_152845.npz
multi_single,wyl0101,left,wyl0101_0503_left,wyl-0101__20260503-left__20260503_103657.npz
multi_single,wyl0101,left,wyl0101_0503_left,wyl-0101__20260503-left__20260503_103913.npz
multi_single,wyl0101,left,wyl0101_0503_left,wyl-0101__20260503-left__20260503_104206.npz
multi_single,wyl0101,left,wyl0101_0503_left,wyl-0101__20260503-left__20260503_104434.npz
multi_single,wyl0101,left,wyl0101_0503_left,wyl-0101__20260503-left__20260503_104653.npz
multi_single,wyl0101,left,wyl0101_0503_left,wyl-0101__20260503-left__20260503_104909.npz
multi_single,wyl0101,left,wyl0101_0503_left,wyl-0101__20260503-left__20260503_105126.npz
multi_single,wyl0101,left,wyl0101_0503_left,wyl-0101__20260503-left__20260503_105350.npz
multi_single,wyl0101,left,wyl0101_0503_left,wyl-0101__20260503-left__20260503_105606.npz
multi_single,wyl0101,left,wyl0101_0503_left,wyl-0101__20260503-left__20260503_105845.npz
multi_single,wyl0101,left,wyl0101_0503_left,wyl-0101__20260503-left__20260503_110112.npz
multi_single,wyl0101,left,wyl0101_0503_left,wyl-0101__20260503-left__20260503_110328.npz
multi_single,wyl0101,left,wyl0101_0503_left,wyl-0101__20260503-left__20260503_110746.npz
multi_single,wyl0101,left,wyl0101_0503_left,wyl-0101__20260503-left__20260503_111003.npz
multi_single,wyl0101,left,wyl0101_0503_left,wyl-0101__20260503-left__20260503_111223.npz
multi_single,wyl0101,left,wyl0101_0503_left,wyl-0101__20260503-left__20260503_111437.npz
multi_single,wyl0101,left,wyl0101_0503_left,wyl-0101__20260503-left__20260503_111715.npz
multi_single,wyl0101,left,wyl0101_0503_left,wyl-0101__20260503-left__20260503_112008.npz
multi_single,wyl0101,left,wyl0101_0503_left,wyl-0101__20260503-left__20260503_112235.npz
multi_single,wyl0101,left,wyl0101_0503_left,wyl-0101__20260503-left__20260503_112454.npz
multi_single,wyl0101,left,wyl0101_0504_left,wyl-0101__20260504-left-2_v71__20260504_182806.npz
multi_single,wyl0101,left,wyl0101_0504_left,wyl-0101__20260504-left-2_v71__20260504_183019.npz
multi_single,wyl0101,left,wyl0101_0504_left,wyl-0101__20260504-left-2_v71__20260504_183232.npz
multi_single,wyl0101,left,wyl0101_0504_left,wyl-0101__20260504-left-2_v71__20260504_183534.npz
multi_single,wyl0101,left,wyl0101_0504_left,wyl-0101__20260504-left-2_v71__20260504_183751.npz
multi_single,wyl0101,left,wyl0101_0504_left,wyl-0101__20260504-left-2_v71__20260504_184013.npz
multi_both,fgw0917,left,fgw0917_0502_left,fgw-0917__20260502-left-3__20260502_104240.npz
multi_both,fgw0917,left,fgw0917_0502_left,fgw-0917__20260502-left-3__20260502_104509.npz
multi_both,fgw0917,left,fgw0917_0502_left,fgw-0917__20260502-left-3__20260502_104725.npz
multi_both,fgw0917,left,fgw0917_0502_left,fgw-0917__20260502-left-3__20260502_104940.npz
multi_both,fgw0917,left,fgw0917_0502_left,fgw-0917__20260502-left-3__20260502_105153.npz
multi_both,fgw0917,left,fgw0917_0502_left,fgw-0917__20260502-left-3__20260502_105406.npz
multi_both,fgw0917,left,fgw0917_0502_left,fgw-0917__20260502-left-3__20260502_105620.npz
multi_both,fgw0917,left,fgw0917_0502_left,fgw-0917__20260502-left-3__20260502_105835.npz
multi_both,fgw0917,left,fgw0917_0502_left,fgw-0917__20260502-left-3__20260502_110050.npz
multi_both,fgw0917,left,fgw0917_0502_left,fgw-0917__20260502-left-3__20260502_110306.npz
multi_both,fgw0917,left,fgw0917_0502_left,fgw-0917__20260502-left-3__20260502_110523.npz
multi_both,fgw0917,left,fgw0917_0502_left,fgw-0917__20260502-left-3__20260502_110738.npz
multi_both,fgw0917,left,fgw0917_0502_left,fgw-0917__20260502-left-3__20260502_110952.npz
multi_both,fgw0917,left,fgw0917_0502_left,fgw-0917__20260502-left-3__20260502_111232.npz
multi_both,fgw0917,left,fgw0917_0502_left,fgw-0917__20260502-left-3__20260502_111447.npz
multi_both,fgw0917,left,fgw0917_0502_left,fgw-0917__20260502-left-3__20260502_111705.npz
multi_both,fgw0917,left,fgw0917_0502_left,fgw-0917__20260502-left-3__20260502_111920.npz
multi_both,fgw0917,left,fgw0917_0502_left,fgw-0917__20260502-left-3__20260502_112135.npz
multi_both,fgw0917,left,fgw0917_0502_left,fgw-0917__20260502-left-3__20260502_112349.npz
multi_both,fgw0917,left,fgw0917_0502_left,fgw-0917__20260502-left-3__20260502_112603.npz
multi_both,fgw0917,left,fgw0917_0502_left,fgw-0917__20260502-left-3__20260502_112818.npz
multi_both,fgw0917,left,fgw0917_0502_left,fgw-0917__20260502-left-3__20260502_113031.npz
multi_both,fgw0917,left,fgw0917_0502_left,fgw-0917__20260502-left-3__20260502_113247.npz
multi_both,fgw0917,left,fgw0917_0502_left,fgw-0917__20260502-left-3__20260502_113503.npz
multi_both,fgw0917,left,fgw0917_0502_left,fgw-0917__20260502-left-3__20260502_113718.npz
multi_both,fgw0917,left,fgw0917_0502_left,fgw-0917__20260502-left-3__20260502_113932.npz
multi_both,fgw0917,left,fgw0917_0502_left,fgw-0917__20260502-left-3__20260502_114146.npz
multi_both,fgw0917,left,fgw0917_0502_left,fgw-0917__20260502-left-3__20260502_114400.npz
multi_both,fgw0917,left,fgw0917_0502_left,fgw-0917__20260502-left-3__20260502_114614.npz
multi_both,fgw0917,left,fgw0917_0502_left,fgw-0917__20260502-left-3__20260502_114827.npz
multi_both,fgw0917,left,fgw0917_0502_left,fgw-0917__20260502-left-4__20260502_131001.npz
multi_both,fgw0917,left,fgw0917_0502_left,fgw-0917__20260502-left-4__20260502_131214.npz
multi_both,fgw0917,left,fgw0917_0502_left,fgw-0917__20260502-left-4__20260502_131505.npz
multi_both,fgw0917,left,fgw0917_0502_left,fgw-0917__20260502-left-4__20260502_131719.npz
multi_both,fgw0917,left,fgw0917_0502_left,fgw-0917__20260502-left-4__20260502_131959.npz
multi_both,fgw0917,left,fgw0917_0502_left,fgw-0917__20260502-left-4__20260502_132214.npz
multi_both,fgw0917,left,fgw0917_0502_left,fgw-0917__20260502-left-4__20260502_132427.npz
multi_both,fgw0917,left,fgw0917_0502_left,fgw-0917__20260502-left-4__20260502_132642.npz
multi_both,fgw0917,left,fgw0917_0502_left,fgw-0917__20260502-left-4__20260502_132857.npz
multi_both,fgw0917,left,fgw0917_0502_left,fgw-0917__20260502-left-4__20260502_133112.npz
multi_both,fgw0917,left,fgw0917_0502_left,fgw-0917__20260502-left-4__20260502_133340.npz
multi_both,fgw0917,left,fgw0917_0502_left,fgw-0917__20260502-left-4__20260502_133553.npz
multi_both,fgw0917,left,fgw0917_0502_left,fgw-0917__20260502-left-4__20260502_133809.npz
multi_both,fgw0917,left,fgw0917_0502_left,fgw-0917__20260502-left-4__20260502_134024.npz
multi_both,fgw0917,left,fgw0917_0502_left,fgw-0917__20260502-left-4__20260502_134238.npz
multi_both,fgw0917,left,fgw0917_0502_left,fgw-0917__20260502-left-4__20260502_134508.npz
multi_both,fgw0917,left,fgw0917_0502_left,fgw-0917__20260502-left-4__20260502_134723.npz
multi_both,fgw0917,left,fgw0917_0502_left,fgw-0917__20260502-left-4__20260502_134940.npz
multi_both,fgw0917,left,fgw0917_0502_left,fgw-0917__20260502-left-4__20260502_135155.npz
multi_both,fgw0917,left,fgw0917_0502_left,fgw-0917__20260502-left-4__20260502_135409.npz
multi_both,fgw0917,left,fgw0917_0502_left,fgw-0917__20260502-left-5__20260502_150009.npz
multi_both,fgw0917,left,fgw0917_0502_left,fgw-0917__20260502-left-5__20260502_150226.npz
multi_both,fgw0917,left,fgw0917_0502_left,fgw-0917__20260502-left-5__20260502_150440.npz
multi_both,fgw0917,left,fgw0917_0502_left,fgw-0917__20260502-left-5__20260502_150653.npz
multi_both,fgw0917,left,fgw0917_0502_left,fgw-0917__20260502-left-5__20260502_150906.npz
multi_both,fgw0917,left,fgw0917_0502_left,fgw-0917__20260502-left-5__20260502_151119.npz
multi_both,fgw0917,left,fgw0917_0502_left,fgw-0917__20260502-left-5__20260502_151333.npz
multi_both,fgw0917,left,fgw0917_0502_left,fgw-0917__20260502-left-5__20260502_151548.npz
multi_both,fgw0917,left,fgw0917_0502_left,fgw-0917__20260502-left-5__20260502_151802.npz
multi_both,fgw0917,left,fgw0917_0502_left,fgw-0917__20260502-left-5__20260502_152028.npz
multi_both,fgw0917,left,fgw0917_0502_left,fgw-0917__20260502-left-5__20260502_152243.npz
multi_both,fgw0917,left,fgw0917_0502_left,fgw-0917__20260502-left-5__20260502_152455.npz
multi_both,fgw0917,left,fgw0917_0502_left,fgw-0917__20260502-left-5__20260502_152710.npz
multi_both,fgw0917,left,fgw0917_0502_left,fgw-0917__20260502-left-5__20260502_152922.npz
multi_both,fgw0917,left,fgw0917_0502_left,fgw-0917__20260502-left-5__20260502_153136.npz
multi_both,fgw0917,left,fgw0917_0502_left,fgw-0917__20260502-left-5__20260502_153359.npz
multi_both,fgw0917,left,fgw0917_0502_left,fgw-0917__20260502-left-5__20260502_153612.npz
multi_both,fgw0917,left,fgw0917_0502_left,fgw-0917__20260502-left-5__20260502_153825.npz
multi_both,fgw0917,left,fgw0917_0502_left,fgw-0917__20260502-left-5__20260502_154038.npz
multi_both,fgw0917,left,fgw0917_0502_left,fgw-0917__20260502-left-5__20260502_154251.npz
multi_both,fgw0917,left,fgw0917_0502_left,fgw-0917__20260502-left-6__20260502_141652.npz
multi_both,fgw0917,left,fgw0917_0502_left,fgw-0917__20260502-left-6__20260502_141923.npz
multi_both,fgw0917,left,fgw0917_0502_left,fgw-0917__20260502-left-6__20260502_142147.npz
multi_both,fgw0917,left,fgw0917_0502_left,fgw-0917__20260502-left-6__20260502_142402.npz
multi_both,fgw0917,left,fgw0917_0502_left,fgw-0917__20260502-left-6__20260502_142617.npz
multi_both,fgw0917,left,fgw0917_0502_left,fgw-0917__20260502-left-6__20260502_142837.npz
multi_both,fgw0917,left,fgw0917_0502_left,fgw-0917__20260502-left-6__20260502_143051.npz
multi_both,fgw0917,left,fgw0917_0502_left,fgw-0917__20260502-left-6__20260502_143304.npz
multi_both,fgw0917,left,fgw0917_0502_left,fgw-0917__20260502-left-6__20260502_143521.npz
multi_both,fgw0917,left,fgw0917_0502_left,fgw-0917__20260502-left-6__20260502_143735.npz
multi_both,fgw0917,left,fgw0917_0502_left,fgw-0917__20260502-left-7__20260502_154516.npz
multi_both,fgw0917,left,fgw0917_0502_left,fgw-0917__20260502-left-7__20260502_154731.npz
multi_both,fgw0917,left,fgw0917_0502_left,fgw-0917__20260502-left-7__20260502_154945.npz
multi_both,fgw0917,left,fgw0917_0502_left,fgw-0917__20260502-left-7__20260502_155159.npz
multi_both,fgw0917,left,fgw0917_0502_left,fgw-0917__20260502-left-7__20260502_155415.npz
multi_both,fgw0917,left,fgw0917_0502_left,fgw-0917__20260502-left-7__20260502_155655.npz
multi_both,fgw0917,left,fgw0917_0502_left,fgw-0917__20260502-left-7__20260502_155909.npz
multi_both,fgw0917,left,fgw0917_0502_left,fgw-0917__20260502-left-7__20260502_160122.npz
multi_both,fgw0917,left,fgw0917_0502_left,fgw-0917__20260502-left-7__20260502_160336.npz
multi_both,fgw0917,left,fgw0917_0502_left,fgw-0917__20260502-left-7__20260502_160551.npz
multi_both,fgw0917,left,fgw0917_0502_left,fgw-0917__20260502-left-8__20260502_160818.npz
multi_both,fgw0917,left,fgw0917_0502_left,fgw-0917__20260502-left-8__20260502_161055.npz
multi_both,fgw0917,left,fgw0917_0502_left,fgw-0917__20260502-left-8__20260502_161429.npz
multi_both,fgw0917,left,fgw0917_0502_left,fgw-0917__20260502-left-8__20260502_161643.npz
multi_both,fgw0917,left,fgw0917_0502_left,fgw-0917__20260502-left-8__20260502_161858.npz
multi_both,fgw0917,left,fgw0917_0502_left,fgw-0917__20260502-left-8__20260502_162112.npz
multi_both,fgw0917,left,fgw0917_0502_left,fgw-0917__20260502-left-8__20260502_162331.npz
multi_both,fgw0917,left,fgw0917_0502_left,fgw-0917__20260502-left-8__20260502_162544.npz
multi_both,fgw0917,left,fgw0917_0502_left,fgw-0917__20260502-left-8__20260502_162757.npz
multi_both,fgw0917,left,fgw0917_0502_left,fgw-0917__20260502-left-8__20260502_163010.npz
multi_both,fgw0917,left,fgw0917_0502_left,fgw-0917__20260502-left-9__20260502_172319.npz
multi_both,fgw0917,left,fgw0917_0502_left,fgw-0917__20260502-left-9__20260502_172533.npz
multi_both,fgw0917,left,fgw0917_0502_left,fgw-0917__20260502-left-9__20260502_172748.npz
multi_both,fgw0917,left,fgw0917_0502_left,fgw-0917__20260502-left-9__20260502_173003.npz
multi_both,fgw0917,left,fgw0917_0502_left,fgw-0917__20260502-left-9__20260502_173229.npz
multi_both,fgw0917,left,fgw0917_0502_left,fgw-0917__20260502-left-9__20260502_173444.npz
multi_both,fgw0917,left,fgw0917_0502_left,fgw-0917__20260502-left-9__20260502_173657.npz
multi_both,fgw0917,left,fgw0917_0502_left,fgw-0917__20260502-left-9__20260502_173919.npz
multi_both,fgw0917,left,fgw0917_0502_left,fgw-0917__20260502-left-9__20260502_174347.npz
multi_both,fgw0917,left,fgw0917_0502_left,fgw-0917__20260502-left-9__20260502_174731.npz
multi_both,fgw0917,left,fgw0917_0502_left,fgw-0917__20260502-left__20260502_115218.npz
multi_both,fgw0917,left,fgw0917_0502_left,fgw-0917__20260502-left__20260502_115432.npz
multi_both,fgw0917,left,fgw0917_0502_left,fgw-0917__20260502-left__20260502_115646.npz
multi_both,fgw0917,left,fgw0917_0502_left,fgw-0917__20260502-left__20260502_115903.npz
multi_both,fgw0917,left,fgw0917_0502_left,fgw-0917__20260502-left__20260502_120116.npz
multi_both,fgw0917,left,fgw0917_0502_left,fgw-0917__20260502-left__20260502_140213.npz
multi_both,fgw0917,left,fgw0917_0502_left,fgw-0917__20260502-left__20260502_140449.npz
multi_both,fgw0917,left,fgw0917_0502_left,fgw-0917__20260502-left__20260502_140702.npz
multi_both,fgw0917,left,fgw0917_0502_left,fgw-0917__20260502-left__20260502_140916.npz
multi_both,fgw0917,left,fgw0917_0502_left,fgw-0917__20260502-left__20260502_141130.npz
multi_both,fgw0917,left,fgw0917_0503_left,fgw-0917__20260503-left-2__20260503_165358.npz
multi_both,fgw0917,left,fgw0917_0503_left,fgw-0917__20260503-left-2__20260503_165612.npz
multi_both,fgw0917,left,fgw0917_0503_left,fgw-0917__20260503-left-2__20260503_165830.npz
multi_both,fgw0917,left,fgw0917_0503_left,fgw-0917__20260503-left-2__20260503_170047.npz
multi_both,fgw0917,left,fgw0917_0503_left,fgw-0917__20260503-left-2__20260503_170304.npz
multi_both,fgw0917,left,fgw0917_0503_left,fgw-0917__20260503-left-2__20260503_170520.npz
multi_both,fgw0917,left,fgw0917_0503_left,fgw-0917__20260503-left-2__20260503_170736.npz
multi_both,fgw0917,left,fgw0917_0503_left,fgw-0917__20260503-left-2__20260503_170951.npz
multi_both,fgw0917,left,fgw0917_0503_left,fgw-0917__20260503-left-2__20260503_171217.npz
multi_both,fgw0917,left,fgw0917_0503_left,fgw-0917__20260503-left-2__20260503_171435.npz
multi_both,fgw0917,left,fgw0917_0503_left,fgw-0917__20260503-left-2__20260503_171651.npz
multi_both,fgw0917,left,fgw0917_0503_left,fgw-0917__20260503-left-2__20260503_171911.npz
multi_both,fgw0917,left,fgw0917_0503_left,fgw-0917__20260503-left-2__20260503_172136.npz
multi_both,fgw0917,left,fgw0917_0503_left,fgw-0917__20260503-left-2__20260503_172353.npz
multi_both,fgw0917,left,fgw0917_0503_left,fgw-0917__20260503-left-2__20260503_172610.npz
multi_both,fgw0917,left,fgw0917_0503_left,fgw-0917__20260503-left-2__20260503_172825.npz
multi_both,fgw0917,left,fgw0917_0503_left,fgw-0917__20260503-left-2__20260503_173040.npz
multi_both,fgw0917,left,fgw0917_0503_left,fgw-0917__20260503-left-2__20260503_173256.npz
multi_both,fgw0917,left,fgw0917_0503_left,fgw-0917__20260503-left-2__20260503_173519.npz
multi_both,fgw0917,left,fgw0917_0503_left,fgw-0917__20260503-left-2__20260503_173734.npz
multi_both,fgw0917,left,fgw0917_0503_left,fgw-0917__20260503-left-3__20260503_180816.npz
multi_both,fgw0917,left,fgw0917_0503_left,fgw-0917__20260503-left-3__20260503_181033.npz
multi_both,fgw0917,left,fgw0917_0503_left,fgw-0917__20260503-left-3__20260503_181248.npz
multi_both,fgw0917,left,fgw0917_0503_left,fgw-0917__20260503-left-3__20260503_181502.npz
multi_both,fgw0917,left,fgw0917_0503_left,fgw-0917__20260503-left-3__20260503_181716.npz
multi_both,fgw0917,left,fgw0917_0503_left,fgw-0917__20260503-left-3__20260503_181930.npz
multi_both,fgw0917,left,fgw0917_0503_left,fgw-0917__20260503-left-3__20260503_182144.npz
multi_both,fgw0917,left,fgw0917_0503_left,fgw-0917__20260503-left-3__20260503_182358.npz
multi_both,fgw0917,left,fgw0917_0503_left,fgw-0917__20260503-left-3__20260503_182612.npz
multi_both,fgw0917,left,fgw0917_0503_left,fgw-0917__20260503-left-3__20260503_182826.npz
multi_both,fgw0917,left,fgw0917_0503_left,fgw-0917__20260503-left__20260503_161424.npz
multi_both,fgw0917,left,fgw0917_0503_left,fgw-0917__20260503-left__20260503_161707.npz
multi_both,fgw0917,left,fgw0917_0503_left,fgw-0917__20260503-left__20260503_161921.npz
multi_both,fgw0917,left,fgw0917_0503_left,fgw-0917__20260503-left__20260503_162143.npz
multi_both,fgw0917,left,fgw0917_0503_left,fgw-0917__20260503-left__20260503_162359.npz
multi_both,fgw0917,left,fgw0917_0503_left,fgw-0917__20260503-left__20260503_162616.npz
multi_both,fgw0917,left,fgw0917_0503_left,fgw-0917__20260503-left__20260503_162833.npz
multi_both,fgw0917,left,fgw0917_0503_left,fgw-0917__20260503-left__20260503_163123.npz
multi_both,fgw0917,left,fgw0917_0503_left,fgw-0917__20260503-left__20260503_163449.npz
multi_both,fgw0917,left,fgw0917_0503_left,fgw-0917__20260503-left__20260503_163828.npz
multi_both,fgw0917,right,fgw0917_0504_right,fgw-0917__20260504-right-2_v33__20260504_103841.npz
multi_both,fgw0917,right,fgw0917_0504_right,fgw-0917__20260504-right-2_v33__20260504_104100.npz
multi_both,fgw0917,right,fgw0917_0504_right,fgw-0917__20260504-right-2_v33__20260504_104318.npz
multi_both,fgw0917,right,fgw0917_0504_right,fgw-0917__20260504-right-2_v33__20260504_104543.npz
multi_both,fgw0917,right,fgw0917_0504_right,fgw-0917__20260504-right-2_v33__20260504_104801.npz
multi_both,fgw0917,right,fgw0917_0504_right,fgw-0917__20260504-right-2_v33__20260504_105024.npz
multi_both,fgw0917,right,fgw0917_0504_right,fgw-0917__20260504-right-2_v33__20260504_105243.npz
multi_both,fgw0917,right,fgw0917_0504_right,fgw-0917__20260504-right-2_v33__20260504_105507.npz
multi_both,fgw0917,right,fgw0917_0504_right,fgw-0917__20260504-right-2_v33__20260504_105729.npz
multi_both,fgw0917,right,fgw0917_0504_right,fgw-0917__20260504-right-2_v33__20260504_105949.npz
multi_both,fgw0917,right,fgw0917_0504_right,fgw-0917__20260504-right-2_v71__20260504_161640.npz
multi_both,fgw0917,right,fgw0917_0504_right,fgw-0917__20260504-right-2_v71__20260504_161859.npz
multi_both,fgw0917,right,fgw0917_0504_right,fgw-0917__20260504-right-2_v71__20260504_162116.npz
multi_both,fgw0917,right,fgw0917_0504_right,fgw-0917__20260504-right-2_v71__20260504_162335.npz
multi_both,fgw0917,right,fgw0917_0504_right,fgw-0917__20260504-right-2_v71__20260504_162556.npz
multi_both,fgw0917,right,fgw0917_0504_right,fgw-0917__20260504-right-2_v71__20260504_162820.npz
multi_both,fgw0917,right,fgw0917_0504_right,fgw-0917__20260504-right-2_v71__20260504_163041.npz
multi_both,fgw0917,right,fgw0917_0504_right,fgw-0917__20260504-right-2_v71__20260504_163301.npz
multi_both,fgw0917,right,fgw0917_0504_right,fgw-0917__20260504-right-2_v71__20260504_163526.npz
multi_both,fgw0917,right,fgw0917_0504_right,fgw-0917__20260504-right-2_v71__20260504_163745.npz
multi_both,fgw0917,right,fgw0917_0504_right,fgw-0917__20260504-right-2_v71__20260504_164002.npz
multi_both,fgw0917,right,fgw0917_0504_right,fgw-0917__20260504-right-2_v71__20260504_164223.npz
multi_both,fgw0917,right,fgw0917_0504_right,fgw-0917__20260504-right-2_v71__20260504_164441.npz
multi_both,fgw0917,right,fgw0917_0504_right,fgw-0917__20260504-right-2_v71__20260504_164715.npz
multi_both,fgw0917,right,fgw0917_0504_right,fgw-0917__20260504-right-2_v71__20260504_164936.npz
multi_both,fgw0917,right,fgw0917_0504_right,fgw-0917__20260504-right-2_v71__20260504_165202.npz
multi_both,fgw0917,right,fgw0917_0504_right,fgw-0917__20260504-right-2_v71__20260504_165427.npz
multi_both,fgw0917,right,fgw0917_0504_right,fgw-0917__20260504-right-2_v71__20260504_165645.npz
multi_both,fgw0917,right,fgw0917_0504_right,fgw-0917__20260504-right-2_v71__20260504_165903.npz
multi_both,fgw0917,right,fgw0917_0504_right,fgw-0917__20260504-right-2_v71__20260504_170124.npz
multi_both,fgw0917,right,fgw0917_0504_right,fgw-0917__20260504-right-3_v33__20260504_111034.npz
multi_both,fgw0917,right,fgw0917_0504_right,fgw-0917__20260504-right-3_v33__20260504_111252.npz
multi_both,fgw0917,right,fgw0917_0504_right,fgw-0917__20260504-right-3_v33__20260504_111511.npz
multi_both,fgw0917,right,fgw0917_0504_right,fgw-0917__20260504-right-3_v33__20260504_111731.npz
multi_both,fgw0917,right,fgw0917_0504_right,fgw-0917__20260504-right-3_v33__20260504_111953.npz
multi_both,fgw0917,right,fgw0917_0504_right,fgw-0917__20260504-right-3_v33__20260504_112212.npz
multi_both,fgw0917,right,fgw0917_0504_right,fgw-0917__20260504-right-3_v33__20260504_112434.npz
multi_both,fgw0917,right,fgw0917_0504_right,fgw-0917__20260504-right-3_v33__20260504_112656.npz
multi_both,fgw0917,right,fgw0917_0504_right,fgw-0917__20260504-right-3_v33__20260504_112915.npz
multi_both,fgw0917,right,fgw0917_0504_right,fgw-0917__20260504-right-3_v33__20260504_113136.npz
multi_both,fgw0917,right,fgw0917_0504_right,fgw-0917__20260504-right-3_v33__20260504_113501.npz
multi_both,fgw0917,right,fgw0917_0504_right,fgw-0917__20260504-right-3_v33__20260504_113722.npz
multi_both,fgw0917,right,fgw0917_0504_right,fgw-0917__20260504-right-3_v33__20260504_113942.npz
multi_both,fgw0917,right,fgw0917_0504_right,fgw-0917__20260504-right-3_v33__20260504_114239.npz
multi_both,fgw0917,right,fgw0917_0504_right,fgw-0917__20260504-right-3_v33__20260504_114500.npz
multi_both,fgw0917,right,fgw0917_0504_right,fgw-0917__20260504-right-3_v33__20260504_114728.npz
multi_both,fgw0917,right,fgw0917_0504_right,fgw-0917__20260504-right-3_v33__20260504_114948.npz
multi_both,fgw0917,right,fgw0917_0504_right,fgw-0917__20260504-right-3_v33__20260504_115207.npz
multi_both,fgw0917,right,fgw0917_0504_right,fgw-0917__20260504-right-3_v33__20260504_115428.npz
multi_both,fgw0917,right,fgw0917_0504_right,fgw-0917__20260504-right-3_v33__20260504_115648.npz
multi_both,fgw0917,right,fgw0917_0504_right,fgw-0917__20260504-right-3_v71__20260504_172830.npz
multi_both,fgw0917,right,fgw0917_0504_right,fgw-0917__20260504-right-3_v71__20260504_173100.npz
multi_both,fgw0917,right,fgw0917_0504_right,fgw-0917__20260504-right-3_v71__20260504_173316.npz
multi_both,fgw0917,right,fgw0917_0504_right,fgw-0917__20260504-right-3_v71__20260504_173533.npz
multi_both,fgw0917,right,fgw0917_0504_right,fgw-0917__20260504-right-3_v71__20260504_173748.npz
multi_both,fgw0917,right,fgw0917_0504_right,fgw-0917__20260504-right-3_v71__20260504_174006.npz
multi_both,fgw0917,right,fgw0917_0504_right,fgw-0917__20260504-right-3_v71__20260504_174226.npz
multi_both,fgw0917,right,fgw0917_0504_right,fgw-0917__20260504-right-3_v71__20260504_174448.npz
multi_both,fgw0917,right,fgw0917_0504_right,fgw-0917__20260504-right-3_v71__20260504_174720.npz
multi_both,fgw0917,right,fgw0917_0504_right,fgw-0917__20260504-right-3_v71__20260504_174938.npz
multi_both,fgw0917,right,fgw0917_0504_right,fgw-0917__20260504-right-3_v71__20260504_175157.npz
multi_both,fgw0917,right,fgw0917_0504_right,fgw-0917__20260504-right-3_v71__20260504_175415.npz
multi_both,fgw0917,right,fgw0917_0504_right,fgw-0917__20260504-right-3_v71__20260504_175632.npz
multi_both,fgw0917,right,fgw0917_0504_right,fgw-0917__20260504-right-3_v71__20260504_175848.npz
multi_both,fgw0917,right,fgw0917_0504_right,fgw-0917__20260504-right-3_v71__20260504_180107.npz
multi_both,fgw0917,right,fgw0917_0504_right,fgw-0917__20260504-right-3_v71__20260504_180328.npz
multi_both,fgw0917,right,fgw0917_0504_right,fgw-0917__20260504-right-3_v71__20260504_180546.npz
multi_both,fgw0917,right,fgw0917_0504_right,fgw-0917__20260504-right-3_v71__20260504_180802.npz
multi_both,fgw0917,right,fgw0917_0504_right,fgw-0917__20260504-right-3_v71__20260504_181022.npz
multi_both,fgw0917,right,fgw0917_0504_right,fgw-0917__20260504-right-3_v71__20260504_181240.npz
multi_both,fgw0917,right,fgw0917_0504_right,fgw-0917__20260504-right-4_v71__20260504_181922.npz
multi_both,fgw0917,right,fgw0917_0504_right,fgw-0917__20260504-right-4_v71__20260504_182139.npz
multi_both,fgw0917,right,fgw0917_0504_right,fgw-0917__20260504-right-4_v71__20260504_182357.npz
multi_both,fgw0917,right,fgw0917_0504_right,fgw-0917__20260504-right-4_v71__20260504_182613.npz
multi_both,fgw0917,right,fgw0917_0504_right,fgw-0917__20260504-right-4_v71__20260504_182829.npz
multi_both,fgw0917,right,fgw0917_0504_right,fgw-0917__20260504-right-4_v71__20260504_183047.npz
multi_both,fgw0917,right,fgw0917_0504_right,fgw-0917__20260504-right-4_v71__20260504_183305.npz
multi_both,fgw0917,right,fgw0917_0504_right,fgw-0917__20260504-right-4_v71__20260504_183522.npz
multi_both,fgw0917,right,fgw0917_0504_right,fgw-0917__20260504-right-4_v71__20260504_183739.npz
multi_both,fgw0917,right,fgw0917_0504_right,fgw-0917__20260504-right-4_v71__20260504_183957.npz
multi_both,fgw0917,right,fgw0917_0504_right,fgw-0917__20260504-right-5_v33__20260504_132549.npz
multi_both,fgw0917,right,fgw0917_0504_right,fgw-0917__20260504-right-5_v33__20260504_132806.npz
multi_both,fgw0917,right,fgw0917_0504_right,fgw-0917__20260504-right-5_v33__20260504_133024.npz
multi_both,fgw0917,right,fgw0917_0504_right,fgw-0917__20260504-right-5_v33__20260504_133243.npz
multi_both,fgw0917,right,fgw0917_0504_right,fgw-0917__20260504-right-5_v33__20260504_133504.npz
multi_both,fgw0917,right,fgw0917_0504_right,fgw-0917__20260504-right-5_v33__20260504_133724.npz
multi_both,fgw0917,right,fgw0917_0504_right,fgw-0917__20260504-right-5_v33__20260504_133944.npz
multi_both,fgw0917,right,fgw0917_0504_right,fgw-0917__20260504-right-5_v33__20260504_134202.npz
multi_both,fgw0917,right,fgw0917_0504_right,fgw-0917__20260504-right-5_v33__20260504_134424.npz
multi_both,fgw0917,right,fgw0917_0504_right,fgw-0917__20260504-right-5_v33__20260504_134723.npz
multi_both,fgw0917,right,fgw0917_0504_right,fgw-0917__20260504-right-5_v33__20260504_135313.npz
multi_both,fgw0917,right,fgw0917_0504_right,fgw-0917__20260504-right-5_v33__20260504_135615.npz
multi_both,fgw0917,right,fgw0917_0504_right,fgw-0917__20260504-right-5_v33__20260504_140036.npz
multi_both,fgw0917,right,fgw0917_0504_right,fgw-0917__20260504-right-5_v33__20260504_140259.npz
multi_both,fgw0917,right,fgw0917_0504_right,fgw-0917__20260504-right-5_v33__20260504_140728.npz
multi_both,fgw0917,right,fgw0917_0504_right,fgw-0917__20260504-right-5_v33__20260504_140949.npz
multi_both,fgw0917,right,fgw0917_0504_right,fgw-0917__20260504-right-5_v33__20260504_141207.npz
multi_both,fgw0917,right,fgw0917_0504_right,fgw-0917__20260504-right-5_v33__20260504_141428.npz
multi_both,fgw0917,right,fgw0917_0504_right,fgw-0917__20260504-right-5_v33__20260504_141649.npz
multi_both,fgw0917,right,fgw0917_0504_right,fgw-0917__20260504-right-5_v33__20260504_141911.npz
multi_both,pkj0309,left,pkj0309_0502_left,pkj-0309__20260502-left-100__20260502_170808.npz
multi_both,pkj0309,left,pkj0309_0502_left,pkj-0309__20260502-left-101__20260502_171030.npz
multi_both,pkj0309,left,pkj0309_0502_left,pkj-0309__20260502-left-102__20260502_171248.npz
multi_both,pkj0309,left,pkj0309_0502_left,pkj-0309__20260502-left-103__20260502_171506.npz
multi_both,pkj0309,left,pkj0309_0502_left,pkj-0309__20260502-left-104__20260502_171731.npz
multi_both,pkj0309,left,pkj0309_0502_left,pkj-0309__20260502-left-105__20260502_171950.npz
multi_both,pkj0309,left,pkj0309_0502_left,pkj-0309__20260502-left-106__20260502_172207.npz
multi_both,pkj0309,left,pkj0309_0502_left,pkj-0309__20260502-left-107__20260502_172426.npz
multi_both,pkj0309,left,pkj0309_0502_left,pkj-0309__20260502-left-108__20260502_172642.npz
multi_both,pkj0309,left,pkj0309_0502_left,pkj-0309__20260502-left-109__20260502_172859.npz
multi_both,pkj0309,left,pkj0309_0502_left,pkj-0309__20260502-left-10__20260502_112039.npz
multi_both,pkj0309,left,pkj0309_0502_left,pkj-0309__20260502-left-110__20260502_173116.npz
multi_both,pkj0309,left,pkj0309_0502_left,pkj-0309__20260502-left-111__20260502_173337.npz
multi_both,pkj0309,left,pkj0309_0502_left,pkj-0309__20260502-left-112__20260502_173558.npz
multi_both,pkj0309,left,pkj0309_0502_left,pkj-0309__20260502-left-113__20260502_173821.npz
multi_both,pkj0309,left,pkj0309_0502_left,pkj-0309__20260502-left-114__20260502_174039.npz
multi_both,pkj0309,left,pkj0309_0502_left,pkj-0309__20260502-left-115__20260502_174257.npz
multi_both,pkj0309,left,pkj0309_0502_left,pkj-0309__20260502-left-116__20260502_174513.npz
multi_both,pkj0309,left,pkj0309_0502_left,pkj-0309__20260502-left-117__20260502_174733.npz
multi_both,pkj0309,left,pkj0309_0502_left,pkj-0309__20260502-left-118__20260502_174951.npz
multi_both,pkj0309,left,pkj0309_0502_left,pkj-0309__20260502-left-119__20260502_175208.npz
multi_both,pkj0309,left,pkj0309_0502_left,pkj-0309__20260502-left-11__20260502_112309.npz
multi_both,pkj0309,left,pkj0309_0502_left,pkj-0309__20260502-left-120__20260502_175427.npz
multi_both,pkj0309,left,pkj0309_0502_left,pkj-0309__20260502-left-121__20260502_175720.npz
multi_both,pkj0309,left,pkj0309_0502_left,pkj-0309__20260502-left-122__20260502_175941.npz
multi_both,pkj0309,left,pkj0309_0502_left,pkj-0309__20260502-left-123__20260502_181546.npz
multi_both,pkj0309,left,pkj0309_0502_left,pkj-0309__20260502-left-124__20260502_181808.npz
multi_both,pkj0309,left,pkj0309_0502_left,pkj-0309__20260502-left-125__20260502_182143.npz
multi_both,pkj0309,left,pkj0309_0502_left,pkj-0309__20260502-left-12__20260502_112531.npz
multi_both,pkj0309,left,pkj0309_0502_left,pkj-0309__20260502-left-13__20260502_112755.npz
multi_both,pkj0309,left,pkj0309_0502_left,pkj-0309__20260502-left-14__20260502_113017.npz
multi_both,pkj0309,left,pkj0309_0502_left,pkj-0309__20260502-left-15__20260502_113237.npz
multi_both,pkj0309,left,pkj0309_0502_left,pkj-0309__20260502-left-16__20260502_113458.npz
multi_both,pkj0309,left,pkj0309_0502_left,pkj-0309__20260502-left-17__20260502_113719.npz
multi_both,pkj0309,left,pkj0309_0502_left,pkj-0309__20260502-left-18__20260502_113944.npz
multi_both,pkj0309,left,pkj0309_0502_left,pkj-0309__20260502-left-19__20260502_114203.npz
multi_both,pkj0309,left,pkj0309_0502_left,pkj-0309__20260502-left-20__20260502_114423.npz
multi_both,pkj0309,left,pkj0309_0502_left,pkj-0309__20260502-left-21__20260502_114646.npz
multi_both,pkj0309,left,pkj0309_0502_left,pkj-0309__20260502-left-22__20260502_114908.npz
multi_both,pkj0309,left,pkj0309_0502_left,pkj-0309__20260502-left-23__20260502_115132.npz
multi_both,pkj0309,left,pkj0309_0502_left,pkj-0309__20260502-left-24__20260502_115353.npz
multi_both,pkj0309,left,pkj0309_0502_left,pkj-0309__20260502-left-25__20260502_115613.npz
multi_both,pkj0309,left,pkj0309_0502_left,pkj-0309__20260502-left-26__20260502_115831.npz
multi_both,pkj0309,left,pkj0309_0502_left,pkj-0309__20260502-left-27__20260502_120055.npz
multi_both,pkj0309,left,pkj0309_0502_left,pkj-0309__20260502-left-28__20260502_132232.npz
multi_both,pkj0309,left,pkj0309_0502_left,pkj-0309__20260502-left-29__20260502_132452.npz
multi_both,pkj0309,left,pkj0309_0502_left,pkj-0309__20260502-left-2__20260502_105138.npz
multi_both,pkj0309,left,pkj0309_0502_left,pkj-0309__20260502-left-30__20260502_132721.npz
multi_both,pkj0309,left,pkj0309_0502_left,pkj-0309__20260502-left-31__20260502_132943.npz
multi_both,pkj0309,left,pkj0309_0502_left,pkj-0309__20260502-left-32__20260502_133205.npz
multi_both,pkj0309,left,pkj0309_0502_left,pkj-0309__20260502-left-33__20260502_133431.npz
multi_both,pkj0309,left,pkj0309_0502_left,pkj-0309__20260502-left-34__20260502_133650.npz
multi_both,pkj0309,left,pkj0309_0502_left,pkj-0309__20260502-left-35__20260502_133917.npz
multi_both,pkj0309,left,pkj0309_0502_left,pkj-0309__20260502-left-36__20260502_134137.npz
multi_both,pkj0309,left,pkj0309_0502_left,pkj-0309__20260502-left-37__20260502_142324.npz
multi_both,pkj0309,left,pkj0309_0502_left,pkj-0309__20260502-left-38__20260502_142551.npz
multi_both,pkj0309,left,pkj0309_0502_left,pkj-0309__20260502-left-39__20260502_142819.npz
multi_both,pkj0309,left,pkj0309_0502_left,pkj-0309__20260502-left-3__20260502_105448.npz
multi_both,pkj0309,left,pkj0309_0502_left,pkj-0309__20260502-left-40__20260502_143041.npz
multi_both,pkj0309,left,pkj0309_0502_left,pkj-0309__20260502-left-41__20260502_143307.npz
multi_both,pkj0309,left,pkj0309_0502_left,pkj-0309__20260502-left-42__20260502_143526.npz
multi_both,pkj0309,left,pkj0309_0502_left,pkj-0309__20260502-left-43__20260502_143749.npz
multi_both,pkj0309,left,pkj0309_0502_left,pkj-0309__20260502-left-44__20260502_144008.npz
multi_both,pkj0309,left,pkj0309_0502_left,pkj-0309__20260502-left-45__20260502_144230.npz
multi_both,pkj0309,left,pkj0309_0502_left,pkj-0309__20260502-left-46__20260502_144447.npz
multi_both,pkj0309,left,pkj0309_0502_left,pkj-0309__20260502-left-47__20260502_144705.npz
multi_both,pkj0309,left,pkj0309_0502_left,pkj-0309__20260502-left-48__20260502_144954.npz
multi_both,pkj0309,left,pkj0309_0502_left,pkj-0309__20260502-left-49__20260502_145216.npz
multi_both,pkj0309,left,pkj0309_0502_left,pkj-0309__20260502-left-4__20260502_105849.npz
multi_both,pkj0309,left,pkj0309_0502_left,pkj-0309__20260502-left-50__20260502_145436.npz
multi_both,pkj0309,left,pkj0309_0502_left,pkj-0309__20260502-left-51__20260502_145653.npz
multi_both,pkj0309,left,pkj0309_0502_left,pkj-0309__20260502-left-52__20260502_145911.npz
multi_both,pkj0309,left,pkj0309_0502_left,pkj-0309__20260502-left-53__20260502_150129.npz
multi_both,pkj0309,left,pkj0309_0502_left,pkj-0309__20260502-left-54__20260502_150348.npz
multi_both,pkj0309,left,pkj0309_0502_left,pkj-0309__20260502-left-55__20260502_150606.npz
multi_both,pkj0309,left,pkj0309_0502_left,pkj-0309__20260502-left-56__20260502_150825.npz
multi_both,pkj0309,left,pkj0309_0502_left,pkj-0309__20260502-left-57__20260502_151044.npz
multi_both,pkj0309,left,pkj0309_0502_left,pkj-0309__20260502-left-58__20260502_151709.npz
multi_both,pkj0309,left,pkj0309_0502_left,pkj-0309__20260502-left-59__20260502_151927.npz
multi_both,pkj0309,left,pkj0309_0502_left,pkj-0309__20260502-left-5__20260502_110214.npz
multi_both,pkj0309,left,pkj0309_0502_left,pkj-0309__20260502-left-60__20260502_152145.npz
multi_both,pkj0309,left,pkj0309_0502_left,pkj-0309__20260502-left-61__20260502_152404.npz
multi_both,pkj0309,left,pkj0309_0502_left,pkj-0309__20260502-left-62__20260502_152621.npz
multi_both,pkj0309,left,pkj0309_0502_left,pkj-0309__20260502-left-63__20260502_152838.npz
multi_both,pkj0309,left,pkj0309_0502_left,pkj-0309__20260502-left-64__20260502_153055.npz
multi_both,pkj0309,left,pkj0309_0502_left,pkj-0309__20260502-left-65__20260502_153312.npz
multi_both,pkj0309,left,pkj0309_0502_left,pkj-0309__20260502-left-66__20260502_153531.npz
multi_both,pkj0309,left,pkj0309_0502_left,pkj-0309__20260502-left-67__20260502_153855.npz
multi_both,pkj0309,left,pkj0309_0502_left,pkj-0309__20260502-left-68__20260502_154113.npz
multi_both,pkj0309,left,pkj0309_0502_left,pkj-0309__20260502-left-69__20260502_154334.npz
multi_both,pkj0309,left,pkj0309_0502_left,pkj-0309__20260502-left-6__20260502_110544.npz
multi_both,pkj0309,left,pkj0309_0502_left,pkj-0309__20260502-left-70__20260502_154552.npz
multi_both,pkj0309,left,pkj0309_0502_left,pkj-0309__20260502-left-71__20260502_154808.npz
multi_both,pkj0309,left,pkj0309_0502_left,pkj-0309__20260502-left-72__20260502_155023.npz
multi_both,pkj0309,left,pkj0309_0502_left,pkj-0309__20260502-left-73__20260502_155244.npz
multi_both,pkj0309,left,pkj0309_0502_left,pkj-0309__20260502-left-74__20260502_155500.npz
multi_both,pkj0309,left,pkj0309_0502_left,pkj-0309__20260502-left-75__20260502_155717.npz
multi_both,pkj0309,left,pkj0309_0502_left,pkj-0309__20260502-left-76__20260502_155933.npz
multi_both,pkj0309,left,pkj0309_0502_left,pkj-0309__20260502-left-77__20260502_160155.npz
multi_both,pkj0309,left,pkj0309_0502_left,pkj-0309__20260502-left-78__20260502_160414.npz
multi_both,pkj0309,left,pkj0309_0502_left,pkj-0309__20260502-left-79__20260502_160632.npz
multi_both,pkj0309,left,pkj0309_0502_left,pkj-0309__20260502-left-7__20260502_110859.npz
multi_both,pkj0309,left,pkj0309_0502_left,pkj-0309__20260502-left-80__20260502_160850.npz
multi_both,pkj0309,left,pkj0309_0502_left,pkj-0309__20260502-left-81__20260502_161107.npz
multi_both,pkj0309,left,pkj0309_0502_left,pkj-0309__20260502-left-82__20260502_161325.npz
multi_both,pkj0309,left,pkj0309_0502_left,pkj-0309__20260502-left-83__20260502_161544.npz
multi_both,pkj0309,left,pkj0309_0502_left,pkj-0309__20260502-left-84__20260502_161800.npz
multi_both,pkj0309,left,pkj0309_0502_left,pkj-0309__20260502-left-85__20260502_162018.npz
multi_both,pkj0309,left,pkj0309_0502_left,pkj-0309__20260502-left-86__20260502_162244.npz
multi_both,pkj0309,left,pkj0309_0502_left,pkj-0309__20260502-left-87__20260502_162501.npz
multi_both,pkj0309,left,pkj0309_0502_left,pkj-0309__20260502-left-88__20260502_162717.npz
multi_both,pkj0309,left,pkj0309_0502_left,pkj-0309__20260502-left-89__20260502_163023.npz
multi_both,pkj0309,left,pkj0309_0502_left,pkj-0309__20260502-left-8__20260502_111532.npz
multi_both,pkj0309,left,pkj0309_0502_left,pkj-0309__20260502-left-90__20260502_163244.npz
multi_both,pkj0309,left,pkj0309_0502_left,pkj-0309__20260502-left-91__20260502_163505.npz
multi_both,pkj0309,left,pkj0309_0502_left,pkj-0309__20260502-left-92__20260502_163722.npz
multi_both,pkj0309,left,pkj0309_0502_left,pkj-0309__20260502-left-93__20260502_163944.npz
multi_both,pkj0309,left,pkj0309_0502_left,pkj-0309__20260502-left-94__20260502_164205.npz
multi_both,pkj0309,left,pkj0309_0502_left,pkj-0309__20260502-left-95__20260502_164422.npz
multi_both,pkj0309,left,pkj0309_0502_left,pkj-0309__20260502-left-96__20260502_164640.npz
multi_both,pkj0309,left,pkj0309_0502_left,pkj-0309__20260502-left-97__20260502_170112.npz
multi_both,pkj0309,left,pkj0309_0502_left,pkj-0309__20260502-left-98__20260502_170330.npz
multi_both,pkj0309,left,pkj0309_0502_left,pkj-0309__20260502-left-99__20260502_170550.npz
multi_both,pkj0309,left,pkj0309_0502_left,pkj-0309__20260502-left-9__20260502_111759.npz
multi_both,pkj0309,left,pkj0309_0502_left,pkj-0309__20260502-left__20260502_104852.npz
multi_both,pkj0309,right,pkj0309_0503_right,pkj-0309__20260503-right-100__20260503_171446.npz
multi_both,pkj0309,right,pkj0309_0503_right,pkj-0309__20260503-right-101__20260503_173352.npz
multi_both,pkj0309,right,pkj0309_0503_right,pkj-0309__20260503-right-102__20260503_173614.npz
multi_both,pkj0309,right,pkj0309_0503_right,pkj-0309__20260503-right-103__20260503_173835.npz
multi_both,pkj0309,right,pkj0309_0503_right,pkj-0309__20260503-right-104__20260503_174056.npz
multi_both,pkj0309,right,pkj0309_0503_right,pkj-0309__20260503-right-105__20260503_174316.npz
multi_both,pkj0309,right,pkj0309_0503_right,pkj-0309__20260503-right-106__20260503_174537.npz
multi_both,pkj0309,right,pkj0309_0503_right,pkj-0309__20260503-right-107__20260503_174759.npz
multi_both,pkj0309,right,pkj0309_0503_right,pkj-0309__20260503-right-108__20260503_175022.npz
multi_both,pkj0309,right,pkj0309_0503_right,pkj-0309__20260503-right-109__20260503_175246.npz
multi_both,pkj0309,right,pkj0309_0503_right,pkj-0309__20260503-right-10__20260503_110455.npz
multi_both,pkj0309,right,pkj0309_0503_right,pkj-0309__20260503-right-110__20260503_175511.npz
multi_both,pkj0309,right,pkj0309_0503_right,pkj-0309__20260503-right-111__20260503_175731.npz
multi_both,pkj0309,right,pkj0309_0503_right,pkj-0309__20260503-right-112__20260503_175951.npz
multi_both,pkj0309,right,pkj0309_0503_right,pkj-0309__20260503-right-113__20260503_180210.npz
multi_both,pkj0309,right,pkj0309_0503_right,pkj-0309__20260503-right-114__20260503_180432.npz
multi_both,pkj0309,right,pkj0309_0503_right,pkj-0309__20260503-right-115__20260503_180704.npz
multi_both,pkj0309,right,pkj0309_0503_right,pkj-0309__20260503-right-116__20260503_181036.npz
multi_both,pkj0309,right,pkj0309_0503_right,pkj-0309__20260503-right-117__20260503_181312.npz
multi_both,pkj0309,right,pkj0309_0503_right,pkj-0309__20260503-right-118__20260503_181553.npz
multi_both,pkj0309,right,pkj0309_0503_right,pkj-0309__20260503-right-119__20260503_181819.npz
multi_both,pkj0309,right,pkj0309_0503_right,pkj-0309__20260503-right-11__20260503_110721.npz
multi_both,pkj0309,right,pkj0309_0503_right,pkj-0309__20260503-right-120__20260503_182042.npz
multi_both,pkj0309,right,pkj0309_0503_right,pkj-0309__20260503-right-12__20260503_110955.npz
multi_both,pkj0309,right,pkj0309_0503_right,pkj-0309__20260503-right-13__20260503_111351.npz
multi_both,pkj0309,right,pkj0309_0503_right,pkj-0309__20260503-right-14__20260503_111717.npz
multi_both,pkj0309,right,pkj0309_0503_right,pkj-0309__20260503-right-15__20260503_111943.npz
multi_both,pkj0309,right,pkj0309_0503_right,pkj-0309__20260503-right-16__20260503_112218.npz
multi_both,pkj0309,right,pkj0309_0503_right,pkj-0309__20260503-right-17__20260503_112442.npz
multi_both,pkj0309,right,pkj0309_0503_right,pkj-0309__20260503-right-18__20260503_112707.npz
multi_both,pkj0309,right,pkj0309_0503_right,pkj-0309__20260503-right-19__20260503_112932.npz
multi_both,pkj0309,right,pkj0309_0503_right,pkj-0309__20260503-right-20__20260503_113157.npz
multi_both,pkj0309,right,pkj0309_0503_right,pkj-0309__20260503-right-21__20260503_114802.npz
multi_both,pkj0309,right,pkj0309_0503_right,pkj-0309__20260503-right-22__20260503_115328.npz
multi_both,pkj0309,right,pkj0309_0503_right,pkj-0309__20260503-right-23__20260503_115714.npz
multi_both,pkj0309,right,pkj0309_0503_right,pkj-0309__20260503-right-24__20260503_131254.npz
multi_both,pkj0309,right,pkj0309_0503_right,pkj-0309__20260503-right-25__20260503_131517.npz
multi_both,pkj0309,right,pkj0309_0503_right,pkj-0309__20260503-right-26__20260503_131739.npz
multi_both,pkj0309,right,pkj0309_0503_right,pkj-0309__20260503-right-27__20260503_132015.npz
multi_both,pkj0309,right,pkj0309_0503_right,pkj-0309__20260503-right-28__20260503_132256.npz
multi_both,pkj0309,right,pkj0309_0503_right,pkj-0309__20260503-right-29__20260503_132521.npz
multi_both,pkj0309,right,pkj0309_0503_right,pkj-0309__20260503-right-2__20260503_103759.npz
multi_both,pkj0309,right,pkj0309_0503_right,pkj-0309__20260503-right-30__20260503_132753.npz
multi_both,pkj0309,right,pkj0309_0503_right,pkj-0309__20260503-right-31__20260503_133016.npz
multi_both,pkj0309,right,pkj0309_0503_right,pkj-0309__20260503-right-32__20260503_133240.npz
multi_both,pkj0309,right,pkj0309_0503_right,pkj-0309__20260503-right-33__20260503_133548.npz
multi_both,pkj0309,right,pkj0309_0503_right,pkj-0309__20260503-right-34__20260503_133814.npz
multi_both,pkj0309,right,pkj0309_0503_right,pkj-0309__20260503-right-35__20260503_134038.npz
multi_both,pkj0309,right,pkj0309_0503_right,pkj-0309__20260503-right-36__20260503_134308.npz
multi_both,pkj0309,right,pkj0309_0503_right,pkj-0309__20260503-right-37__20260503_134534.npz
multi_both,pkj0309,right,pkj0309_0503_right,pkj-0309__20260503-right-38__20260503_134759.npz
multi_both,pkj0309,right,pkj0309_0503_right,pkj-0309__20260503-right-39__20260503_135028.npz
multi_both,pkj0309,right,pkj0309_0503_right,pkj-0309__20260503-right-3__20260503_104112.npz
multi_both,pkj0309,right,pkj0309_0503_right,pkj-0309__20260503-right-40__20260503_135256.npz
multi_both,pkj0309,right,pkj0309_0503_right,pkj-0309__20260503-right-41__20260503_135525.npz
multi_both,pkj0309,right,pkj0309_0503_right,pkj-0309__20260503-right-42__20260503_135749.npz
multi_both,pkj0309,right,pkj0309_0503_right,pkj-0309__20260503-right-43__20260503_140011.npz
multi_both,pkj0309,right,pkj0309_0503_right,pkj-0309__20260503-right-44__20260503_140235.npz
multi_both,pkj0309,right,pkj0309_0503_right,pkj-0309__20260503-right-45__20260503_143000.npz
multi_both,pkj0309,right,pkj0309_0503_right,pkj-0309__20260503-right-46__20260503_143221.npz
multi_both,pkj0309,right,pkj0309_0503_right,pkj-0309__20260503-right-47__20260503_143443.npz
multi_both,pkj0309,right,pkj0309_0503_right,pkj-0309__20260503-right-48__20260503_143706.npz
multi_both,pkj0309,right,pkj0309_0503_right,pkj-0309__20260503-right-49__20260503_143929.npz
multi_both,pkj0309,right,pkj0309_0503_right,pkj-0309__20260503-right-4__20260503_104818.npz
multi_both,pkj0309,right,pkj0309_0503_right,pkj-0309__20260503-right-50__20260503_144154.npz
multi_both,pkj0309,right,pkj0309_0503_right,pkj-0309__20260503-right-51__20260503_144416.npz
multi_both,pkj0309,right,pkj0309_0503_right,pkj-0309__20260503-right-52__20260503_144638.npz
multi_both,pkj0309,right,pkj0309_0503_right,pkj-0309__20260503-right-53__20260503_144905.npz
multi_both,pkj0309,right,pkj0309_0503_right,pkj-0309__20260503-right-54__20260503_145134.npz
multi_both,pkj0309,right,pkj0309_0503_right,pkj-0309__20260503-right-55__20260503_145357.npz
multi_both,pkj0309,right,pkj0309_0503_right,pkj-0309__20260503-right-56__20260503_145619.npz
multi_both,pkj0309,right,pkj0309_0503_right,pkj-0309__20260503-right-57__20260503_145841.npz
multi_both,pkj0309,right,pkj0309_0503_right,pkj-0309__20260503-right-58__20260503_150102.npz
multi_both,pkj0309,right,pkj0309_0503_right,pkj-0309__20260503-right-59__20260503_150325.npz
multi_both,pkj0309,right,pkj0309_0503_right,pkj-0309__20260503-right-5__20260503_105206.npz
multi_both,pkj0309,right,pkj0309_0503_right,pkj-0309__20260503-right-60__20260503_150548.npz
multi_both,pkj0309,right,pkj0309_0503_right,pkj-0309__20260503-right-61__20260503_152650.npz
multi_both,pkj0309,right,pkj0309_0503_right,pkj-0309__20260503-right-62__20260503_152912.npz
multi_both,pkj0309,right,pkj0309_0503_right,pkj-0309__20260503-right-63__20260503_153136.npz
multi_both,pkj0309,right,pkj0309_0503_right,pkj-0309__20260503-right-64__20260503_153424.npz
multi_both,pkj0309,right,pkj0309_0503_right,pkj-0309__20260503-right-65__20260503_153647.npz
multi_both,pkj0309,right,pkj0309_0503_right,pkj-0309__20260503-right-66__20260503_153945.npz
multi_both,pkj0309,right,pkj0309_0503_right,pkj-0309__20260503-right-67__20260503_154256.npz
multi_both,pkj0309,right,pkj0309_0503_right,pkj-0309__20260503-right-68__20260503_154519.npz
multi_both,pkj0309,right,pkj0309_0503_right,pkj-0309__20260503-right-69__20260503_154801.npz
multi_both,pkj0309,right,pkj0309_0503_right,pkj-0309__20260503-right-6__20260503_105438.npz
multi_both,pkj0309,right,pkj0309_0503_right,pkj-0309__20260503-right-70__20260503_155024.npz
multi_both,pkj0309,right,pkj0309_0503_right,pkj-0309__20260503-right-71__20260503_155248.npz
multi_both,pkj0309,right,pkj0309_0503_right,pkj-0309__20260503-right-72__20260503_155525.npz
multi_both,pkj0309,right,pkj0309_0503_right,pkj-0309__20260503-right-73__20260503_155748.npz
multi_both,pkj0309,right,pkj0309_0503_right,pkj-0309__20260503-right-74__20260503_160013.npz
multi_both,pkj0309,right,pkj0309_0503_right,pkj-0309__20260503-right-75__20260503_160236.npz
multi_both,pkj0309,right,pkj0309_0503_right,pkj-0309__20260503-right-76__20260503_160524.npz
multi_both,pkj0309,right,pkj0309_0503_right,pkj-0309__20260503-right-77__20260503_160745.npz
multi_both,pkj0309,right,pkj0309_0503_right,pkj-0309__20260503-right-78__20260503_161010.npz
multi_both,pkj0309,right,pkj0309_0503_right,pkj-0309__20260503-right-79__20260503_161232.npz
multi_both,pkj0309,right,pkj0309_0503_right,pkj-0309__20260503-right-7__20260503_105723.npz
multi_both,pkj0309,right,pkj0309_0503_right,pkj-0309__20260503-right-80__20260503_161453.npz
multi_both,pkj0309,right,pkj0309_0503_right,pkj-0309__20260503-right-81__20260503_162936.npz
multi_both,pkj0309,right,pkj0309_0503_right,pkj-0309__20260503-right-82__20260503_163155.npz
multi_both,pkj0309,right,pkj0309_0503_right,pkj-0309__20260503-right-83__20260503_163417.npz
multi_both,pkj0309,right,pkj0309_0503_right,pkj-0309__20260503-right-84__20260503_163638.npz
multi_both,pkj0309,right,pkj0309_0503_right,pkj-0309__20260503-right-85__20260503_163859.npz
multi_both,pkj0309,right,pkj0309_0503_right,pkj-0309__20260503-right-86__20260503_164122.npz
multi_both,pkj0309,right,pkj0309_0503_right,pkj-0309__20260503-right-87__20260503_164343.npz
multi_both,pkj0309,right,pkj0309_0503_right,pkj-0309__20260503-right-88__20260503_164608.npz
multi_both,pkj0309,right,pkj0309_0503_right,pkj-0309__20260503-right-89__20260503_164831.npz
multi_both,pkj0309,right,pkj0309_0503_right,pkj-0309__20260503-right-8__20260503_105949.npz
multi_both,pkj0309,right,pkj0309_0503_right,pkj-0309__20260503-right-90__20260503_165056.npz
multi_both,pkj0309,right,pkj0309_0503_right,pkj-0309__20260503-right-91__20260503_165319.npz
multi_both,pkj0309,right,pkj0309_0503_right,pkj-0309__20260503-right-92__20260503_165540.npz
multi_both,pkj0309,right,pkj0309_0503_right,pkj-0309__20260503-right-93__20260503_165802.npz
multi_both,pkj0309,right,pkj0309_0503_right,pkj-0309__20260503-right-94__20260503_170022.npz
multi_both,pkj0309,right,pkj0309_0503_right,pkj-0309__20260503-right-95__20260503_170244.npz
multi_both,pkj0309,right,pkj0309_0503_right,pkj-0309__20260503-right-96__20260503_170510.npz
multi_both,pkj0309,right,pkj0309_0503_right,pkj-0309__20260503-right-97__20260503_170733.npz
multi_both,pkj0309,right,pkj0309_0503_right,pkj-0309__20260503-right-98__20260503_170951.npz
multi_both,pkj0309,right,pkj0309_0503_right,pkj-0309__20260503-right-99__20260503_171222.npz
multi_both,pkj0309,right,pkj0309_0503_right,pkj-0309__20260503-right-9__20260503_110213.npz
multi_both,pkj0309,right,pkj0309_0503_right,pkj-0309__20260503-right__20260503_103416.npz
multi_both,pkj0309,left,pkj0309_0505_left,pkj-0309__20260505-left-100__20260505_163459.npz
multi_both,pkj0309,left,pkj0309_0505_left,pkj-0309__20260505-left-101__20260505_165206.npz
multi_both,pkj0309,left,pkj0309_0505_left,pkj-0309__20260505-left-102__20260505_165425.npz
multi_both,pkj0309,left,pkj0309_0505_left,pkj-0309__20260505-left-103__20260505_165641.npz
multi_both,pkj0309,left,pkj0309_0505_left,pkj-0309__20260505-left-104__20260505_165858.npz
multi_both,pkj0309,left,pkj0309_0505_left,pkj-0309__20260505-left-105__20260505_170115.npz
multi_both,pkj0309,left,pkj0309_0505_left,pkj-0309__20260505-left-106__20260505_170339.npz
multi_both,pkj0309,left,pkj0309_0505_left,pkj-0309__20260505-left-107__20260505_170557.npz
multi_both,pkj0309,left,pkj0309_0505_left,pkj-0309__20260505-left-108__20260505_170814.npz
multi_both,pkj0309,left,pkj0309_0505_left,pkj-0309__20260505-left-109__20260505_171128.npz
multi_both,pkj0309,left,pkj0309_0505_left,pkj-0309__20260505-left-10__20260505_103755.npz
multi_both,pkj0309,left,pkj0309_0505_left,pkj-0309__20260505-left-110__20260505_171351.npz
multi_both,pkj0309,left,pkj0309_0505_left,pkj-0309__20260505-left-111__20260505_171733.npz
multi_both,pkj0309,left,pkj0309_0505_left,pkj-0309__20260505-left-112__20260505_171953.npz
multi_both,pkj0309,left,pkj0309_0505_left,pkj-0309__20260505-left-113__20260505_172211.npz
multi_both,pkj0309,left,pkj0309_0505_left,pkj-0309__20260505-left-114__20260505_172434.npz
multi_both,pkj0309,left,pkj0309_0505_left,pkj-0309__20260505-left-115__20260505_172700.npz
multi_both,pkj0309,left,pkj0309_0505_left,pkj-0309__20260505-left-116__20260505_172919.npz
multi_both,pkj0309,left,pkj0309_0505_left,pkj-0309__20260505-left-117__20260505_173144.npz
multi_both,pkj0309,left,pkj0309_0505_left,pkj-0309__20260505-left-118__20260505_173402.npz
multi_both,pkj0309,left,pkj0309_0505_left,pkj-0309__20260505-left-119__20260505_173620.npz
multi_both,pkj0309,left,pkj0309_0505_left,pkj-0309__20260505-left-11__20260505_104014.npz
multi_both,pkj0309,left,pkj0309_0505_left,pkj-0309__20260505-left-120__20260505_173840.npz
multi_both,pkj0309,left,pkj0309_0505_left,pkj-0309__20260505-left-12__20260505_104244.npz
multi_both,pkj0309,left,pkj0309_0505_left,pkj-0309__20260505-left-13__20260505_104523.npz
multi_both,pkj0309,left,pkj0309_0505_left,pkj-0309__20260505-left-14__20260505_104743.npz
multi_both,pkj0309,left,pkj0309_0505_left,pkj-0309__20260505-left-15__20260505_105004.npz
multi_both,pkj0309,left,pkj0309_0505_left,pkj-0309__20260505-left-16__20260505_105221.npz
multi_both,pkj0309,left,pkj0309_0505_left,pkj-0309__20260505-left-17__20260505_105441.npz
multi_both,pkj0309,left,pkj0309_0505_left,pkj-0309__20260505-left-18__20260505_105658.npz
multi_both,pkj0309,left,pkj0309_0505_left,pkj-0309__20260505-left-19__20260505_105915.npz
multi_both,pkj0309,left,pkj0309_0505_left,pkj-0309__20260505-left-20__20260505_110135.npz
multi_both,pkj0309,left,pkj0309_0505_left,pkj-0309__20260505-left-21__20260505_112850.npz
multi_both,pkj0309,left,pkj0309_0505_left,pkj-0309__20260505-left-22__20260505_113113.npz
multi_both,pkj0309,left,pkj0309_0505_left,pkj-0309__20260505-left-23__20260505_113333.npz
multi_both,pkj0309,left,pkj0309_0505_left,pkj-0309__20260505-left-24__20260505_113552.npz
multi_both,pkj0309,left,pkj0309_0505_left,pkj-0309__20260505-left-25__20260505_113813.npz
multi_both,pkj0309,left,pkj0309_0505_left,pkj-0309__20260505-left-26__20260505_114105.npz
multi_both,pkj0309,left,pkj0309_0505_left,pkj-0309__20260505-left-27__20260505_114335.npz
multi_both,pkj0309,left,pkj0309_0505_left,pkj-0309__20260505-left-28__20260505_114636.npz
multi_both,pkj0309,left,pkj0309_0505_left,pkj-0309__20260505-left-29__20260505_114901.npz
multi_both,pkj0309,left,pkj0309_0505_left,pkj-0309__20260505-left-2__20260505_101902.npz
multi_both,pkj0309,left,pkj0309_0505_left,pkj-0309__20260505-left-30__20260505_115124.npz
multi_both,pkj0309,left,pkj0309_0505_left,pkj-0309__20260505-left-31__20260505_115342.npz
multi_both,pkj0309,left,pkj0309_0505_left,pkj-0309__20260505-left-32__20260505_115601.npz
multi_both,pkj0309,left,pkj0309_0505_left,pkj-0309__20260505-left-33__20260505_131148.npz
multi_both,pkj0309,left,pkj0309_0505_left,pkj-0309__20260505-left-34__20260505_131408.npz
multi_both,pkj0309,left,pkj0309_0505_left,pkj-0309__20260505-left-35__20260505_131627.npz
multi_both,pkj0309,left,pkj0309_0505_left,pkj-0309__20260505-left-36__20260505_131850.npz
multi_both,pkj0309,left,pkj0309_0505_left,pkj-0309__20260505-left-37__20260505_132122.npz
multi_both,pkj0309,left,pkj0309_0505_left,pkj-0309__20260505-left-38__20260505_132340.npz
multi_both,pkj0309,left,pkj0309_0505_left,pkj-0309__20260505-left-39__20260505_132559.npz
multi_both,pkj0309,left,pkj0309_0505_left,pkj-0309__20260505-left-3__20260505_102136.npz
multi_both,pkj0309,left,pkj0309_0505_left,pkj-0309__20260505-left-40__20260505_132817.npz
multi_both,pkj0309,left,pkj0309_0505_left,pkj-0309__20260505-left-41__20260505_133254.npz
multi_both,pkj0309,left,pkj0309_0505_left,pkj-0309__20260505-left-42__20260505_133514.npz
multi_both,pkj0309,left,pkj0309_0505_left,pkj-0309__20260505-left-43__20260505_133737.npz
multi_both,pkj0309,left,pkj0309_0505_left,pkj-0309__20260505-left-44__20260505_133954.npz
multi_both,pkj0309,left,pkj0309_0505_left,pkj-0309__20260505-left-45__20260505_134213.npz
multi_both,pkj0309,left,pkj0309_0505_left,pkj-0309__20260505-left-46__20260505_134431.npz
multi_both,pkj0309,left,pkj0309_0505_left,pkj-0309__20260505-left-47__20260505_134651.npz
multi_both,pkj0309,left,pkj0309_0505_left,pkj-0309__20260505-left-48__20260505_134909.npz
multi_both,pkj0309,left,pkj0309_0505_left,pkj-0309__20260505-left-49__20260505_135126.npz
multi_both,pkj0309,left,pkj0309_0505_left,pkj-0309__20260505-left-4__20260505_102404.npz
multi_both,pkj0309,left,pkj0309_0505_left,pkj-0309__20260505-left-50__20260505_135344.npz
multi_both,pkj0309,left,pkj0309_0505_left,pkj-0309__20260505-left-51__20260505_135604.npz
multi_both,pkj0309,left,pkj0309_0505_left,pkj-0309__20260505-left-52__20260505_135822.npz
multi_both,pkj0309,left,pkj0309_0505_left,pkj-0309__20260505-left-53__20260505_140038.npz
multi_both,pkj0309,left,pkj0309_0505_left,pkj-0309__20260505-left-54__20260505_140255.npz
multi_both,pkj0309,left,pkj0309_0505_left,pkj-0309__20260505-left-55__20260505_140513.npz
multi_both,pkj0309,left,pkj0309_0505_left,pkj-0309__20260505-left-56__20260505_140730.npz
multi_both,pkj0309,left,pkj0309_0505_left,pkj-0309__20260505-left-57__20260505_140949.npz
multi_both,pkj0309,left,pkj0309_0505_left,pkj-0309__20260505-left-58__20260505_141206.npz
multi_both,pkj0309,left,pkj0309_0505_left,pkj-0309__20260505-left-59__20260505_141427.npz
multi_both,pkj0309,left,pkj0309_0505_left,pkj-0309__20260505-left-5__20260505_102623.npz
multi_both,pkj0309,left,pkj0309_0505_left,pkj-0309__20260505-left-60__20260505_141645.npz
multi_both,pkj0309,left,pkj0309_0505_left,pkj-0309__20260505-left-61__20260505_144528.npz
multi_both,pkj0309,left,pkj0309_0505_left,pkj-0309__20260505-left-61__20260505_144746.npz
multi_both,pkj0309,left,pkj0309_0505_left,pkj-0309__20260505-left-62__20260505_145043.npz
multi_both,pkj0309,left,pkj0309_0505_left,pkj-0309__20260505-left-63__20260505_145301.npz
multi_both,pkj0309,left,pkj0309_0505_left,pkj-0309__20260505-left-64__20260505_145518.npz
multi_both,pkj0309,left,pkj0309_0505_left,pkj-0309__20260505-left-65__20260505_145740.npz
multi_both,pkj0309,left,pkj0309_0505_left,pkj-0309__20260505-left-66__20260505_145956.npz
multi_both,pkj0309,left,pkj0309_0505_left,pkj-0309__20260505-left-67__20260505_150213.npz
multi_both,pkj0309,left,pkj0309_0505_left,pkj-0309__20260505-left-68__20260505_150430.npz
multi_both,pkj0309,left,pkj0309_0505_left,pkj-0309__20260505-left-69__20260505_150648.npz
multi_both,pkj0309,left,pkj0309_0505_left,pkj-0309__20260505-left-6__20260505_102840.npz
multi_both,pkj0309,left,pkj0309_0505_left,pkj-0309__20260505-left-70__20260505_150911.npz
multi_both,pkj0309,left,pkj0309_0505_left,pkj-0309__20260505-left-71__20260505_151128.npz
multi_both,pkj0309,left,pkj0309_0505_left,pkj-0309__20260505-left-72__20260505_151352.npz
multi_both,pkj0309,left,pkj0309_0505_left,pkj-0309__20260505-left-73__20260505_151609.npz
multi_both,pkj0309,left,pkj0309_0505_left,pkj-0309__20260505-left-74__20260505_151828.npz
multi_both,pkj0309,left,pkj0309_0505_left,pkj-0309__20260505-left-75__20260505_152045.npz
multi_both,pkj0309,left,pkj0309_0505_left,pkj-0309__20260505-left-76__20260505_152338.npz
multi_both,pkj0309,left,pkj0309_0505_left,pkj-0309__20260505-left-77__20260505_152554.npz
multi_both,pkj0309,left,pkj0309_0505_left,pkj-0309__20260505-left-78__20260505_152811.npz
multi_both,pkj0309,left,pkj0309_0505_left,pkj-0309__20260505-left-79__20260505_153028.npz
multi_both,pkj0309,left,pkj0309_0505_left,pkj-0309__20260505-left-7__20260505_103059.npz
multi_both,pkj0309,left,pkj0309_0505_left,pkj-0309__20260505-left-80__20260505_153245.npz
multi_both,pkj0309,left,pkj0309_0505_left,pkj-0309__20260505-left-81__20260505_154902.npz
multi_both,pkj0309,left,pkj0309_0505_left,pkj-0309__20260505-left-82__20260505_155123.npz
multi_both,pkj0309,left,pkj0309_0505_left,pkj-0309__20260505-left-83__20260505_155344.npz
multi_both,pkj0309,left,pkj0309_0505_left,pkj-0309__20260505-left-84__20260505_155601.npz
multi_both,pkj0309,left,pkj0309_0505_left,pkj-0309__20260505-left-85__20260505_155820.npz
multi_both,pkj0309,left,pkj0309_0505_left,pkj-0309__20260505-left-86__20260505_160037.npz
multi_both,pkj0309,left,pkj0309_0505_left,pkj-0309__20260505-left-87__20260505_160254.npz
multi_both,pkj0309,left,pkj0309_0505_left,pkj-0309__20260505-left-88__20260505_160513.npz
multi_both,pkj0309,left,pkj0309_0505_left,pkj-0309__20260505-left-89__20260505_160733.npz
multi_both,pkj0309,left,pkj0309_0505_left,pkj-0309__20260505-left-8__20260505_103318.npz
multi_both,pkj0309,left,pkj0309_0505_left,pkj-0309__20260505-left-90__20260505_160950.npz
multi_both,pkj0309,left,pkj0309_0505_left,pkj-0309__20260505-left-91__20260505_161215.npz
multi_both,pkj0309,left,pkj0309_0505_left,pkj-0309__20260505-left-92__20260505_161433.npz
multi_both,pkj0309,left,pkj0309_0505_left,pkj-0309__20260505-left-93__20260505_161800.npz
multi_both,pkj0309,left,pkj0309_0505_left,pkj-0309__20260505-left-94__20260505_162107.npz
multi_both,pkj0309,left,pkj0309_0505_left,pkj-0309__20260505-left-95__20260505_162327.npz
multi_both,pkj0309,left,pkj0309_0505_left,pkj-0309__20260505-left-96__20260505_162545.npz
multi_both,pkj0309,left,pkj0309_0505_left,pkj-0309__20260505-left-97__20260505_162803.npz
multi_both,pkj0309,left,pkj0309_0505_left,pkj-0309__20260505-left-98__20260505_163020.npz
multi_both,pkj0309,left,pkj0309_0505_left,pkj-0309__20260505-left-99__20260505_163239.npz
multi_both,pkj0309,left,pkj0309_0505_left,pkj-0309__20260505-left-9__20260505_103537.npz
multi_both,pkj0309,left,pkj0309_0505_left,pkj-0309__20260505-left__20260505_101631.npz
multi_both,wjh0111,left,wjh0111_0502_left,wjh-0111__20260502-left-2__20260502_105005.npz
multi_both,wjh0111,left,wjh0111_0502_left,wjh-0111__20260502-left-2__20260502_105224.npz
multi_both,wjh0111,left,wjh0111_0502_left,wjh-0111__20260502-left-2__20260502_105439.npz
multi_both,wjh0111,left,wjh0111_0502_left,wjh-0111__20260502-left-2__20260502_105657.npz
multi_both,wjh0111,left,wjh0111_0502_left,wjh-0111__20260502-left-2__20260502_105915.npz
multi_both,wjh0111,left,wjh0111_0502_left,wjh-0111__20260502-left-2__20260502_110131.npz
multi_both,wjh0111,left,wjh0111_0502_left,wjh-0111__20260502-left-2__20260502_110346.npz
multi_both,wjh0111,left,wjh0111_0502_left,wjh-0111__20260502-left-2__20260502_110600.npz
multi_both,wjh0111,left,wjh0111_0502_left,wjh-0111__20260502-left-2__20260502_110814.npz
multi_both,wjh0111,left,wjh0111_0502_left,wjh-0111__20260502-left-2__20260502_111032.npz
multi_both,wjh0111,left,wjh0111_0502_left,wjh-0111__20260502-left-2__20260502_111246.npz
multi_both,wjh0111,left,wjh0111_0502_left,wjh-0111__20260502-left-2__20260502_111500.npz
multi_both,wjh0111,left,wjh0111_0502_left,wjh-0111__20260502-left-2__20260502_111713.npz
multi_both,wjh0111,left,wjh0111_0502_left,wjh-0111__20260502-left-2__20260502_111928.npz
multi_both,wjh0111,left,wjh0111_0502_left,wjh-0111__20260502-left-2__20260502_112206.npz
multi_both,wjh0111,left,wjh0111_0502_left,wjh-0111__20260502-left-2__20260502_112420.npz
multi_both,wjh0111,left,wjh0111_0502_left,wjh-0111__20260502-left-2__20260502_112633.npz
multi_both,wjh0111,left,wjh0111_0502_left,wjh-0111__20260502-left-2__20260502_112849.npz
multi_both,wjh0111,left,wjh0111_0502_left,wjh-0111__20260502-left-2__20260502_113225.npz
multi_both,wjh0111,left,wjh0111_0502_left,wjh-0111__20260502-left-2__20260502_113440.npz
multi_both,wjh0111,left,wjh0111_0502_left,wjh-0111__20260502-left-2__20260502_113701.npz
multi_both,wjh0111,left,wjh0111_0502_left,wjh-0111__20260502-left-2__20260502_113915.npz
multi_both,wjh0111,left,wjh0111_0502_left,wjh-0111__20260502-left-2__20260502_114129.npz
multi_both,wjh0111,left,wjh0111_0502_left,wjh-0111__20260502-left-2__20260502_114343.npz
multi_both,wjh0111,left,wjh0111_0502_left,wjh-0111__20260502-left-2__20260502_114611.npz
multi_both,wjh0111,left,wjh0111_0502_left,wjh-0111__20260502-left-2__20260502_114827.npz
multi_both,wjh0111,left,wjh0111_0502_left,wjh-0111__20260502-left-2__20260502_115042.npz
multi_both,wjh0111,left,wjh0111_0502_left,wjh-0111__20260502-left-2__20260502_115256.npz
multi_both,wjh0111,left,wjh0111_0502_left,wjh-0111__20260502-left-2__20260502_115510.npz
multi_both,wjh0111,left,wjh0111_0502_left,wjh-0111__20260502-left-2__20260502_115725.npz
multi_both,wjh0111,left,wjh0111_0502_left,wjh-0111__20260502-left-2__20260502_115938.npz
multi_both,wjh0111,left,wjh0111_0502_left,wjh-0111__20260502-left-3__20260502_130433.npz
multi_both,wjh0111,left,wjh0111_0502_left,wjh-0111__20260502-left-3__20260502_130653.npz
multi_both,wjh0111,left,wjh0111_0502_left,wjh-0111__20260502-left-3__20260502_130908.npz
multi_both,wjh0111,left,wjh0111_0502_left,wjh-0111__20260502-left-3__20260502_131125.npz
multi_both,wjh0111,left,wjh0111_0502_left,wjh-0111__20260502-left-3__20260502_131340.npz
multi_both,wjh0111,left,wjh0111_0502_left,wjh-0111__20260502-left-3__20260502_131556.npz
multi_both,wjh0111,left,wjh0111_0502_left,wjh-0111__20260502-left-3__20260502_131810.npz
multi_both,wjh0111,left,wjh0111_0502_left,wjh-0111__20260502-left-3__20260502_132035.npz
multi_both,wjh0111,left,wjh0111_0502_left,wjh-0111__20260502-left-3__20260502_132313.npz
multi_both,wjh0111,left,wjh0111_0502_left,wjh-0111__20260502-left-3__20260502_132528.npz
multi_both,wjh0111,left,wjh0111_0502_left,wjh-0111__20260502-left-3__20260502_132743.npz
multi_both,wjh0111,left,wjh0111_0502_left,wjh-0111__20260502-left-3__20260502_133001.npz
multi_both,wjh0111,left,wjh0111_0502_left,wjh-0111__20260502-left-3__20260502_133214.npz
multi_both,wjh0111,left,wjh0111_0502_left,wjh-0111__20260502-left-3__20260502_133428.npz
multi_both,wjh0111,left,wjh0111_0502_left,wjh-0111__20260502-left-3__20260502_133641.npz
multi_both,wjh0111,left,wjh0111_0502_left,wjh-0111__20260502-left-3__20260502_133856.npz
multi_both,wjh0111,left,wjh0111_0502_left,wjh-0111__20260502-left-3__20260502_134121.npz
multi_both,wjh0111,left,wjh0111_0502_left,wjh-0111__20260502-left-3__20260502_134335.npz
multi_both,wjh0111,left,wjh0111_0502_left,wjh-0111__20260502-left-3__20260502_134549.npz
multi_both,wjh0111,left,wjh0111_0502_left,wjh-0111__20260502-left-3__20260502_134802.npz
multi_both,wjh0111,left,wjh0111_0502_left,wjh-0111__20260502-left-3__20260502_135016.npz
multi_both,wjh0111,left,wjh0111_0502_left,wjh-0111__20260502-left-3__20260502_135231.npz
multi_both,wjh0111,left,wjh0111_0502_left,wjh-0111__20260502-left-3__20260502_135447.npz
multi_both,wjh0111,left,wjh0111_0502_left,wjh-0111__20260502-left-3__20260502_135703.npz
multi_both,wjh0111,left,wjh0111_0502_left,wjh-0111__20260502-left-3__20260502_135918.npz
multi_both,wjh0111,left,wjh0111_0502_left,wjh-0111__20260502-left-3__20260502_140132.npz
multi_both,wjh0111,left,wjh0111_0502_left,wjh-0111__20260502-left-3__20260502_140347.npz
multi_both,wjh0111,left,wjh0111_0502_left,wjh-0111__20260502-left-3__20260502_140601.npz
multi_both,wjh0111,left,wjh0111_0502_left,wjh-0111__20260502-left-3__20260502_140814.npz
multi_both,wjh0111,left,wjh0111_0502_left,wjh-0111__20260502-left-3__20260502_141039.npz
multi_both,wjh0111,left,wjh0111_0502_left,wjh-0111__20260502-left-3__20260502_141255.npz
multi_both,wjh0111,left,wjh0111_0502_left,wjh-0111__20260502-left-3__20260502_141510.npz
multi_both,wjh0111,left,wjh0111_0502_left,wjh-0111__20260502-left-3__20260502_141724.npz
multi_both,wjh0111,left,wjh0111_0502_left,wjh-0111__20260502-left-3__20260502_141941.npz
multi_both,wjh0111,left,wjh0111_0502_left,wjh-0111__20260502-left-3__20260502_142156.npz
multi_both,wjh0111,left,wjh0111_0502_left,wjh-0111__20260502-left-3__20260502_142410.npz
multi_both,wjh0111,left,wjh0111_0502_left,wjh-0111__20260502-left-3__20260502_142624.npz
multi_both,wjh0111,left,wjh0111_0502_left,wjh-0111__20260502-left-3__20260502_142840.npz
multi_both,wjh0111,left,wjh0111_0502_left,wjh-0111__20260502-left-3__20260502_143054.npz
multi_both,wjh0111,left,wjh0111_0502_left,wjh-0111__20260502-left-3__20260502_143309.npz
multi_both,wjh0111,left,wjh0111_0502_left,wjh-0111__20260502-left-4__20260502_150608.npz
multi_both,wjh0111,left,wjh0111_0502_left,wjh-0111__20260502-left-4__20260502_150825.npz
multi_both,wjh0111,left,wjh0111_0502_left,wjh-0111__20260502-left-4__20260502_151052.npz
multi_both,wjh0111,left,wjh0111_0502_left,wjh-0111__20260502-left-5__20260502_151935.npz
multi_both,wjh0111,left,wjh0111_0502_left,wjh-0111__20260502-left-5__20260502_152157.npz
multi_both,wjh0111,left,wjh0111_0502_left,wjh-0111__20260502-left-5__20260502_152447.npz
multi_both,wjh0111,left,wjh0111_0502_left,wjh-0111__20260502-left-5__20260502_152702.npz
multi_both,wjh0111,left,wjh0111_0502_left,wjh-0111__20260502-left-5__20260502_152950.npz
multi_both,wjh0111,left,wjh0111_0502_left,wjh-0111__20260502-left-5__20260502_153214.npz
multi_both,wjh0111,left,wjh0111_0502_left,wjh-0111__20260502-left-5__20260502_153427.npz
multi_both,wjh0111,left,wjh0111_0502_left,wjh-0111__20260502-left-5__20260502_153737.npz
multi_both,wjh0111,left,wjh0111_0502_left,wjh-0111__20260502-left-5__20260502_154000.npz
multi_both,wjh0111,left,wjh0111_0502_left,wjh-0111__20260502-left-5__20260502_154214.npz
multi_both,wjh0111,left,wjh0111_0502_left,wjh-0111__20260502-left-5__20260502_154430.npz
multi_both,wjh0111,left,wjh0111_0502_left,wjh-0111__20260502-left-5__20260502_154645.npz
multi_both,wjh0111,left,wjh0111_0502_left,wjh-0111__20260502-left-5__20260502_154859.npz
multi_both,wjh0111,left,wjh0111_0502_left,wjh-0111__20260502-left-5__20260502_155113.npz
multi_both,wjh0111,left,wjh0111_0502_left,wjh-0111__20260502-left-5__20260502_155327.npz
multi_both,wjh0111,left,wjh0111_0502_left,wjh-0111__20260502-left-5__20260502_155543.npz
multi_both,wjh0111,left,wjh0111_0502_left,wjh-0111__20260502-left-5__20260502_155800.npz
multi_both,wjh0111,left,wjh0111_0502_left,wjh-0111__20260502-left-5__20260502_160014.npz
multi_both,wjh0111,left,wjh0111_0502_left,wjh-0111__20260502-left-5__20260502_160228.npz
multi_both,wjh0111,left,wjh0111_0502_left,wjh-0111__20260502-left-5__20260502_160452.npz
multi_both,wjh0111,left,wjh0111_0502_left,wjh-0111__20260502-left-6__20260502_161814.npz
multi_both,wjh0111,left,wjh0111_0502_left,wjh-0111__20260502-left-6__20260502_162028.npz
multi_both,wjh0111,left,wjh0111_0502_left,wjh-0111__20260502-left-6__20260502_162243.npz
multi_both,wjh0111,left,wjh0111_0502_left,wjh-0111__20260502-left-6__20260502_162456.npz
multi_both,wjh0111,left,wjh0111_0502_left,wjh-0111__20260502-left-6__20260502_162709.npz
multi_both,wjh0111,left,wjh0111_0502_left,wjh-0111__20260502-left-6__20260502_162924.npz
multi_both,wjh0111,left,wjh0111_0502_left,wjh-0111__20260502-left-6__20260502_163140.npz
multi_both,wjh0111,left,wjh0111_0502_left,wjh-0111__20260502-left-6__20260502_163354.npz
multi_both,wjh0111,left,wjh0111_0502_left,wjh-0111__20260502-left-6__20260502_163607.npz
multi_both,wjh0111,left,wjh0111_0502_left,wjh-0111__20260502-left-6__20260502_163823.npz
multi_both,wjh0111,left,wjh0111_0502_left,wjh-0111__20260502-left-6__20260502_164045.npz
multi_both,wjh0111,left,wjh0111_0502_left,wjh-0111__20260502-left-6__20260502_164259.npz
multi_both,wjh0111,left,wjh0111_0502_left,wjh-0111__20260502-left-6__20260502_164513.npz
multi_both,wjh0111,left,wjh0111_0502_left,wjh-0111__20260502-left-6__20260502_164728.npz
multi_both,wjh0111,left,wjh0111_0502_left,wjh-0111__20260502-left-6__20260502_164943.npz
multi_both,wjh0111,left,wjh0111_0502_left,wjh-0111__20260502-left-6__20260502_165200.npz
multi_both,wjh0111,left,wjh0111_0502_left,wjh-0111__20260502-left-6__20260502_165412.npz
multi_both,wjh0111,left,wjh0111_0502_left,wjh-0111__20260502-left-6__20260502_165627.npz
multi_both,wjh0111,left,wjh0111_0502_left,wjh-0111__20260502-left-6__20260502_165841.npz
multi_both,wjh0111,left,wjh0111_0502_left,wjh-0111__20260502-left-6__20260502_170055.npz
multi_both,wjh0111,left,wjh0111_0502_left,wjh-0111__20260502-left-6__20260502_170311.npz
multi_both,wjh0111,left,wjh0111_0502_left,wjh-0111__20260502-left-6__20260502_170526.npz
multi_both,wjh0111,left,wjh0111_0502_left,wjh-0111__20260502-left-6__20260502_170745.npz
multi_both,wjh0111,left,wjh0111_0502_left,wjh-0111__20260502-left-6__20260502_171005.npz
multi_both,wjh0111,left,wjh0111_0502_left,wjh-0111__20260502-left-6__20260502_171220.npz
multi_both,wjh0111,left,wjh0111_0502_left,wjh-0111__20260502-left-6__20260502_171441.npz
multi_both,wjh0111,left,wjh0111_0502_left,wjh-0111__20260502-left-6__20260502_171656.npz
multi_both,wjh0111,left,wjh0111_0502_left,wjh-0111__20260502-left-6__20260502_171909.npz
multi_both,wjh0111,left,wjh0111_0502_left,wjh-0111__20260502-left-6__20260502_172126.npz
multi_both,wjh0111,left,wjh0111_0502_left,wjh-0111__20260502-left__20260502_104106.npz
multi_both,wjh0111,left,wjh0111_0502_left,wjh-0111__20260502-left__20260502_104400.npz
multi_both,wjh0111,left,wjh0111_0502_left,wjh-0111__20260502-left__20260502_104645.npz
multi_both,wjh0111,right,wjh0111_0503_right,wjh-0111__20260503-right-2__20260503_113235.npz
multi_both,wjh0111,right,wjh0111_0503_right,wjh-0111__20260503-right-2__20260503_113459.npz
multi_both,wjh0111,right,wjh0111_0503_right,wjh-0111__20260503-right-2__20260503_113715.npz
multi_both,wjh0111,right,wjh0111_0503_right,wjh-0111__20260503-right-2__20260503_113929.npz
multi_both,wjh0111,right,wjh0111_0503_right,wjh-0111__20260503-right-2__20260503_114147.npz
multi_both,wjh0111,right,wjh0111_0503_right,wjh-0111__20260503-right-2__20260503_114405.npz
multi_both,wjh0111,right,wjh0111_0503_right,wjh-0111__20260503-right-2__20260503_114621.npz
multi_both,wjh0111,right,wjh0111_0503_right,wjh-0111__20260503-right-2__20260503_114835.npz
multi_both,wjh0111,right,wjh0111_0503_right,wjh-0111__20260503-right-2__20260503_115050.npz
multi_both,wjh0111,right,wjh0111_0503_right,wjh-0111__20260503-right-2__20260503_115308.npz
multi_both,wjh0111,right,wjh0111_0503_right,wjh-0111__20260503-right-3__20260503_131001.npz
multi_both,wjh0111,right,wjh0111_0503_right,wjh-0111__20260503-right-3__20260503_131221.npz
multi_both,wjh0111,right,wjh0111_0503_right,wjh-0111__20260503-right-3__20260503_131436.npz
multi_both,wjh0111,right,wjh0111_0503_right,wjh-0111__20260503-right-3__20260503_131654.npz
multi_both,wjh0111,right,wjh0111_0503_right,wjh-0111__20260503-right-3__20260503_131907.npz
multi_both,wjh0111,right,wjh0111_0503_right,wjh-0111__20260503-right-3__20260503_132123.npz
multi_both,wjh0111,right,wjh0111_0503_right,wjh-0111__20260503-right-3__20260503_132338.npz
multi_both,wjh0111,right,wjh0111_0503_right,wjh-0111__20260503-right-3__20260503_132552.npz
multi_both,wjh0111,right,wjh0111_0503_right,wjh-0111__20260503-right-3__20260503_132806.npz
multi_both,wjh0111,right,wjh0111_0503_right,wjh-0111__20260503-right-3__20260503_133024.npz
multi_both,wjh0111,right,wjh0111_0503_right,wjh-0111__20260503-right-3__20260503_133240.npz
multi_both,wjh0111,right,wjh0111_0503_right,wjh-0111__20260503-right-3__20260503_133500.npz
multi_both,wjh0111,right,wjh0111_0503_right,wjh-0111__20260503-right-3__20260503_133719.npz
multi_both,wjh0111,right,wjh0111_0503_right,wjh-0111__20260503-right-3__20260503_133942.npz
multi_both,wjh0111,right,wjh0111_0503_right,wjh-0111__20260503-right-3__20260503_134201.npz
multi_both,wjh0111,right,wjh0111_0503_right,wjh-0111__20260503-right-3__20260503_134449.npz
multi_both,wjh0111,right,wjh0111_0503_right,wjh-0111__20260503-right-3__20260503_134707.npz
multi_both,wjh0111,right,wjh0111_0503_right,wjh-0111__20260503-right-3__20260503_134922.npz
multi_both,wjh0111,right,wjh0111_0503_right,wjh-0111__20260503-right-3__20260503_135138.npz
multi_both,wjh0111,right,wjh0111_0503_right,wjh-0111__20260503-right-3__20260503_135352.npz
multi_both,wjh0111,right,wjh0111_0503_right,wjh-0111__20260503-right-4__20260503_142131.npz
multi_both,wjh0111,right,wjh0111_0503_right,wjh-0111__20260503-right-4__20260503_142347.npz
multi_both,wjh0111,right,wjh0111_0503_right,wjh-0111__20260503-right-4__20260503_142602.npz
multi_both,wjh0111,right,wjh0111_0503_right,wjh-0111__20260503-right-4__20260503_142818.npz
multi_both,wjh0111,right,wjh0111_0503_right,wjh-0111__20260503-right-4__20260503_143040.npz
multi_both,wjh0111,right,wjh0111_0503_right,wjh-0111__20260503-right-4__20260503_143255.npz
multi_both,wjh0111,right,wjh0111_0503_right,wjh-0111__20260503-right-4__20260503_143509.npz
multi_both,wjh0111,right,wjh0111_0503_right,wjh-0111__20260503-right-4__20260503_143723.npz
multi_both,wjh0111,right,wjh0111_0503_right,wjh-0111__20260503-right-4__20260503_143937.npz
multi_both,wjh0111,right,wjh0111_0503_right,wjh-0111__20260503-right-4__20260503_144151.npz
multi_both,wjh0111,right,wjh0111_0503_right,wjh-0111__20260503-right-4__20260503_144412.npz
multi_both,wjh0111,right,wjh0111_0503_right,wjh-0111__20260503-right-4__20260503_144631.npz
multi_both,wjh0111,right,wjh0111_0503_right,wjh-0111__20260503-right-4__20260503_144847.npz
multi_both,wjh0111,right,wjh0111_0503_right,wjh-0111__20260503-right-4__20260503_145104.npz
multi_both,wjh0111,right,wjh0111_0503_right,wjh-0111__20260503-right-4__20260503_145318.npz
multi_both,wjh0111,right,wjh0111_0503_right,wjh-0111__20260503-right-4__20260503_145534.npz
multi_both,wjh0111,right,wjh0111_0503_right,wjh-0111__20260503-right-4__20260503_145754.npz
multi_both,wjh0111,right,wjh0111_0503_right,wjh-0111__20260503-right-4__20260503_150009.npz
multi_both,wjh0111,right,wjh0111_0503_right,wjh-0111__20260503-right-4__20260503_150224.npz
multi_both,wjh0111,right,wjh0111_0503_right,wjh-0111__20260503-right-4__20260503_150440.npz
multi_both,wjh0111,right,wjh0111_0503_right,wjh-0111__20260503-right-5__20260503_152621.npz
multi_both,wjh0111,right,wjh0111_0503_right,wjh-0111__20260503-right-5__20260503_152842.npz
multi_both,wjh0111,right,wjh0111_0503_right,wjh-0111__20260503-right-5__20260503_153110.npz
multi_both,wjh0111,right,wjh0111_0503_right,wjh-0111__20260503-right-5__20260503_153327.npz
multi_both,wjh0111,right,wjh0111_0503_right,wjh-0111__20260503-right-5__20260503_153544.npz
multi_both,wjh0111,right,wjh0111_0503_right,wjh-0111__20260503-right-5__20260503_153759.npz
multi_both,wjh0111,right,wjh0111_0503_right,wjh-0111__20260503-right-5__20260503_154014.npz
multi_both,wjh0111,right,wjh0111_0503_right,wjh-0111__20260503-right-5__20260503_154229.npz
multi_both,wjh0111,right,wjh0111_0503_right,wjh-0111__20260503-right-5__20260503_154458.npz
multi_both,wjh0111,right,wjh0111_0503_right,wjh-0111__20260503-right-5__20260503_154714.npz
multi_both,wjh0111,right,wjh0111_0503_right,wjh-0111__20260503-right-5__20260503_154928.npz
multi_both,wjh0111,right,wjh0111_0503_right,wjh-0111__20260503-right-5__20260503_155143.npz
multi_both,wjh0111,right,wjh0111_0503_right,wjh-0111__20260503-right-5__20260503_155358.npz
multi_both,wjh0111,right,wjh0111_0503_right,wjh-0111__20260503-right-5__20260503_155613.npz
multi_both,wjh0111,right,wjh0111_0503_right,wjh-0111__20260503-right-5__20260503_155829.npz
multi_both,wjh0111,right,wjh0111_0503_right,wjh-0111__20260503-right-5__20260503_160043.npz
multi_both,wjh0111,right,wjh0111_0503_right,wjh-0111__20260503-right-5__20260503_160259.npz
multi_both,wjh0111,right,wjh0111_0503_right,wjh-0111__20260503-right-5__20260503_160513.npz
multi_both,wjh0111,right,wjh0111_0503_right,wjh-0111__20260503-right-5__20260503_160727.npz
multi_both,wjh0111,right,wjh0111_0503_right,wjh-0111__20260503-right-5__20260503_160942.npz
multi_both,wjh0111,right,wjh0111_0503_right,wjh-0111__20260503-right-6__20260503_164040.npz
multi_both,wjh0111,right,wjh0111_0503_right,wjh-0111__20260503-right-6__20260503_164256.npz
multi_both,wjh0111,right,wjh0111_0503_right,wjh-0111__20260503-right-6__20260503_164517.npz
multi_both,wjh0111,right,wjh0111_0503_right,wjh-0111__20260503-right-6__20260503_164736.npz
multi_both,wjh0111,right,wjh0111_0503_right,wjh-0111__20260503-right-6__20260503_164952.npz
multi_both,wjh0111,right,wjh0111_0503_right,wjh-0111__20260503-right-6__20260503_165218.npz
multi_both,wjh0111,right,wjh0111_0503_right,wjh-0111__20260503-right-6__20260503_165444.npz
multi_both,wjh0111,right,wjh0111_0503_right,wjh-0111__20260503-right-6__20260503_165705.npz
multi_both,wjh0111,right,wjh0111_0503_right,wjh-0111__20260503-right-6__20260503_165929.npz
multi_both,wjh0111,right,wjh0111_0503_right,wjh-0111__20260503-right-6__20260503_170146.npz
multi_both,wjh0111,right,wjh0111_0503_right,wjh-0111__20260503-right-6__20260503_170422.npz
multi_both,wjh0111,right,wjh0111_0503_right,wjh-0111__20260503-right-6__20260503_170641.npz
multi_both,wjh0111,right,wjh0111_0503_right,wjh-0111__20260503-right-6__20260503_170859.npz
multi_both,wjh0111,right,wjh0111_0503_right,wjh-0111__20260503-right-6__20260503_171114.npz
multi_both,wjh0111,right,wjh0111_0503_right,wjh-0111__20260503-right-6__20260503_171330.npz
multi_both,wjh0111,right,wjh0111_0503_right,wjh-0111__20260503-right-7__20260503_174208.npz
multi_both,wjh0111,right,wjh0111_0503_right,wjh-0111__20260503-right-7__20260503_174516.npz
multi_both,wjh0111,right,wjh0111_0503_right,wjh-0111__20260503-right-7__20260503_174739.npz
multi_both,wjh0111,right,wjh0111_0503_right,wjh-0111__20260503-right-7__20260503_174955.npz
multi_both,wjh0111,right,wjh0111_0503_right,wjh-0111__20260503-right-7__20260503_175216.npz
multi_both,wjh0111,right,wjh0111_0503_right,wjh-0111__20260503-right-7__20260503_175434.npz
multi_both,wjh0111,right,wjh0111_0503_right,wjh-0111__20260503-right-7__20260503_175648.npz
multi_both,wjh0111,right,wjh0111_0503_right,wjh-0111__20260503-right-7__20260503_175903.npz
multi_both,wjh0111,right,wjh0111_0503_right,wjh-0111__20260503-right-7__20260503_180118.npz
multi_both,wjh0111,right,wjh0111_0503_right,wjh-0111__20260503-right-7__20260503_180336.npz
multi_both,wjh0111,right,wjh0111_0503_right,wjh-0111__20260503-right-7__20260503_180550.npz
multi_both,wjh0111,right,wjh0111_0503_right,wjh-0111__20260503-right-8__20260503_181314.npz
multi_both,wjh0111,right,wjh0111_0503_right,wjh-0111__20260503-right-8__20260503_181528.npz
multi_both,wjh0111,right,wjh0111_0503_right,wjh-0111__20260503-right-8__20260503_181747.npz
multi_both,wjh0111,right,wjh0111_0503_right,wjh-0111__20260503-right-8__20260503_182001.npz
multi_both,wjh0111,right,wjh0111_0503_right,wjh-0111__20260503-right__20260503_103736.npz
multi_both,wjh0111,right,wjh0111_0503_right,wjh-0111__20260503-right__20260503_104003.npz
multi_both,wjh0111,right,wjh0111_0503_right,wjh-0111__20260503-right__20260503_104239.npz
multi_both,wjh0111,right,wjh0111_0503_right,wjh-0111__20260503-right__20260503_104458.npz
multi_both,wjh0111,right,wjh0111_0503_right,wjh-0111__20260503-right__20260503_104712.npz
multi_both,wjh0111,right,wjh0111_0503_right,wjh-0111__20260503-right__20260503_104926.npz
multi_both,wjh0111,right,wjh0111_0503_right,wjh-0111__20260503-right__20260503_105144.npz
multi_both,wjh0111,right,wjh0111_0503_right,wjh-0111__20260503-right__20260503_105400.npz
multi_both,wjh0111,right,wjh0111_0503_right,wjh-0111__20260503-right__20260503_105618.npz
multi_both,wjh0111,right,wjh0111_0503_right,wjh-0111__20260503-right__20260503_105842.npz
multi_both,wjh0111,right,wjh0111_0503_right,wjh-0111__20260503-right__20260503_110057.npz
multi_both,wjh0111,right,wjh0111_0503_right,wjh-0111__20260503-right__20260503_110312.npz
multi_both,wjh0111,right,wjh0111_0503_right,wjh-0111__20260503-right__20260503_110527.npz
multi_both,wjh0111,right,wjh0111_0503_right,wjh-0111__20260503-right__20260503_110745.npz
multi_both,wjh0111,right,wjh0111_0503_right,wjh-0111__20260503-right__20260503_111033.npz
multi_both,wjh0111,right,wjh0111_0503_right,wjh-0111__20260503-right__20260503_111301.npz
multi_both,wjh0111,right,wjh0111_0503_right,wjh-0111__20260503-right__20260503_111553.npz
multi_both,wjh0111,right,wjh0111_0503_right,wjh-0111__20260503-right__20260503_111808.npz
multi_both,wjh0111,right,wjh0111_0503_right,wjh-0111__20260503-right__20260503_112050.npz
multi_both,wjh0111,right,wjh0111_0503_right,wjh-0111__20260503-right__20260503_112320.npz
multi_both,wjh0111,right,wjh0111_0504_right,wjh-0111__20260504-right-2_v33__20260504_113934.npz
multi_both,wjh0111,right,wjh0111_0504_right,wjh-0111__20260504-right-2_v33__20260504_114154.npz
multi_both,wjh0111,right,wjh0111_0504_right,wjh-0111__20260504-right-2_v33__20260504_114438.npz
multi_both,wjh0111,right,wjh0111_0504_right,wjh-0111__20260504-right-2_v33__20260504_114656.npz
multi_both,wjh0111,right,wjh0111_0504_right,wjh-0111__20260504-right-2_v33__20260504_114917.npz
multi_both,wjh0111,right,wjh0111_0504_right,wjh-0111__20260504-right-2_v33__20260504_115147.npz
multi_both,wjh0111,right,wjh0111_0504_right,wjh-0111__20260504-right-2_v33__20260504_115402.npz
multi_both,wjh0111,right,wjh0111_0504_right,wjh-0111__20260504-right-2_v33__20260504_115618.npz
multi_both,wjh0111,right,wjh0111_0504_right,wjh-0111__20260504-right-2_v33__20260504_115833.npz
multi_both,wjh0111,right,wjh0111_0504_right,wjh-0111__20260504-right-2_v33__20260504_120048.npz
multi_both,wjh0111,right,wjh0111_0504_right,wjh-0111__20260504-right-2_v33__20260504_142304.npz
multi_both,wjh0111,right,wjh0111_0504_right,wjh-0111__20260504-right-2_v33__20260504_142526.npz
multi_both,wjh0111,right,wjh0111_0504_right,wjh-0111__20260504-right-2_v33__20260504_142751.npz
multi_both,wjh0111,right,wjh0111_0504_right,wjh-0111__20260504-right-2_v33__20260504_143007.npz
multi_both,wjh0111,right,wjh0111_0504_right,wjh-0111__20260504-right-2_v33__20260504_143225.npz
multi_both,wjh0111,right,wjh0111_0504_right,wjh-0111__20260504-right-2_v33__20260504_143441.npz
multi_both,wjh0111,right,wjh0111_0504_right,wjh-0111__20260504-right-2_v33__20260504_143658.npz
multi_both,wjh0111,right,wjh0111_0504_right,wjh-0111__20260504-right-2_v33__20260504_143920.npz
multi_both,wjh0111,right,wjh0111_0504_right,wjh-0111__20260504-right-2_v33__20260504_144136.npz
multi_both,wjh0111,right,wjh0111_0504_right,wjh-0111__20260504-right-2_v71__20260504_153049.npz
multi_both,wjh0111,right,wjh0111_0504_right,wjh-0111__20260504-right-2_v71__20260504_153304.npz
multi_both,wjh0111,right,wjh0111_0504_right,wjh-0111__20260504-right-2_v71__20260504_153517.npz
multi_both,wjh0111,right,wjh0111_0504_right,wjh-0111__20260504-right-2_v71__20260504_153732.npz
multi_both,wjh0111,right,wjh0111_0504_right,wjh-0111__20260504-right-2_v71__20260504_153946.npz
multi_both,wjh0111,right,wjh0111_0504_right,wjh-0111__20260504-right-2_v71__20260504_154201.npz
multi_both,wjh0111,right,wjh0111_0504_right,wjh-0111__20260504-right-2_v71__20260504_154419.npz
multi_both,wjh0111,right,wjh0111_0504_right,wjh-0111__20260504-right-2_v71__20260504_154635.npz
multi_both,wjh0111,right,wjh0111_0504_right,wjh-0111__20260504-right-2_v71__20260504_154849.npz
multi_both,wjh0111,right,wjh0111_0504_right,wjh-0111__20260504-right-2_v71__20260504_155104.npz
multi_both,wjh0111,right,wjh0111_0504_right,wjh-0111__20260504-right-3_v71__20260504_162230.npz
multi_both,wjh0111,right,wjh0111_0504_right,wjh-0111__20260504-right-3_v71__20260504_162447.npz
multi_both,wjh0111,right,wjh0111_0504_right,wjh-0111__20260504-right-3_v71__20260504_162711.npz
multi_both,wjh0111,right,wjh0111_0504_right,wjh-0111__20260504-right-3_v71__20260504_162926.npz
multi_both,wjh0111,right,wjh0111_0504_right,wjh-0111__20260504-right-3_v71__20260504_163142.npz
multi_both,wjh0111,right,wjh0111_0504_right,wjh-0111__20260504-right-3_v71__20260504_163356.npz
multi_both,wjh0111,right,wjh0111_0504_right,wjh-0111__20260504-right-3_v71__20260504_163613.npz
multi_both,wjh0111,right,wjh0111_0504_right,wjh-0111__20260504-right-3_v71__20260504_163829.npz
multi_both,wjh0111,right,wjh0111_0504_right,wjh-0111__20260504-right-3_v71__20260504_164043.npz
multi_both,wjh0111,right,wjh0111_0504_right,wjh-0111__20260504-right-3_v71__20260504_164304.npz
multi_both,wjh0111,right,wjh0111_0504_right,wjh-0111__20260504-right-3_v71__20260504_164529.npz
multi_both,wjh0111,right,wjh0111_0504_right,wjh-0111__20260504-right-3_v71__20260504_164753.npz
multi_both,wjh0111,right,wjh0111_0504_right,wjh-0111__20260504-right-3_v71__20260504_165009.npz
multi_both,wjh0111,right,wjh0111_0504_right,wjh-0111__20260504-right-3_v71__20260504_165229.npz
multi_both,wjh0111,right,wjh0111_0504_right,wjh-0111__20260504-right-3_v71__20260504_165450.npz
multi_both,wjh0111,right,wjh0111_0504_right,wjh-0111__20260504-right-3_v71__20260504_165714.npz
multi_both,wjh0111,right,wjh0111_0504_right,wjh-0111__20260504-right-3_v71__20260504_165929.npz
multi_both,wjh0111,right,wjh0111_0504_right,wjh-0111__20260504-right-3_v71__20260504_170144.npz
multi_both,wjh0111,right,wjh0111_0504_right,wjh-0111__20260504-right-3_v71__20260504_170403.npz
multi_both,wjh0111,right,wjh0111_0504_right,wjh-0111__20260504-right-3_v71__20260504_170619.npz
multi_both,wjh0111,right,wjh0111_0504_right,wjh-0111__20260504-right-4_v71__20260504_174328.npz
multi_both,wjh0111,right,wjh0111_0504_right,wjh-0111__20260504-right-4_v71__20260504_174544.npz
multi_both,wjh0111,right,wjh0111_0504_right,wjh-0111__20260504-right-4_v71__20260504_174801.npz
multi_both,wjh0111,right,wjh0111_0504_right,wjh-0111__20260504-right-4_v71__20260504_175016.npz
multi_both,wjh0111,right,wjh0111_0504_right,wjh-0111__20260504-right-4_v71__20260504_175230.npz
multi_both,wjh0111,right,wjh0111_0504_right,wjh-0111__20260504-right-4_v71__20260504_175509.npz
multi_both,wjh0111,right,wjh0111_0504_right,wjh-0111__20260504-right-4_v71__20260504_175723.npz
multi_both,wjh0111,right,wjh0111_0504_right,wjh-0111__20260504-right-4_v71__20260504_175937.npz
multi_both,wjh0111,right,wjh0111_0504_right,wjh-0111__20260504-right-4_v71__20260504_180152.npz
multi_both,wjh0111,right,wjh0111_0504_right,wjh-0111__20260504-right-4_v71__20260504_180408.npz
multi_both,wjh0111,right,wjh0111_0504_right,wjh-0111__20260504-right-4_v71__20260504_180622.npz
multi_both,wjh0111,right,wjh0111_0504_right,wjh-0111__20260504-right-4_v71__20260504_180838.npz
multi_both,wjh0111,right,wjh0111_0504_right,wjh-0111__20260504-right-4_v71__20260504_181056.npz
multi_both,wjh0111,right,wjh0111_0504_right,wjh-0111__20260504-right-4_v71__20260504_181311.npz
multi_both,wjh0111,right,wjh0111_0504_right,wjh-0111__20260504-right-4_v71__20260504_181527.npz
multi_both,wjh0111,right,wjh0111_0504_right,wjh-0111__20260504-right-4_v71__20260504_181752.npz
multi_both,wjh0111,right,wjh0111_0504_right,wjh-0111__20260504-right-4_v71__20260504_182029.npz
multi_both,wjh0111,right,wjh0111_0504_right,wjh-0111__20260504-right-4_v71__20260504_182252.npz
multi_both,wjh0111,right,wjh0111_0504_right,wjh-0111__20260504-right-4_v71__20260504_182528.npz
multi_both,wjh0111,right,wjh0111_0504_right,wjh-0111__20260504-right-4_v71__20260504_182830.npz
multi_both,wyl0101,left,wyl0101_0502_left,wyl-0101__20260502-left-10__20260502_162417.npz
multi_both,wyl0101,left,wyl0101_0502_left,wyl-0101__20260502-left-10__20260502_162634.npz
multi_both,wyl0101,left,wyl0101_0502_left,wyl-0101__20260502-left-10__20260502_162853.npz
multi_both,wyl0101,left,wyl0101_0502_left,wyl-0101__20260502-left-10__20260502_163112.npz
multi_both,wyl0101,left,wyl0101_0502_left,wyl-0101__20260502-left-10__20260502_163328.npz
multi_both,wyl0101,left,wyl0101_0502_left,wyl-0101__20260502-left-10__20260502_163545.npz
multi_both,wyl0101,left,wyl0101_0502_left,wyl-0101__20260502-left-10__20260502_163802.npz
multi_both,wyl0101,left,wyl0101_0502_left,wyl-0101__20260502-left-10__20260502_164030.npz
multi_both,wyl0101,left,wyl0101_0502_left,wyl-0101__20260502-left-10__20260502_164411.npz
multi_both,wyl0101,left,wyl0101_0502_left,wyl-0101__20260502-left-10__20260502_164651.npz
multi_both,wyl0101,left,wyl0101_0502_left,wyl-0101__20260502-left-10__20260502_164910.npz
multi_both,wyl0101,left,wyl0101_0502_left,wyl-0101__20260502-left-10__20260502_165125.npz
multi_both,wyl0101,left,wyl0101_0502_left,wyl-0101__20260502-left-10__20260502_165348.npz
multi_both,wyl0101,left,wyl0101_0502_left,wyl-0101__20260502-left-10__20260502_165609.npz
multi_both,wyl0101,left,wyl0101_0502_left,wyl-0101__20260502-left-10__20260502_165832.npz
multi_both,wyl0101,left,wyl0101_0502_left,wyl-0101__20260502-left-10__20260502_170107.npz
multi_both,wyl0101,left,wyl0101_0502_left,wyl-0101__20260502-left-10__20260502_170327.npz
multi_both,wyl0101,left,wyl0101_0502_left,wyl-0101__20260502-left-10__20260502_170549.npz
multi_both,wyl0101,left,wyl0101_0502_left,wyl-0101__20260502-left-10__20260502_170810.npz
multi_both,wyl0101,left,wyl0101_0502_left,wyl-0101__20260502-left-10__20260502_171030.npz
multi_both,wyl0101,left,wyl0101_0502_left,wyl-0101__20260502-left-11__20260502_174204.npz
multi_both,wyl0101,left,wyl0101_0502_left,wyl-0101__20260502-left-11__20260502_174420.npz
multi_both,wyl0101,left,wyl0101_0502_left,wyl-0101__20260502-left-11__20260502_174635.npz
multi_both,wyl0101,left,wyl0101_0502_left,wyl-0101__20260502-left-11__20260502_174852.npz
multi_both,wyl0101,left,wyl0101_0502_left,wyl-0101__20260502-left-11__20260502_175109.npz
multi_both,wyl0101,left,wyl0101_0502_left,wyl-0101__20260502-left-11__20260502_175324.npz
multi_both,wyl0101,left,wyl0101_0502_left,wyl-0101__20260502-left-11__20260502_175539.npz
multi_both,wyl0101,left,wyl0101_0502_left,wyl-0101__20260502-left-11__20260502_175754.npz
multi_both,wyl0101,left,wyl0101_0502_left,wyl-0101__20260502-left-11__20260502_180014.npz
multi_both,wyl0101,left,wyl0101_0502_left,wyl-0101__20260502-left-11__20260502_180316.npz
multi_both,wyl0101,left,wyl0101_0502_left,wyl-0101__20260502-left-11__20260502_180549.npz
multi_both,wyl0101,left,wyl0101_0502_left,wyl-0101__20260502-left-12__20260502_180820.npz
multi_both,wyl0101,left,wyl0101_0502_left,wyl-0101__20260502-left-12__20260502_181039.npz
multi_both,wyl0101,left,wyl0101_0502_left,wyl-0101__20260502-left-12__20260502_181254.npz
multi_both,wyl0101,left,wyl0101_0502_left,wyl-0101__20260502-left-12__20260502_181510.npz
multi_both,wyl0101,left,wyl0101_0502_left,wyl-0101__20260502-left-12__20260502_181726.npz
multi_both,wyl0101,left,wyl0101_0502_left,wyl-0101__20260502-left-12__20260502_181943.npz
multi_both,wyl0101,left,wyl0101_0502_left,wyl-0101__20260502-left-12__20260502_182222.npz
multi_both,wyl0101,left,wyl0101_0502_left,wyl-0101__20260502-left-12__20260502_182440.npz
multi_both,wyl0101,left,wyl0101_0502_left,wyl-0101__20260502-left-12__20260502_182844.npz
multi_both,wyl0101,left,wyl0101_0502_left,wyl-0101__20260502-left-12__20260502_183106.npz
multi_both,wyl0101,left,wyl0101_0502_left,wyl-0101__20260502-left-12__20260502_183323.npz
multi_both,wyl0101,left,wyl0101_0502_left,wyl-0101__20260502-left-12__20260502_183547.npz
multi_both,wyl0101,left,wyl0101_0502_left,wyl-0101__20260502-left-12__20260502_183808.npz
multi_both,wyl0101,left,wyl0101_0502_left,wyl-0101__20260502-left-12__20260502_184029.npz
multi_both,wyl0101,left,wyl0101_0502_left,wyl-0101__20260502-left-2__20260502_114015.npz
multi_both,wyl0101,left,wyl0101_0502_left,wyl-0101__20260502-left-2__20260502_114236.npz
multi_both,wyl0101,left,wyl0101_0502_left,wyl-0101__20260502-left-2__20260502_114506.npz
multi_both,wyl0101,left,wyl0101_0502_left,wyl-0101__20260502-left-3__20260502_114952.npz
multi_both,wyl0101,left,wyl0101_0502_left,wyl-0101__20260502-left-3__20260502_115325.npz
multi_both,wyl0101,left,wyl0101_0502_left,wyl-0101__20260502-left-3__20260502_115543.npz
multi_both,wyl0101,left,wyl0101_0502_left,wyl-0101__20260502-left-3__20260502_115802.npz
multi_both,wyl0101,left,wyl0101_0502_left,wyl-0101__20260502-left-3__20260502_120017.npz
multi_both,wyl0101,left,wyl0101_0502_left,wyl-0101__20260502-left-4__20260502_131600.npz
multi_both,wyl0101,left,wyl0101_0502_left,wyl-0101__20260502-left-4__20260502_131817.npz
multi_both,wyl0101,left,wyl0101_0502_left,wyl-0101__20260502-left-4__20260502_132033.npz
multi_both,wyl0101,left,wyl0101_0502_left,wyl-0101__20260502-left-4__20260502_132249.npz
multi_both,wyl0101,left,wyl0101_0502_left,wyl-0101__20260502-left-4__20260502_132509.npz
multi_both,wyl0101,left,wyl0101_0502_left,wyl-0101__20260502-left-4__20260502_132728.npz
multi_both,wyl0101,left,wyl0101_0502_left,wyl-0101__20260502-left-4__20260502_132944.npz
multi_both,wyl0101,left,wyl0101_0502_left,wyl-0101__20260502-left-4__20260502_133206.npz
multi_both,wyl0101,left,wyl0101_0502_left,wyl-0101__20260502-left-4__20260502_133508.npz
multi_both,wyl0101,left,wyl0101_0502_left,wyl-0101__20260502-left-5__20260502_133916.npz
multi_both,wyl0101,left,wyl0101_0502_left,wyl-0101__20260502-left-5__20260502_134134.npz
multi_both,wyl0101,left,wyl0101_0502_left,wyl-0101__20260502-left-5__20260502_134513.npz
multi_both,wyl0101,left,wyl0101_0502_left,wyl-0101__20260502-left-6__20260502_135021.npz
multi_both,wyl0101,left,wyl0101_0502_left,wyl-0101__20260502-left-6__20260502_135237.npz
multi_both,wyl0101,left,wyl0101_0502_left,wyl-0101__20260502-left-6__20260502_135455.npz
multi_both,wyl0101,left,wyl0101_0502_left,wyl-0101__20260502-left-6__20260502_135716.npz
multi_both,wyl0101,left,wyl0101_0502_left,wyl-0101__20260502-left-6__20260502_135932.npz
multi_both,wyl0101,left,wyl0101_0502_left,wyl-0101__20260502-left-6__20260502_140155.npz
multi_both,wyl0101,left,wyl0101_0502_left,wyl-0101__20260502-left-6__20260502_140423.npz
multi_both,wyl0101,left,wyl0101_0502_left,wyl-0101__20260502-left-6__20260502_140644.npz
multi_both,wyl0101,left,wyl0101_0502_left,wyl-0101__20260502-left-7__20260502_143848.npz
multi_both,wyl0101,left,wyl0101_0502_left,wyl-0101__20260502-left-7__20260502_144123.npz
multi_both,wyl0101,left,wyl0101_0502_left,wyl-0101__20260502-left-8__20260502_144928.npz
multi_both,wyl0101,left,wyl0101_0502_left,wyl-0101__20260502-left-8__20260502_145209.npz
multi_both,wyl0101,left,wyl0101_0502_left,wyl-0101__20260502-left-8__20260502_145512.npz
multi_both,wyl0101,left,wyl0101_0502_left,wyl-0101__20260502-left-8__20260502_145750.npz
multi_both,wyl0101,left,wyl0101_0502_left,wyl-0101__20260502-left-8__20260502_150051.npz
multi_both,wyl0101,left,wyl0101_0502_left,wyl-0101__20260502-left-8__20260502_150310.npz
multi_both,wyl0101,left,wyl0101_0502_left,wyl-0101__20260502-left-8__20260502_150535.npz
multi_both,wyl0101,left,wyl0101_0502_left,wyl-0101__20260502-left-8__20260502_151107.npz
multi_both,wyl0101,left,wyl0101_0502_left,wyl-0101__20260502-left-9__20260502_153448.npz
multi_both,wyl0101,left,wyl0101_0502_left,wyl-0101__20260502-left-9__20260502_153709.npz
multi_both,wyl0101,left,wyl0101_0502_left,wyl-0101__20260502-left-9__20260502_153926.npz
multi_both,wyl0101,left,wyl0101_0502_left,wyl-0101__20260502-left-9__20260502_154220.npz
multi_both,wyl0101,left,wyl0101_0502_left,wyl-0101__20260502-left-9__20260502_154437.npz
multi_both,wyl0101,left,wyl0101_0502_left,wyl-0101__20260502-left-9__20260502_154653.npz
multi_both,wyl0101,left,wyl0101_0502_left,wyl-0101__20260502-left-9__20260502_154944.npz
multi_both,wyl0101,left,wyl0101_0502_left,wyl-0101__20260502-left-9__20260502_155357.npz
multi_both,wyl0101,left,wyl0101_0502_left,wyl-0101__20260502-left-9__20260502_155615.npz
multi_both,wyl0101,left,wyl0101_0502_left,wyl-0101__20260502-left-9__20260502_155901.npz
multi_both,wyl0101,left,wyl0101_0502_left,wyl-0101__20260502-left-9__20260502_160118.npz
multi_both,wyl0101,left,wyl0101_0502_left,wyl-0101__20260502-left-9__20260502_160336.npz
multi_both,wyl0101,left,wyl0101_0502_left,wyl-0101__20260502-left-9__20260502_160554.npz
multi_both,wyl0101,left,wyl0101_0502_left,wyl-0101__20260502-left-9__20260502_160811.npz
multi_both,wyl0101,left,wyl0101_0502_left,wyl-0101__20260502-left-9__20260502_161030.npz
multi_both,wyl0101,left,wyl0101_0502_left,wyl-0101__20260502-left-9__20260502_161248.npz
multi_both,wyl0101,left,wyl0101_0502_left,wyl-0101__20260502-left-9__20260502_161511.npz
multi_both,wyl0101,left,wyl0101_0502_left,wyl-0101__20260502-left__20260502_104648.npz
multi_both,wyl0101,left,wyl0101_0502_left,wyl-0101__20260502-left__20260502_104928.npz
multi_both,wyl0101,left,wyl0101_0502_left,wyl-0101__20260502-left__20260502_105217.npz
multi_both,wyl0101,left,wyl0101_0502_left,wyl-0101__20260502-left__20260502_105534.npz
multi_both,wyl0101,left,wyl0101_0502_left,wyl-0101__20260502-left__20260502_105800.npz
multi_both,wyl0101,left,wyl0101_0502_left,wyl-0101__20260502-left__20260502_110027.npz
multi_both,wyl0101,left,wyl0101_0502_left,wyl-0101__20260502-left__20260502_110327.npz
multi_both,wyl0101,left,wyl0101_0502_left,wyl-0101__20260502-left__20260502_110555.npz
multi_both,wyl0101,left,wyl0101_0502_left,wyl-0101__20260502-left__20260502_110815.npz
multi_both,wyl0101,left,wyl0101_0502_left,wyl-0101__20260502-left__20260502_111247.npz
multi_both,wyl0101,left,wyl0101_0502_left,wyl-0101__20260502-left__20260502_111509.npz
multi_both,wyl0101,left,wyl0101_0502_left,wyl-0101__20260502-left__20260502_111731.npz
multi_both,wyl0101,left,wyl0101_0502_left,wyl-0101__20260502-left__20260502_111953.npz
multi_both,wyl0101,left,wyl0101_0502_left,wyl-0101__20260502-left__20260502_112233.npz
multi_both,wyl0101,left,wyl0101_0502_left,wyl-0101__20260502-left__20260502_112453.npz
multi_both,wyl0101,left,wyl0101_0502_left,wyl-0101__20260502-left__20260502_112715.npz
multi_both,wyl0101,left,wyl0101_0502_left,wyl-0101__20260502-left__20260502_112937.npz
multi_both,wyl0101,left,wyl0101_0502_left,wyl-0101__20260502-left__20260502_113156.npz
multi_both,wyl0101,left,wyl0101_0502_left,wyl-0101__20260502-left__20260502_113413.npz
multi_both,wyl0101,left,wyl0101_0502_left,wyl-0101__20260502-left__20260502_113657.npz
multi_both,wyl0101,left,wyl0101_0503_left,wyl-0101__20260503-left-2__20260503_113452.npz
multi_both,wyl0101,left,wyl0101_0503_left,wyl-0101__20260503-left-2__20260503_113711.npz
multi_both,wyl0101,left,wyl0101_0503_left,wyl-0101__20260503-left-2__20260503_113953.npz
multi_both,wyl0101,left,wyl0101_0503_left,wyl-0101__20260503-left-2__20260503_114206.npz
multi_both,wyl0101,left,wyl0101_0503_left,wyl-0101__20260503-left-2__20260503_114424.npz
multi_both,wyl0101,left,wyl0101_0503_left,wyl-0101__20260503-left-2__20260503_114637.npz
multi_both,wyl0101,left,wyl0101_0503_left,wyl-0101__20260503-left-2__20260503_114850.npz
multi_both,wyl0101,left,wyl0101_0503_left,wyl-0101__20260503-left-2__20260503_115104.npz
multi_both,wyl0101,left,wyl0101_0503_left,wyl-0101__20260503-left-2__20260503_115319.npz
multi_both,wyl0101,left,wyl0101_0503_left,wyl-0101__20260503-left-2__20260503_115542.npz
multi_both,wyl0101,left,wyl0101_0503_left,wyl-0101__20260503-left-3__20260503_130949.npz
multi_both,wyl0101,left,wyl0101_0503_left,wyl-0101__20260503-left-3__20260503_131206.npz
multi_both,wyl0101,left,wyl0101_0503_left,wyl-0101__20260503-left-4__20260503_134020.npz
multi_both,wyl0101,left,wyl0101_0503_left,wyl-0101__20260503-left-4__20260503_134236.npz
multi_both,wyl0101,left,wyl0101_0503_left,wyl-0101__20260503-left-4__20260503_134506.npz
multi_both,wyl0101,left,wyl0101_0503_left,wyl-0101__20260503-left-4__20260503_134722.npz
multi_both,wyl0101,left,wyl0101_0503_left,wyl-0101__20260503-left-4__20260503_134940.npz
multi_both,wyl0101,left,wyl0101_0503_left,wyl-0101__20260503-left-4__20260503_135202.npz
multi_both,wyl0101,left,wyl0101_0503_left,wyl-0101__20260503-left-4__20260503_135427.npz
multi_both,wyl0101,left,wyl0101_0503_left,wyl-0101__20260503-left-4__20260503_135714.npz
multi_both,wyl0101,left,wyl0101_0503_left,wyl-0101__20260503-left-4__20260503_135936.npz
multi_both,wyl0101,left,wyl0101_0503_left,wyl-0101__20260503-left-4__20260503_140156.npz
multi_both,wyl0101,left,wyl0101_0503_left,wyl-0101__20260503-left-4__20260503_140414.npz
multi_both,wyl0101,left,wyl0101_0503_left,wyl-0101__20260503-left-4__20260503_140702.npz
multi_both,wyl0101,left,wyl0101_0503_left,wyl-0101__20260503-left-4__20260503_140921.npz
multi_both,wyl0101,left,wyl0101_0503_left,wyl-0101__20260503-left-4__20260503_141140.npz
multi_both,wyl0101,left,wyl0101_0503_left,wyl-0101__20260503-left-4__20260503_141353.npz
multi_both,wyl0101,left,wyl0101_0503_left,wyl-0101__20260503-left-4__20260503_141609.npz
multi_both,wyl0101,left,wyl0101_0503_left,wyl-0101__20260503-left-4__20260503_141830.npz
multi_both,wyl0101,left,wyl0101_0503_left,wyl-0101__20260503-left-4__20260503_142153.npz
multi_both,wyl0101,left,wyl0101_0503_left,wyl-0101__20260503-left-5__20260503_145321.npz
multi_both,wyl0101,left,wyl0101_0503_left,wyl-0101__20260503-left-5__20260503_145537.npz
multi_both,wyl0101,left,wyl0101_0503_left,wyl-0101__20260503-left-5__20260503_145756.npz
multi_both,wyl0101,left,wyl0101_0503_left,wyl-0101__20260503-left-5__20260503_150013.npz
multi_both,wyl0101,left,wyl0101_0503_left,wyl-0101__20260503-left-5__20260503_150229.npz
multi_both,wyl0101,left,wyl0101_0503_left,wyl-0101__20260503-left-5__20260503_150511.npz
multi_both,wyl0101,left,wyl0101_0503_left,wyl-0101__20260503-left-5__20260503_150731.npz
multi_both,wyl0101,left,wyl0101_0503_left,wyl-0101__20260503-left-6__20260503_151231.npz
multi_both,wyl0101,left,wyl0101_0503_left,wyl-0101__20260503-left-6__20260503_151448.npz
multi_both,wyl0101,left,wyl0101_0503_left,wyl-0101__20260503-left-6__20260503_151705.npz
multi_both,wyl0101,left,wyl0101_0503_left,wyl-0101__20260503-left-6__20260503_151920.npz
multi_both,wyl0101,left,wyl0101_0503_left,wyl-0101__20260503-left-6__20260503_152137.npz
multi_both,wyl0101,left,wyl0101_0503_left,wyl-0101__20260503-left-6__20260503_152410.npz
multi_both,wyl0101,left,wyl0101_0503_left,wyl-0101__20260503-left-6__20260503_152627.npz
multi_both,wyl0101,left,wyl0101_0503_left,wyl-0101__20260503-left-6__20260503_152845.npz
multi_both,wyl0101,left,wyl0101_0503_left,wyl-0101__20260503-left__20260503_103657.npz
multi_both,wyl0101,left,wyl0101_0503_left,wyl-0101__20260503-left__20260503_103913.npz
multi_both,wyl0101,left,wyl0101_0503_left,wyl-0101__20260503-left__20260503_104206.npz
multi_both,wyl0101,left,wyl0101_0503_left,wyl-0101__20260503-left__20260503_104434.npz
multi_both,wyl0101,left,wyl0101_0503_left,wyl-0101__20260503-left__20260503_104653.npz
multi_both,wyl0101,left,wyl0101_0503_left,wyl-0101__20260503-left__20260503_104909.npz
multi_both,wyl0101,left,wyl0101_0503_left,wyl-0101__20260503-left__20260503_105126.npz
multi_both,wyl0101,left,wyl0101_0503_left,wyl-0101__20260503-left__20260503_105350.npz
multi_both,wyl0101,left,wyl0101_0503_left,wyl-0101__20260503-left__20260503_105606.npz
multi_both,wyl0101,left,wyl0101_0503_left,wyl-0101__20260503-left__20260503_105845.npz
multi_both,wyl0101,left,wyl0101_0503_left,wyl-0101__20260503-left__20260503_110112.npz
multi_both,wyl0101,left,wyl0101_0503_left,wyl-0101__20260503-left__20260503_110328.npz
multi_both,wyl0101,left,wyl0101_0503_left,wyl-0101__20260503-left__20260503_110746.npz
multi_both,wyl0101,left,wyl0101_0503_left,wyl-0101__20260503-left__20260503_111003.npz
multi_both,wyl0101,left,wyl0101_0503_left,wyl-0101__20260503-left__20260503_111223.npz
multi_both,wyl0101,left,wyl0101_0503_left,wyl-0101__20260503-left__20260503_111437.npz
multi_both,wyl0101,left,wyl0101_0503_left,wyl-0101__20260503-left__20260503_111715.npz
multi_both,wyl0101,left,wyl0101_0503_left,wyl-0101__20260503-left__20260503_112008.npz
multi_both,wyl0101,left,wyl0101_0503_left,wyl-0101__20260503-left__20260503_112235.npz
multi_both,wyl0101,left,wyl0101_0503_left,wyl-0101__20260503-left__20260503_112454.npz
multi_both,wyl0101,left,wyl0101_0504_left,wyl-0101__20260504-left-2_v71__20260504_182806.npz
multi_both,wyl0101,left,wyl0101_0504_left,wyl-0101__20260504-left-2_v71__20260504_183019.npz
multi_both,wyl0101,left,wyl0101_0504_left,wyl-0101__20260504-left-2_v71__20260504_183232.npz
multi_both,wyl0101,left,wyl0101_0504_left,wyl-0101__20260504-left-2_v71__20260504_183534.npz
multi_both,wyl0101,left,wyl0101_0504_left,wyl-0101__20260504-left-2_v71__20260504_183751.npz
multi_both,wyl0101,left,wyl0101_0504_left,wyl-0101__20260504-left-2_v71__20260504_184013.npz
multi_both,wyl0101,right,wyl0101_0505_right,wyl-0101__20260505-right-10__20260505_164045.npz
multi_both,wyl0101,right,wyl0101_0505_right,wyl-0101__20260505-right-10__20260505_164307.npz
multi_both,wyl0101,right,wyl0101_0505_right,wyl-0101__20260505-right-10__20260505_164527.npz
multi_both,wyl0101,right,wyl0101_0505_right,wyl-0101__20260505-right-10__20260505_164745.npz
multi_both,wyl0101,right,wyl0101_0505_right,wyl-0101__20260505-right-10__20260505_165004.npz
multi_both,wyl0101,right,wyl0101_0505_right,wyl-0101__20260505-right-10__20260505_165223.npz
multi_both,wyl0101,right,wyl0101_0505_right,wyl-0101__20260505-right-10__20260505_165446.npz
multi_both,wyl0101,right,wyl0101_0505_right,wyl-0101__20260505-right-11__20260505_165830.npz
multi_both,wyl0101,right,wyl0101_0505_right,wyl-0101__20260505-right-11__20260505_170050.npz
multi_both,wyl0101,right,wyl0101_0505_right,wyl-0101__20260505-right-11__20260505_170315.npz
multi_both,wyl0101,right,wyl0101_0505_right,wyl-0101__20260505-right-11__20260505_170534.npz
multi_both,wyl0101,right,wyl0101_0505_right,wyl-0101__20260505-right-11__20260505_170753.npz
multi_both,wyl0101,right,wyl0101_0505_right,wyl-0101__20260505-right-12__20260505_171143.npz
multi_both,wyl0101,right,wyl0101_0505_right,wyl-0101__20260505-right-13__20260505_171832.npz
multi_both,wyl0101,right,wyl0101_0505_right,wyl-0101__20260505-right-13__20260505_172051.npz
multi_both,wyl0101,right,wyl0101_0505_right,wyl-0101__20260505-right-13__20260505_172309.npz
multi_both,wyl0101,right,wyl0101_0505_right,wyl-0101__20260505-right-13__20260505_172526.npz
multi_both,wyl0101,right,wyl0101_0505_right,wyl-0101__20260505-right-13__20260505_172747.npz
multi_both,wyl0101,right,wyl0101_0505_right,wyl-0101__20260505-right-13__20260505_173017.npz
multi_both,wyl0101,right,wyl0101_0505_right,wyl-0101__20260505-right-13__20260505_173300.npz
multi_both,wyl0101,right,wyl0101_0505_right,wyl-0101__20260505-right-13__20260505_173520.npz
multi_both,wyl0101,right,wyl0101_0505_right,wyl-0101__20260505-right-13__20260505_173740.npz
multi_both,wyl0101,right,wyl0101_0505_right,wyl-0101__20260505-right-13__20260505_174000.npz
multi_both,wyl0101,right,wyl0101_0505_right,wyl-0101__20260505-right-13__20260505_174215.npz
multi_both,wyl0101,right,wyl0101_0505_right,wyl-0101__20260505-right-13__20260505_174433.npz
multi_both,wyl0101,right,wyl0101_0505_right,wyl-0101__20260505-right-13__20260505_174653.npz
multi_both,wyl0101,right,wyl0101_0505_right,wyl-0101__20260505-right-13__20260505_174909.npz
multi_both,wyl0101,right,wyl0101_0505_right,wyl-0101__20260505-right-2__20260505_105036.npz
multi_both,wyl0101,right,wyl0101_0505_right,wyl-0101__20260505-right-2__20260505_105255.npz
multi_both,wyl0101,right,wyl0101_0505_right,wyl-0101__20260505-right-2__20260505_105517.npz
multi_both,wyl0101,right,wyl0101_0505_right,wyl-0101__20260505-right-2__20260505_105738.npz
multi_both,wyl0101,right,wyl0101_0505_right,wyl-0101__20260505-right-2__20260505_105957.npz
multi_both,wyl0101,right,wyl0101_0505_right,wyl-0101__20260505-right-2__20260505_110214.npz
multi_both,wyl0101,right,wyl0101_0505_right,wyl-0101__20260505-right-2__20260505_110432.npz
multi_both,wyl0101,right,wyl0101_0505_right,wyl-0101__20260505-right-2__20260505_110650.npz
multi_both,wyl0101,right,wyl0101_0505_right,wyl-0101__20260505-right-2__20260505_110908.npz
multi_both,wyl0101,right,wyl0101_0505_right,wyl-0101__20260505-right-2__20260505_111125.npz
multi_both,wyl0101,right,wyl0101_0505_right,wyl-0101__20260505-right-2__20260505_111341.npz
multi_both,wyl0101,right,wyl0101_0505_right,wyl-0101__20260505-right-2__20260505_111558.npz
multi_both,wyl0101,right,wyl0101_0505_right,wyl-0101__20260505-right-2__20260505_111815.npz
multi_both,wyl0101,right,wyl0101_0505_right,wyl-0101__20260505-right-2__20260505_112035.npz
multi_both,wyl0101,right,wyl0101_0505_right,wyl-0101__20260505-right-2__20260505_112254.npz
multi_both,wyl0101,right,wyl0101_0505_right,wyl-0101__20260505-right-2__20260505_112512.npz
multi_both,wyl0101,right,wyl0101_0505_right,wyl-0101__20260505-right-2__20260505_112737.npz
multi_both,wyl0101,right,wyl0101_0505_right,wyl-0101__20260505-right-2__20260505_112953.npz
multi_both,wyl0101,right,wyl0101_0505_right,wyl-0101__20260505-right-2__20260505_113210.npz
multi_both,wyl0101,right,wyl0101_0505_right,wyl-0101__20260505-right-2__20260505_113431.npz
multi_both,wyl0101,right,wyl0101_0505_right,wyl-0101__20260505-right-3__20260505_114038.npz
multi_both,wyl0101,right,wyl0101_0505_right,wyl-0101__20260505-right-3__20260505_114257.npz
multi_both,wyl0101,right,wyl0101_0505_right,wyl-0101__20260505-right-3__20260505_114630.npz
multi_both,wyl0101,right,wyl0101_0505_right,wyl-0101__20260505-right-3__20260505_115121.npz
multi_both,wyl0101,right,wyl0101_0505_right,wyl-0101__20260505-right-3__20260505_115338.npz
multi_both,wyl0101,right,wyl0101_0505_right,wyl-0101__20260505-right-3__20260505_115557.npz
multi_both,wyl0101,right,wyl0101_0505_right,wyl-0101__20260505-right-3__20260505_115813.npz
multi_both,wyl0101,right,wyl0101_0505_right,wyl-0101__20260505-right-3__20260505_120032.npz
multi_both,wyl0101,right,wyl0101_0505_right,wyl-0101__20260505-right-3__20260505_120250.npz
multi_both,wyl0101,right,wyl0101_0505_right,wyl-0101__20260505-right-3__20260505_120507.npz
multi_both,wyl0101,right,wyl0101_0505_right,wyl-0101__20260505-right-4__20260505_130734.npz
multi_both,wyl0101,right,wyl0101_0505_right,wyl-0101__20260505-right-4__20260505_130951.npz
multi_both,wyl0101,right,wyl0101_0505_right,wyl-0101__20260505-right-4__20260505_131219.npz
multi_both,wyl0101,right,wyl0101_0505_right,wyl-0101__20260505-right-4__20260505_131444.npz
multi_both,wyl0101,right,wyl0101_0505_right,wyl-0101__20260505-right-4__20260505_131712.npz
multi_both,wyl0101,right,wyl0101_0505_right,wyl-0101__20260505-right-4__20260505_131930.npz
multi_both,wyl0101,right,wyl0101_0505_right,wyl-0101__20260505-right-4__20260505_132149.npz
multi_both,wyl0101,right,wyl0101_0505_right,wyl-0101__20260505-right-4__20260505_132409.npz
multi_both,wyl0101,right,wyl0101_0505_right,wyl-0101__20260505-right-4__20260505_132628.npz
multi_both,wyl0101,right,wyl0101_0505_right,wyl-0101__20260505-right-4__20260505_132846.npz
multi_both,wyl0101,right,wyl0101_0505_right,wyl-0101__20260505-right-4__20260505_133109.npz
multi_both,wyl0101,right,wyl0101_0505_right,wyl-0101__20260505-right-4__20260505_133357.npz
multi_both,wyl0101,right,wyl0101_0505_right,wyl-0101__20260505-right-4__20260505_133619.npz
multi_both,wyl0101,right,wyl0101_0505_right,wyl-0101__20260505-right-4__20260505_133851.npz
multi_both,wyl0101,right,wyl0101_0505_right,wyl-0101__20260505-right-4__20260505_134114.npz
multi_both,wyl0101,right,wyl0101_0505_right,wyl-0101__20260505-right-4__20260505_134336.npz
multi_both,wyl0101,right,wyl0101_0505_right,wyl-0101__20260505-right-4__20260505_134703.npz
multi_both,wyl0101,right,wyl0101_0505_right,wyl-0101__20260505-right-4__20260505_134919.npz
multi_both,wyl0101,right,wyl0101_0505_right,wyl-0101__20260505-right-4__20260505_135137.npz
multi_both,wyl0101,right,wyl0101_0505_right,wyl-0101__20260505-right-4__20260505_135539.npz
multi_both,wyl0101,right,wyl0101_0505_right,wyl-0101__20260505-right-5__20260505_141201.npz
multi_both,wyl0101,right,wyl0101_0505_right,wyl-0101__20260505-right-5__20260505_141419.npz
multi_both,wyl0101,right,wyl0101_0505_right,wyl-0101__20260505-right-5__20260505_141638.npz
multi_both,wyl0101,right,wyl0101_0505_right,wyl-0101__20260505-right-5__20260505_141857.npz
multi_both,wyl0101,right,wyl0101_0505_right,wyl-0101__20260505-right-5__20260505_142120.npz
multi_both,wyl0101,right,wyl0101_0505_right,wyl-0101__20260505-right-5__20260505_142419.npz
multi_both,wyl0101,right,wyl0101_0505_right,wyl-0101__20260505-right-5__20260505_142657.npz
multi_both,wyl0101,right,wyl0101_0505_right,wyl-0101__20260505-right-5__20260505_142916.npz
multi_both,wyl0101,right,wyl0101_0505_right,wyl-0101__20260505-right-5__20260505_143141.npz
multi_both,wyl0101,right,wyl0101_0505_right,wyl-0101__20260505-right-5__20260505_143410.npz
multi_both,wyl0101,right,wyl0101_0505_right,wyl-0101__20260505-right-5__20260505_143641.npz
multi_both,wyl0101,right,wyl0101_0505_right,wyl-0101__20260505-right-5__20260505_143856.npz
multi_both,wyl0101,right,wyl0101_0505_right,wyl-0101__20260505-right-5__20260505_144114.npz
multi_both,wyl0101,right,wyl0101_0505_right,wyl-0101__20260505-right-5__20260505_144334.npz
multi_both,wyl0101,right,wyl0101_0505_right,wyl-0101__20260505-right-5__20260505_144554.npz
multi_both,wyl0101,right,wyl0101_0505_right,wyl-0101__20260505-right-5__20260505_144814.npz
multi_both,wyl0101,right,wyl0101_0505_right,wyl-0101__20260505-right-5__20260505_145041.npz
multi_both,wyl0101,right,wyl0101_0505_right,wyl-0101__20260505-right-5__20260505_145304.npz
multi_both,wyl0101,right,wyl0101_0505_right,wyl-0101__20260505-right-5__20260505_145522.npz
multi_both,wyl0101,right,wyl0101_0505_right,wyl-0101__20260505-right-5__20260505_145743.npz
multi_both,wyl0101,right,wyl0101_0505_right,wyl-0101__20260505-right-6__20260505_155831.npz
multi_both,wyl0101,right,wyl0101_0505_right,wyl-0101__20260505-right-6__20260505_160051.npz
multi_both,wyl0101,right,wyl0101_0505_right,wyl-0101__20260505-right-6__20260505_160318.npz
multi_both,wyl0101,right,wyl0101_0505_right,wyl-0101__20260505-right-6__20260505_160539.npz
multi_both,wyl0101,right,wyl0101_0505_right,wyl-0101__20260505-right-6__20260505_161309.npz
multi_both,wyl0101,right,wyl0101_0505_right,wyl-0101__20260505-right-6__20260505_161529.npz
multi_both,wyl0101,right,wyl0101_0505_right,wyl-0101__20260505-right-6__20260505_161748.npz
multi_both,wyl0101,right,wyl0101_0505_right,wyl-0101__20260505-right-6__20260505_162008.npz
multi_both,wyl0101,right,wyl0101_0505_right,wyl-0101__20260505-right-6__20260505_162227.npz
multi_both,wyl0101,right,wyl0101_0505_right,wyl-0101__20260505-right-6__20260505_162445.npz
multi_both,wyl0101,right,wyl0101_0505_right,wyl-0101__20260505-right-7__20260505_162912.npz
multi_both,wyl0101,right,wyl0101_0505_right,wyl-0101__20260505-right-8__20260505_163448.npz
multi_both,wyl0101,right,wyl0101_0505_right,wyl-0101__20260505-right-9__20260505_163710.npz
multi_both,wyl0101,right,wyl0101_0505_right,wyl-0101__20260505-right__20260505_150840.npz
multi_both,wyl0101,right,wyl0101_0505_right,wyl-0101__20260505-right__20260505_151059.npz
multi_both,wyl0101,right,wyl0101_0505_right,wyl-0101__20260505-right__20260505_151318.npz
multi_both,wyl0101,right,wyl0101_0505_right,wyl-0101__20260505-right__20260505_151551.npz
multi_both,wyl0101,right,wyl0101_0505_right,wyl-0101__20260505-right__20260505_151813.npz
multi_both,wyl0101,right,wyl0101_0505_right,wyl-0101__20260505-right__20260505_152033.npz
multi_both,wyl0101,right,wyl0101_0505_right,wyl-0101__20260505-right__20260505_152251.npz
multi_both,wyl0101,right,wyl0101_0505_right,wyl-0101__20260505-right__20260505_152511.npz
multi_both,wyl0101,right,wyl0101_0505_right,wyl-0101__20260505-right__20260505_152737.npz
multi_both,wyl0101,right,wyl0101_0505_right,wyl-0101__20260505-right__20260505_152956.npz
6users_left,fgw0917,left,fgw0917_0502_left,fgw-0917__20260502-left-3__20260502_104240.npz
6users_left,fgw0917,left,fgw0917_0502_left,fgw-0917__20260502-left-3__20260502_104509.npz
6users_left,fgw0917,left,fgw0917_0502_left,fgw-0917__20260502-left-3__20260502_104725.npz
6users_left,fgw0917,left,fgw0917_0502_left,fgw-0917__20260502-left-3__20260502_104940.npz
6users_left,fgw0917,left,fgw0917_0502_left,fgw-0917__20260502-left-3__20260502_105153.npz
6users_left,fgw0917,left,fgw0917_0502_left,fgw-0917__20260502-left-3__20260502_105406.npz
6users_left,fgw0917,left,fgw0917_0502_left,fgw-0917__20260502-left-3__20260502_105620.npz
6users_left,fgw0917,left,fgw0917_0502_left,fgw-0917__20260502-left-3__20260502_105835.npz
6users_left,fgw0917,left,fgw0917_0502_left,fgw-0917__20260502-left-3__20260502_110050.npz
6users_left,fgw0917,left,fgw0917_0502_left,fgw-0917__20260502-left-3__20260502_110306.npz
6users_left,fgw0917,left,fgw0917_0502_left,fgw-0917__20260502-left-3__20260502_110523.npz
6users_left,fgw0917,left,fgw0917_0502_left,fgw-0917__20260502-left-3__20260502_110738.npz
6users_left,fgw0917,left,fgw0917_0502_left,fgw-0917__20260502-left-3__20260502_110952.npz
6users_left,fgw0917,left,fgw0917_0502_left,fgw-0917__20260502-left-3__20260502_111232.npz
6users_left,fgw0917,left,fgw0917_0502_left,fgw-0917__20260502-left-3__20260502_111447.npz
6users_left,fgw0917,left,fgw0917_0502_left,fgw-0917__20260502-left-3__20260502_111705.npz
6users_left,fgw0917,left,fgw0917_0502_left,fgw-0917__20260502-left-3__20260502_111920.npz
6users_left,fgw0917,left,fgw0917_0502_left,fgw-0917__20260502-left-3__20260502_112135.npz
6users_left,fgw0917,left,fgw0917_0502_left,fgw-0917__20260502-left-3__20260502_112349.npz
6users_left,fgw0917,left,fgw0917_0502_left,fgw-0917__20260502-left-3__20260502_112603.npz
6users_left,fgw0917,left,fgw0917_0502_left,fgw-0917__20260502-left-3__20260502_112818.npz
6users_left,fgw0917,left,fgw0917_0502_left,fgw-0917__20260502-left-3__20260502_113031.npz
6users_left,fgw0917,left,fgw0917_0502_left,fgw-0917__20260502-left-3__20260502_113247.npz
6users_left,fgw0917,left,fgw0917_0502_left,fgw-0917__20260502-left-3__20260502_113503.npz
6users_left,fgw0917,left,fgw0917_0502_left,fgw-0917__20260502-left-3__20260502_113718.npz
6users_left,fgw0917,left,fgw0917_0502_left,fgw-0917__20260502-left-3__20260502_113932.npz
6users_left,fgw0917,left,fgw0917_0502_left,fgw-0917__20260502-left-3__20260502_114146.npz
6users_left,fgw0917,left,fgw0917_0502_left,fgw-0917__20260502-left-3__20260502_114400.npz
6users_left,fgw0917,left,fgw0917_0502_left,fgw-0917__20260502-left-3__20260502_114614.npz
6users_left,fgw0917,left,fgw0917_0502_left,fgw-0917__20260502-left-3__20260502_114827.npz
6users_left,fgw0917,left,fgw0917_0502_left,fgw-0917__20260502-left-4__20260502_131001.npz
6users_left,fgw0917,left,fgw0917_0502_left,fgw-0917__20260502-left-4__20260502_131214.npz
6users_left,fgw0917,left,fgw0917_0502_left,fgw-0917__20260502-left-4__20260502_131505.npz
6users_left,fgw0917,left,fgw0917_0502_left,fgw-0917__20260502-left-4__20260502_131719.npz
6users_left,fgw0917,left,fgw0917_0502_left,fgw-0917__20260502-left-4__20260502_131959.npz
6users_left,fgw0917,left,fgw0917_0502_left,fgw-0917__20260502-left-4__20260502_132214.npz
6users_left,fgw0917,left,fgw0917_0502_left,fgw-0917__20260502-left-4__20260502_132427.npz
6users_left,fgw0917,left,fgw0917_0502_left,fgw-0917__20260502-left-4__20260502_132642.npz
6users_left,fgw0917,left,fgw0917_0502_left,fgw-0917__20260502-left-4__20260502_132857.npz
6users_left,fgw0917,left,fgw0917_0502_left,fgw-0917__20260502-left-4__20260502_133112.npz
6users_left,fgw0917,left,fgw0917_0502_left,fgw-0917__20260502-left-4__20260502_133340.npz
6users_left,fgw0917,left,fgw0917_0502_left,fgw-0917__20260502-left-4__20260502_133553.npz
6users_left,fgw0917,left,fgw0917_0502_left,fgw-0917__20260502-left-4__20260502_133809.npz
6users_left,fgw0917,left,fgw0917_0502_left,fgw-0917__20260502-left-4__20260502_134024.npz
6users_left,fgw0917,left,fgw0917_0502_left,fgw-0917__20260502-left-4__20260502_134238.npz
6users_left,fgw0917,left,fgw0917_0502_left,fgw-0917__20260502-left-4__20260502_134508.npz
6users_left,fgw0917,left,fgw0917_0502_left,fgw-0917__20260502-left-4__20260502_134723.npz
6users_left,fgw0917,left,fgw0917_0502_left,fgw-0917__20260502-left-4__20260502_134940.npz
6users_left,fgw0917,left,fgw0917_0502_left,fgw-0917__20260502-left-4__20260502_135155.npz
6users_left,fgw0917,left,fgw0917_0502_left,fgw-0917__20260502-left-4__20260502_135409.npz
6users_left,fgw0917,left,fgw0917_0502_left,fgw-0917__20260502-left-5__20260502_150009.npz
6users_left,fgw0917,left,fgw0917_0502_left,fgw-0917__20260502-left-5__20260502_150226.npz
6users_left,fgw0917,left,fgw0917_0502_left,fgw-0917__20260502-left-5__20260502_150440.npz
6users_left,fgw0917,left,fgw0917_0502_left,fgw-0917__20260502-left-5__20260502_150653.npz
6users_left,fgw0917,left,fgw0917_0502_left,fgw-0917__20260502-left-5__20260502_150906.npz
6users_left,fgw0917,left,fgw0917_0502_left,fgw-0917__20260502-left-5__20260502_151119.npz
6users_left,fgw0917,left,fgw0917_0502_left,fgw-0917__20260502-left-5__20260502_151333.npz
6users_left,fgw0917,left,fgw0917_0502_left,fgw-0917__20260502-left-5__20260502_151548.npz
6users_left,fgw0917,left,fgw0917_0502_left,fgw-0917__20260502-left-5__20260502_151802.npz
6users_left,fgw0917,left,fgw0917_0502_left,fgw-0917__20260502-left-5__20260502_152028.npz
6users_left,fgw0917,left,fgw0917_0502_left,fgw-0917__20260502-left-5__20260502_152243.npz
6users_left,fgw0917,left,fgw0917_0502_left,fgw-0917__20260502-left-5__20260502_152455.npz
6users_left,fgw0917,left,fgw0917_0502_left,fgw-0917__20260502-left-5__20260502_152710.npz
6users_left,fgw0917,left,fgw0917_0502_left,fgw-0917__20260502-left-5__20260502_152922.npz
6users_left,fgw0917,left,fgw0917_0502_left,fgw-0917__20260502-left-5__20260502_153136.npz
6users_left,fgw0917,left,fgw0917_0502_left,fgw-0917__20260502-left-5__20260502_153359.npz
6users_left,fgw0917,left,fgw0917_0502_left,fgw-0917__20260502-left-5__20260502_153612.npz
6users_left,fgw0917,left,fgw0917_0502_left,fgw-0917__20260502-left-5__20260502_153825.npz
6users_left,fgw0917,left,fgw0917_0502_left,fgw-0917__20260502-left-5__20260502_154038.npz
6users_left,fgw0917,left,fgw0917_0502_left,fgw-0917__20260502-left-5__20260502_154251.npz
6users_left,fgw0917,left,fgw0917_0502_left,fgw-0917__20260502-left-6__20260502_141652.npz
6users_left,fgw0917,left,fgw0917_0502_left,fgw-0917__20260502-left-6__20260502_141923.npz
6users_left,fgw0917,left,fgw0917_0502_left,fgw-0917__20260502-left-6__20260502_142147.npz
6users_left,fgw0917,left,fgw0917_0502_left,fgw-0917__20260502-left-6__20260502_142402.npz
6users_left,fgw0917,left,fgw0917_0502_left,fgw-0917__20260502-left-6__20260502_142617.npz
6users_left,fgw0917,left,fgw0917_0502_left,fgw-0917__20260502-left-6__20260502_142837.npz
6users_left,fgw0917,left,fgw0917_0502_left,fgw-0917__20260502-left-6__20260502_143051.npz
6users_left,fgw0917,left,fgw0917_0502_left,fgw-0917__20260502-left-6__20260502_143304.npz
6users_left,fgw0917,left,fgw0917_0502_left,fgw-0917__20260502-left-6__20260502_143521.npz
6users_left,fgw0917,left,fgw0917_0502_left,fgw-0917__20260502-left-6__20260502_143735.npz
6users_left,fgw0917,left,fgw0917_0502_left,fgw-0917__20260502-left-7__20260502_154516.npz
6users_left,fgw0917,left,fgw0917_0502_left,fgw-0917__20260502-left-7__20260502_154731.npz
6users_left,fgw0917,left,fgw0917_0502_left,fgw-0917__20260502-left-7__20260502_154945.npz
6users_left,fgw0917,left,fgw0917_0502_left,fgw-0917__20260502-left-7__20260502_155159.npz
6users_left,fgw0917,left,fgw0917_0502_left,fgw-0917__20260502-left-7__20260502_155415.npz
6users_left,fgw0917,left,fgw0917_0502_left,fgw-0917__20260502-left-7__20260502_155655.npz
6users_left,fgw0917,left,fgw0917_0502_left,fgw-0917__20260502-left-7__20260502_155909.npz
6users_left,fgw0917,left,fgw0917_0502_left,fgw-0917__20260502-left-7__20260502_160122.npz
6users_left,fgw0917,left,fgw0917_0502_left,fgw-0917__20260502-left-7__20260502_160336.npz
6users_left,fgw0917,left,fgw0917_0502_left,fgw-0917__20260502-left-7__20260502_160551.npz
6users_left,fgw0917,left,fgw0917_0502_left,fgw-0917__20260502-left-8__20260502_160818.npz
6users_left,fgw0917,left,fgw0917_0502_left,fgw-0917__20260502-left-8__20260502_161055.npz
6users_left,fgw0917,left,fgw0917_0502_left,fgw-0917__20260502-left-8__20260502_161429.npz
6users_left,fgw0917,left,fgw0917_0502_left,fgw-0917__20260502-left-8__20260502_161643.npz
6users_left,fgw0917,left,fgw0917_0502_left,fgw-0917__20260502-left-8__20260502_161858.npz
6users_left,fgw0917,left,fgw0917_0502_left,fgw-0917__20260502-left-8__20260502_162112.npz
6users_left,fgw0917,left,fgw0917_0502_left,fgw-0917__20260502-left-8__20260502_162331.npz
6users_left,fgw0917,left,fgw0917_0502_left,fgw-0917__20260502-left-8__20260502_162544.npz
6users_left,fgw0917,left,fgw0917_0502_left,fgw-0917__20260502-left-8__20260502_162757.npz
6users_left,fgw0917,left,fgw0917_0502_left,fgw-0917__20260502-left-8__20260502_163010.npz
6users_left,fgw0917,left,fgw0917_0502_left,fgw-0917__20260502-left-9__20260502_172319.npz
6users_left,fgw0917,left,fgw0917_0502_left,fgw-0917__20260502-left-9__20260502_172533.npz
6users_left,fgw0917,left,fgw0917_0502_left,fgw-0917__20260502-left-9__20260502_172748.npz
6users_left,fgw0917,left,fgw0917_0502_left,fgw-0917__20260502-left-9__20260502_173003.npz
6users_left,fgw0917,left,fgw0917_0502_left,fgw-0917__20260502-left-9__20260502_173229.npz
6users_left,fgw0917,left,fgw0917_0502_left,fgw-0917__20260502-left-9__20260502_173444.npz
6users_left,fgw0917,left,fgw0917_0502_left,fgw-0917__20260502-left-9__20260502_173657.npz
6users_left,fgw0917,left,fgw0917_0502_left,fgw-0917__20260502-left-9__20260502_173919.npz
6users_left,fgw0917,left,fgw0917_0502_left,fgw-0917__20260502-left-9__20260502_174347.npz
6users_left,fgw0917,left,fgw0917_0502_left,fgw-0917__20260502-left-9__20260502_174731.npz
6users_left,fgw0917,left,fgw0917_0502_left,fgw-0917__20260502-left__20260502_115218.npz
6users_left,fgw0917,left,fgw0917_0502_left,fgw-0917__20260502-left__20260502_115432.npz
6users_left,fgw0917,left,fgw0917_0502_left,fgw-0917__20260502-left__20260502_115646.npz
6users_left,fgw0917,left,fgw0917_0502_left,fgw-0917__20260502-left__20260502_115903.npz
6users_left,fgw0917,left,fgw0917_0502_left,fgw-0917__20260502-left__20260502_120116.npz
6users_left,fgw0917,left,fgw0917_0502_left,fgw-0917__20260502-left__20260502_140213.npz
6users_left,fgw0917,left,fgw0917_0502_left,fgw-0917__20260502-left__20260502_140449.npz
6users_left,fgw0917,left,fgw0917_0502_left,fgw-0917__20260502-left__20260502_140702.npz
6users_left,fgw0917,left,fgw0917_0502_left,fgw-0917__20260502-left__20260502_140916.npz
6users_left,fgw0917,left,fgw0917_0502_left,fgw-0917__20260502-left__20260502_141130.npz
6users_left,fgw0917,left,fgw0917_0503_left,fgw-0917__20260503-left-2__20260503_165358.npz
6users_left,fgw0917,left,fgw0917_0503_left,fgw-0917__20260503-left-2__20260503_165612.npz
6users_left,fgw0917,left,fgw0917_0503_left,fgw-0917__20260503-left-2__20260503_165830.npz
6users_left,fgw0917,left,fgw0917_0503_left,fgw-0917__20260503-left-2__20260503_170047.npz
6users_left,fgw0917,left,fgw0917_0503_left,fgw-0917__20260503-left-2__20260503_170304.npz
6users_left,fgw0917,left,fgw0917_0503_left,fgw-0917__20260503-left-2__20260503_170520.npz
6users_left,fgw0917,left,fgw0917_0503_left,fgw-0917__20260503-left-2__20260503_170736.npz
6users_left,fgw0917,left,fgw0917_0503_left,fgw-0917__20260503-left-2__20260503_170951.npz
6users_left,fgw0917,left,fgw0917_0503_left,fgw-0917__20260503-left-2__20260503_171217.npz
6users_left,fgw0917,left,fgw0917_0503_left,fgw-0917__20260503-left-2__20260503_171435.npz
6users_left,fgw0917,left,fgw0917_0503_left,fgw-0917__20260503-left-2__20260503_171651.npz
6users_left,fgw0917,left,fgw0917_0503_left,fgw-0917__20260503-left-2__20260503_171911.npz
6users_left,fgw0917,left,fgw0917_0503_left,fgw-0917__20260503-left-2__20260503_172136.npz
6users_left,fgw0917,left,fgw0917_0503_left,fgw-0917__20260503-left-2__20260503_172353.npz
6users_left,fgw0917,left,fgw0917_0503_left,fgw-0917__20260503-left-2__20260503_172610.npz
6users_left,fgw0917,left,fgw0917_0503_left,fgw-0917__20260503-left-2__20260503_172825.npz
6users_left,fgw0917,left,fgw0917_0503_left,fgw-0917__20260503-left-2__20260503_173040.npz
6users_left,fgw0917,left,fgw0917_0503_left,fgw-0917__20260503-left-2__20260503_173256.npz
6users_left,fgw0917,left,fgw0917_0503_left,fgw-0917__20260503-left-2__20260503_173519.npz
6users_left,fgw0917,left,fgw0917_0503_left,fgw-0917__20260503-left-2__20260503_173734.npz
6users_left,fgw0917,left,fgw0917_0503_left,fgw-0917__20260503-left-3__20260503_180816.npz
6users_left,fgw0917,left,fgw0917_0503_left,fgw-0917__20260503-left-3__20260503_181033.npz
6users_left,fgw0917,left,fgw0917_0503_left,fgw-0917__20260503-left-3__20260503_181248.npz
6users_left,fgw0917,left,fgw0917_0503_left,fgw-0917__20260503-left-3__20260503_181502.npz
6users_left,fgw0917,left,fgw0917_0503_left,fgw-0917__20260503-left-3__20260503_181716.npz
6users_left,fgw0917,left,fgw0917_0503_left,fgw-0917__20260503-left-3__20260503_181930.npz
6users_left,fgw0917,left,fgw0917_0503_left,fgw-0917__20260503-left-3__20260503_182144.npz
6users_left,fgw0917,left,fgw0917_0503_left,fgw-0917__20260503-left-3__20260503_182358.npz
6users_left,fgw0917,left,fgw0917_0503_left,fgw-0917__20260503-left-3__20260503_182612.npz
6users_left,fgw0917,left,fgw0917_0503_left,fgw-0917__20260503-left-3__20260503_182826.npz
6users_left,fgw0917,left,fgw0917_0503_left,fgw-0917__20260503-left__20260503_161424.npz
6users_left,fgw0917,left,fgw0917_0503_left,fgw-0917__20260503-left__20260503_161707.npz
6users_left,fgw0917,left,fgw0917_0503_left,fgw-0917__20260503-left__20260503_161921.npz
6users_left,fgw0917,left,fgw0917_0503_left,fgw-0917__20260503-left__20260503_162143.npz
6users_left,fgw0917,left,fgw0917_0503_left,fgw-0917__20260503-left__20260503_162359.npz
6users_left,fgw0917,left,fgw0917_0503_left,fgw-0917__20260503-left__20260503_162616.npz
6users_left,fgw0917,left,fgw0917_0503_left,fgw-0917__20260503-left__20260503_162833.npz
6users_left,fgw0917,left,fgw0917_0503_left,fgw-0917__20260503-left__20260503_163123.npz
6users_left,fgw0917,left,fgw0917_0503_left,fgw-0917__20260503-left__20260503_163449.npz
6users_left,fgw0917,left,fgw0917_0503_left,fgw-0917__20260503-left__20260503_163828.npz
6users_left,ghd1108,left,ghd1108_0501_left,ghd-1108__20260501-left__20260501_101519.npz
6users_left,ghd1108,left,ghd1108_0501_left,ghd-1108__20260501-left__20260501_101830.npz
6users_left,ghd1108,left,ghd1108_0501_left,ghd-1108__20260501-left__20260501_102047.npz
6users_left,ghd1108,left,ghd1108_0501_left,ghd-1108__20260501-left__20260501_102310.npz
6users_left,ghd1108,left,ghd1108_0501_left,ghd-1108__20260501-left__20260501_102539.npz
6users_left,ghd1108,left,ghd1108_0501_left,ghd-1108__20260501-left__20260501_102753.npz
6users_left,ghd1108,left,ghd1108_0501_left,ghd-1108__20260501-left__20260501_103007.npz
6users_left,ghd1108,left,ghd1108_0501_left,ghd-1108__20260501-left__20260501_103221.npz
6users_left,ghd1108,left,ghd1108_0501_left,ghd-1108__20260501-left__20260501_103436.npz
6users_left,ghd1108,left,ghd1108_0501_left,ghd-1108__20260501-left__20260501_103651.npz
6users_left,ghd1108,left,ghd1108_0501_left,ghd-1108__20260501-left__20260501_103905.npz
6users_left,ghd1108,left,ghd1108_0501_left,ghd-1108__20260501-left__20260501_104608.npz
6users_left,ghd1108,left,ghd1108_0501_left,ghd-1108__20260501-left__20260501_110246.npz
6users_left,ghd1108,left,ghd1108_0501_left,ghd-1108__20260501-left__20260501_110500.npz
6users_left,ghd1108,left,ghd1108_0501_left,ghd-1108__20260501-left__20260501_110717.npz
6users_left,ghd1108,left,ghd1108_0503_left,ghd-1108__20260503-left-3__20260503_131215.npz
6users_left,ghd1108,left,ghd1108_0503_left,ghd-1108__20260503-left-3__20260503_131432.npz
6users_left,ghd1108,left,ghd1108_0503_left,ghd-1108__20260503-left-3__20260503_131648.npz
6users_left,ghd1108,left,ghd1108_0503_left,ghd-1108__20260503-left-3__20260503_131905.npz
6users_left,ghd1108,left,ghd1108_0503_left,ghd-1108__20260503-left-3__20260503_132125.npz
6users_left,ghd1108,left,ghd1108_0503_left,ghd-1108__20260503-left-3__20260503_132341.npz
6users_left,ghd1108,left,ghd1108_0503_left,ghd-1108__20260503-left-3__20260503_132555.npz
6users_left,ghd1108,left,ghd1108_0503_left,ghd-1108__20260503-left-3__20260503_132809.npz
6users_left,ghd1108,left,ghd1108_0503_left,ghd-1108__20260503-left-3__20260503_133055.npz
6users_left,ghd1108,left,ghd1108_0503_left,ghd-1108__20260503-left-3__20260503_133311.npz
6users_left,ghd1108,left,ghd1108_0503_left,ghd-1108__20260503-left-3__20260503_134029.npz
6users_left,ghd1108,left,ghd1108_0503_left,ghd-1108__20260503-left-3__20260503_134247.npz
6users_left,ghd1108,left,ghd1108_0503_left,ghd-1108__20260503-left-3__20260503_134509.npz
6users_left,ghd1108,left,ghd1108_0503_left,ghd-1108__20260503-left-3__20260503_134729.npz
6users_left,ghd1108,left,ghd1108_0503_left,ghd-1108__20260503-left-3__20260503_134945.npz
6users_left,ghd1108,left,ghd1108_0503_left,ghd-1108__20260503-left-3__20260503_135225.npz
6users_left,ghd1108,left,ghd1108_0503_left,ghd-1108__20260503-left-3__20260503_135445.npz
6users_left,ghd1108,left,ghd1108_0503_left,ghd-1108__20260503-left-3__20260503_140831.npz
6users_left,ghd1108,left,ghd1108_0503_left,ghd-1108__20260503-left-3__20260503_141118.npz
6users_left,ghd1108,left,ghd1108_0503_left,ghd-1108__20260503-left-3__20260503_141403.npz
6users_left,ghd1108,left,ghd1108_0503_left,ghd-1108__20260503-left-3__20260503_141623.npz
6users_left,ghd1108,left,ghd1108_0503_left,ghd-1108__20260503-left-3__20260503_141838.npz
6users_left,ghd1108,left,ghd1108_0503_left,ghd-1108__20260503-left-3__20260503_142053.npz
6users_left,ghd1108,left,ghd1108_0503_left,ghd-1108__20260503-left-3__20260503_142311.npz
6users_left,ghd1108,left,ghd1108_0503_left,ghd-1108__20260503-left-3__20260503_142627.npz
6users_left,ghd1108,left,ghd1108_0503_left,ghd-1108__20260503-left-3__20260503_145638.npz
6users_left,ghd1108,left,ghd1108_0503_left,ghd-1108__20260503-left-3__20260503_145910.npz
6users_left,ghd1108,left,ghd1108_0503_left,ghd-1108__20260503-left-3__20260503_150127.npz
6users_left,ghd1108,left,ghd1108_0503_left,ghd-1108__20260503-left-3__20260503_150343.npz
6users_left,ghd1108,left,ghd1108_0503_left,ghd-1108__20260503-left-3__20260503_150556.npz
6users_left,ghd1108,left,ghd1108_0503_left,ghd-1108__20260503-left-4__20260503_152703.npz
6users_left,ghd1108,left,ghd1108_0503_left,ghd-1108__20260503-left-4__20260503_155053.npz
6users_left,ghd1108,left,ghd1108_0503_left,ghd-1108__20260503-left-4__20260503_155308.npz
6users_left,ghd1108,left,ghd1108_0503_left,ghd-1108__20260503-left-4__20260503_155528.npz
6users_left,ghd1108,left,ghd1108_0503_left,ghd-1108__20260503-left-4__20260503_155834.npz
6users_left,ghd1108,left,ghd1108_0503_left,ghd-1108__20260503-left-4__20260503_160058.npz
6users_left,ghd1108,left,ghd1108_0503_left,ghd-1108__20260503-left-4__20260503_161934.npz
6users_left,ghd1108,left,ghd1108_0503_left,ghd-1108__20260503-left-4__20260503_163359.npz
6users_left,ghd1108,left,ghd1108_0503_left,ghd-1108__20260503-left-4__20260503_163619.npz
6users_left,ghd1108,left,ghd1108_0503_left,ghd-1108__20260503-left-4__20260503_163841.npz
6users_left,ghd1108,left,ghd1108_0503_left,ghd-1108__20260503-left-4__20260503_164505.npz
6users_left,ghd1108,left,ghd1108_0503_left,ghd-1108__20260503-left-4__20260503_164725.npz
6users_left,ghd1108,left,ghd1108_0503_left,ghd-1108__20260503-left-4__20260503_164943.npz
6users_left,ghd1108,left,ghd1108_0503_left,ghd-1108__20260503-left-4__20260503_165158.npz
6users_left,ghd1108,left,ghd1108_0503_left,ghd-1108__20260503-left-4__20260503_165413.npz
6users_left,ghd1108,left,ghd1108_0503_left,ghd-1108__20260503-left-4__20260503_170203.npz
6users_left,ghd1108,left,ghd1108_0503_left,ghd-1108__20260503-left-4__20260503_170419.npz
6users_left,ghd1108,left,ghd1108_0503_left,ghd-1108__20260503-left-4__20260503_170633.npz
6users_left,ghd1108,left,ghd1108_0503_left,ghd-1108__20260503-left-4__20260503_170850.npz
6users_left,ghd1108,left,ghd1108_0503_left,ghd-1108__20260503-left-4__20260503_171103.npz
6users_left,ghd1108,left,ghd1108_0503_left,ghd-1108__20260503-left-4__20260503_180429.npz
6users_left,ghd1108,left,ghd1108_0503_left,ghd-1108__20260503-left-4__20260503_180644.npz
6users_left,ghd1108,left,ghd1108_0503_left,ghd-1108__20260503-left-4__20260503_180901.npz
6users_left,ghd1108,left,ghd1108_0503_left,ghd-1108__20260503-left-4__20260503_181115.npz
6users_left,ghd1108,left,ghd1108_0503_left,ghd-1108__20260503-left-4__20260503_181331.npz
6users_left,ghd1108,left,ghd1108_0503_left,ghd-1108__20260503-left-4__20260503_182107.npz
6users_left,ghd1108,left,ghd1108_0503_left,ghd-1108__20260503-left-4__20260503_182321.npz
6users_left,ghd1108,left,ghd1108_0503_left,ghd-1108__20260503-left-4__20260503_182538.npz
6users_left,ghd1108,left,ghd1108_0503_left,ghd-1108__20260503-left-4__20260503_182752.npz
6users_left,ghd1108,left,ghd1108_0503_left,ghd-1108__20260503-left-4__20260503_183553.npz
6users_left,ghd1108,left,ghd1108_0503_left,ghd-1108__20260503-left__20260503_104012.npz
6users_left,ghd1108,left,ghd1108_0503_left,ghd-1108__20260503-left__20260503_104311.npz
6users_left,ghd1108,left,ghd1108_0503_left,ghd-1108__20260503-left__20260503_104634.npz
6users_left,ghd1108,left,ghd1108_0503_left,ghd-1108__20260503-left__20260503_104852.npz
6users_left,ghd1108,left,ghd1108_0503_left,ghd-1108__20260503-left__20260503_105130.npz
6users_left,ghd1108,left,ghd1108_0503_left,ghd-1108__20260503-left__20260503_105526.npz
6users_left,ghd1108,left,ghd1108_0503_left,ghd-1108__20260503-left__20260503_105744.npz
6users_left,ghd1108,left,ghd1108_0503_left,ghd-1108__20260503-left__20260503_110006.npz
6users_left,ghd1108,left,ghd1108_0503_left,ghd-1108__20260503-left__20260503_110228.npz
6users_left,ghd1108,left,ghd1108_0503_left,ghd-1108__20260503-left__20260503_110450.npz
6users_left,ghd1108,left,ghd1108_0503_left,ghd-1108__20260503-left__20260503_110721.npz
6users_left,ghd1108,left,ghd1108_0503_left,ghd-1108__20260503-left__20260503_111115.npz
6users_left,ghd1108,left,ghd1108_0503_left,ghd-1108__20260503-left__20260503_111331.npz
6users_left,ghd1108,left,ghd1108_0503_left,ghd-1108__20260503-left__20260503_111602.npz
6users_left,ghd1108,left,ghd1108_0503_left,ghd-1108__20260503-left__20260503_112025.npz
6users_left,ghd1108,left,ghd1108_0503_left,ghd-1108__20260503-left__20260503_112410.npz
6users_left,ghd1108,left,ghd1108_0503_left,ghd-1108__20260503-left__20260503_112727.npz
6users_left,ghd1108,left,ghd1108_0503_left,ghd-1108__20260503-left__20260503_112959.npz
6users_left,ghd1108,left,ghd1108_0503_left,ghd-1108__20260503-left__20260503_113225.npz
6users_left,ghd1108,left,ghd1108_0503_left,ghd-1108__20260503-left__20260503_113441.npz
6users_left,ghd1108,left,ghd1108_0503_left,ghd-1108__20260503-left__20260503_120124.npz
6users_left,ghd1108,left,ghd1108_0503_left,ghd-1108__20260503-left__20260503_120341.npz
6users_left,ghd1108,left,ghd1108_0503_left,ghd-1108__20260503-left__20260503_120554.npz
6users_left,ghd1108,left,ghd1108_0503_left,ghd-1108__20260503-left__20260503_120809.npz
6users_left,ghd1108,left,ghd1108_0503_left,ghd-1108__20260503-left__20260503_121023.npz
6users_left,ghd1108,left,ghd1108_0503_left,ghd-1108__20260503-left__20260503_121236.npz
6users_left,ghd1108,left,ghd1108_0503_left,ghd-1108__20260503-left__20260503_121450.npz
6users_left,ghd1108,left,ghd1108_0503_left,ghd-1108__20260503-left__20260503_121704.npz
6users_left,ghd1108,left,ghd1108_0503_left,ghd-1108__20260503-left__20260503_121918.npz
6users_left,ghd1108,left,ghd1108_0503_left,ghd-1108__20260503-left__20260503_122131.npz
6users_left,ghd1108,left,ghd1108_0505_left,ghd-1108__20260505-left-2__20260505_155817.npz
6users_left,ghd1108,left,ghd1108_0505_left,ghd-1108__20260505-left-2__20260505_160029.npz
6users_left,ghd1108,left,ghd1108_0505_left,ghd-1108__20260505-left-2__20260505_160244.npz
6users_left,ghd1108,left,ghd1108_0505_left,ghd-1108__20260505-left-2__20260505_160500.npz
6users_left,ghd1108,left,ghd1108_0505_left,ghd-1108__20260505-left-2__20260505_160715.npz
6users_left,ghd1108,left,ghd1108_0505_left,ghd-1108__20260505-left-2__20260505_160931.npz
6users_left,ghd1108,left,ghd1108_0505_left,ghd-1108__20260505-left-2__20260505_161144.npz
6users_left,ghd1108,left,ghd1108_0505_left,ghd-1108__20260505-left-2__20260505_161359.npz
6users_left,ghd1108,left,ghd1108_0505_left,ghd-1108__20260505-left-2__20260505_161613.npz
6users_left,ghd1108,left,ghd1108_0505_left,ghd-1108__20260505-left-2__20260505_161829.npz
6users_left,ghd1108,left,ghd1108_0505_left,ghd-1108__20260505-left-2__20260505_162053.npz
6users_left,ghd1108,left,ghd1108_0505_left,ghd-1108__20260505-left-2__20260505_162311.npz
6users_left,ghd1108,left,ghd1108_0505_left,ghd-1108__20260505-left-2__20260505_162525.npz
6users_left,ghd1108,left,ghd1108_0505_left,ghd-1108__20260505-left-2__20260505_162740.npz
6users_left,ghd1108,left,ghd1108_0505_left,ghd-1108__20260505-left-2__20260505_162956.npz
6users_left,ghd1108,left,ghd1108_0505_left,ghd-1108__20260505-left-3__20260505_163229.npz
6users_left,ghd1108,left,ghd1108_0505_left,ghd-1108__20260505-left-3__20260505_163444.npz
6users_left,ghd1108,left,ghd1108_0505_left,ghd-1108__20260505-left-3__20260505_163656.npz
6users_left,ghd1108,left,ghd1108_0505_left,ghd-1108__20260505-left-3__20260505_163930.npz
6users_left,ghd1108,left,ghd1108_0505_left,ghd-1108__20260505-left-3__20260505_164150.npz
6users_left,ghd1108,left,ghd1108_0505_left,ghd-1108__20260505-left-3__20260505_164405.npz
6users_left,ghd1108,left,ghd1108_0505_left,ghd-1108__20260505-left-3__20260505_164619.npz
6users_left,ghd1108,left,ghd1108_0505_left,ghd-1108__20260505-left-3__20260505_164834.npz
6users_left,ghd1108,left,ghd1108_0505_left,ghd-1108__20260505-left-3__20260505_165047.npz
6users_left,ghd1108,left,ghd1108_0505_left,ghd-1108__20260505-left-3__20260505_165303.npz
6users_left,ghd1108,left,ghd1108_0505_left,ghd-1108__20260505-left-4__20260505_174259.npz
6users_left,ghd1108,left,ghd1108_0505_left,ghd-1108__20260505-left-4__20260505_174513.npz
6users_left,ghd1108,left,ghd1108_0505_left,ghd-1108__20260505-left-4__20260505_174748.npz
6users_left,ghd1108,left,ghd1108_0505_left,ghd-1108__20260505-left-4__20260505_175002.npz
6users_left,ghd1108,left,ghd1108_0505_left,ghd-1108__20260505-left-4__20260505_175218.npz
6users_left,ghd1108,left,ghd1108_0505_left,ghd-1108__20260505-left-4__20260505_175432.npz
6users_left,ghd1108,left,ghd1108_0505_left,ghd-1108__20260505-left-4__20260505_175646.npz
6users_left,ghd1108,left,ghd1108_0505_left,ghd-1108__20260505-left-4__20260505_175902.npz
6users_left,ghd1108,left,ghd1108_0505_left,ghd-1108__20260505-left-4__20260505_180115.npz
6users_left,ghd1108,left,ghd1108_0505_left,ghd-1108__20260505-left-4__20260505_180353.npz
6users_left,ghd1108,left,ghd1108_0505_left,ghd-1108__20260505-left-4__20260505_180606.npz
6users_left,ghd1108,left,ghd1108_0505_left,ghd-1108__20260505-left-4__20260505_180838.npz
6users_left,ghd1108,left,ghd1108_0505_left,ghd-1108__20260505-left-4__20260505_181051.npz
6users_left,ghd1108,left,ghd1108_0505_left,ghd-1108__20260505-left-4__20260505_181328.npz
6users_left,ghd1108,left,ghd1108_0505_left,ghd-1108__20260505-left-4__20260505_181541.npz
6users_left,ghd1108,left,ghd1108_0505_left,ghd-1108__20260505-left-4__20260505_181806.npz
6users_left,ghd1108,left,ghd1108_0505_left,ghd-1108__20260505-left-4__20260505_182027.npz
6users_left,ghd1108,left,ghd1108_0505_left,ghd-1108__20260505-left-4__20260505_182244.npz
6users_left,ghd1108,left,ghd1108_0505_left,ghd-1108__20260505-left-4__20260505_182505.npz
6users_left,ghd1108,left,ghd1108_0505_left,ghd-1108__20260505-left-4__20260505_182719.npz
6users_left,ghd1108,left,ghd1108_0505_left,ghd-1108__20260505-left-5__20260505_183003.npz
6users_left,ghd1108,left,ghd1108_0505_left,ghd-1108__20260505-left-5__20260505_183228.npz
6users_left,ghd1108,left,ghd1108_0505_left,ghd-1108__20260505-left-5__20260505_183547.npz
6users_left,ghd1108,left,ghd1108_0505_left,ghd-1108__20260505-left-5__20260505_183801.npz
6users_left,ghd1108,left,ghd1108_0505_left,ghd-1108__20260505-left-5__20260505_184013.npz
6users_left,ghd1108,left,ghd1108_0505_left,ghd-1108__20260505-left-5__20260505_184243.npz
6users_left,ghd1108,left,ghd1108_0505_left,ghd-1108__20260505-left-5__20260505_184458.npz
6users_left,ghd1108,left,ghd1108_0505_left,ghd-1108__20260505-left-5__20260505_184953.npz
6users_left,ghd1108,left,ghd1108_0505_left,ghd-1108__20260505-left-5__20260505_185207.npz
6users_left,ghd1108,left,ghd1108_0505_left,ghd-1108__20260505-left-5__20260505_185704.npz
6users_left,ghd1108,left,ghd1108_0505_left,ghd-1108__20260505-left__20260505_150848.npz
6users_left,ghd1108,left,ghd1108_0505_left,ghd-1108__20260505-left__20260505_151101.npz
6users_left,ghd1108,left,ghd1108_0505_left,ghd-1108__20260505-left__20260505_151315.npz
6users_left,ghd1108,left,ghd1108_0505_left,ghd-1108__20260505-left__20260505_151532.npz
6users_left,ghd1108,left,ghd1108_0505_left,ghd-1108__20260505-left__20260505_151808.npz
6users_left,ghd1108,left,ghd1108_0505_left,ghd-1108__20260505-left__20260505_152024.npz
6users_left,ghd1108,left,ghd1108_0505_left,ghd-1108__20260505-left__20260505_152526.npz
6users_left,ghd1108,left,ghd1108_0505_left,ghd-1108__20260505-left__20260505_152821.npz
6users_left,ghd1108,left,ghd1108_0505_left,ghd-1108__20260505-left__20260505_153037.npz
6users_left,ghd1108,left,ghd1108_0505_left,ghd-1108__20260505-left__20260505_153250.npz
6users_left,ghd1108,left,ghd1108_0505_left,ghd-1108__20260505-left__20260505_153506.npz
6users_left,ghd1108,left,ghd1108_0505_left,ghd-1108__20260505-left__20260505_153719.npz
6users_left,ghd1108,left,ghd1108_0505_left,ghd-1108__20260505-left__20260505_153933.npz
6users_left,ghd1108,left,ghd1108_0505_left,ghd-1108__20260505-left__20260505_154145.npz
6users_left,ghd1108,left,ghd1108_0505_left,ghd-1108__20260505-left__20260505_154359.npz
6users_left,hzy1217,left,hzy1217_0501_run1,hzy-1217__20260501-left-2__20260501_125849.npz
6users_left,hzy1217,left,hzy1217_0501_run1,hzy-1217__20260501-left-2__20260501_130110.npz
6users_left,hzy1217,left,hzy1217_0501_run1,hzy-1217__20260501-left-2__20260501_130328.npz
6users_left,hzy1217,left,hzy1217_0501_run1,hzy-1217__20260501-left-2__20260501_130545.npz
6users_left,hzy1217,left,hzy1217_0501_run1,hzy-1217__20260501-left-2__20260501_130805.npz
6users_left,hzy1217,left,hzy1217_0501_run1,hzy-1217__20260501-left-2__20260501_131024.npz
6users_left,hzy1217,left,hzy1217_0501_run1,hzy-1217__20260501-left-2__20260501_131245.npz
6users_left,hzy1217,left,hzy1217_0501_run1,hzy-1217__20260501-left-2__20260501_131503.npz
6users_left,hzy1217,left,hzy1217_0501_run1,hzy-1217__20260501-left-2__20260501_131719.npz
6users_left,hzy1217,left,hzy1217_0501_run1,hzy-1217__20260501-left-2__20260501_131948.npz
6users_left,hzy1217,left,hzy1217_0501_run1,hzy-1217__20260501-left-2__20260501_132211.npz
6users_left,hzy1217,left,hzy1217_0501_run1,hzy-1217__20260501-left-2__20260501_132432.npz
6users_left,hzy1217,left,hzy1217_0501_run1,hzy-1217__20260501-left-2__20260501_132652.npz
6users_left,hzy1217,left,hzy1217_0501_run1,hzy-1217__20260501-left-2__20260501_132910.npz
6users_left,hzy1217,left,hzy1217_0501_run1,hzy-1217__20260501-left-2__20260501_133127.npz
6users_left,hzy1217,left,hzy1217_0501_run1,hzy-1217__20260501-left-2__20260501_133345.npz
6users_left,hzy1217,left,hzy1217_0501_run1,hzy-1217__20260501-left-2__20260501_133607.npz
6users_left,hzy1217,left,hzy1217_0501_run1,hzy-1217__20260501-left-2__20260501_133835.npz
6users_left,hzy1217,left,hzy1217_0501_run1,hzy-1217__20260501-left-2__20260501_134053.npz
6users_left,hzy1217,left,hzy1217_0501_run1,hzy-1217__20260501-left-2__20260501_134350.npz
6users_left,hzy1217,left,hzy1217_0501_run1,hzy-1217__20260501-left-3__20260501_134749.npz
6users_left,hzy1217,left,hzy1217_0501_run1,hzy-1217__20260501-left-3__20260501_135006.npz
6users_left,hzy1217,left,hzy1217_0501_run1,hzy-1217__20260501-left-3__20260501_135223.npz
6users_left,hzy1217,left,hzy1217_0501_run1,hzy-1217__20260501-left-3__20260501_135445.npz
6users_left,hzy1217,left,hzy1217_0501_run1,hzy-1217__20260501-left-3__20260501_135700.npz
6users_left,hzy1217,left,hzy1217_0501_run1,hzy-1217__20260501-left-3__20260501_135929.npz
6users_left,hzy1217,left,hzy1217_0501_run1,hzy-1217__20260501-left-3__20260501_140149.npz
6users_left,hzy1217,left,hzy1217_0501_run1,hzy-1217__20260501-left-3__20260501_140413.npz
6users_left,hzy1217,left,hzy1217_0501_run1,hzy-1217__20260501-left-3__20260501_140631.npz
6users_left,hzy1217,left,hzy1217_0501_run1,hzy-1217__20260501-left-3__20260501_140911.npz
6users_left,hzy1217,left,hzy1217_0501_run1,hzy-1217__20260501-left-3__20260501_141134.npz
6users_left,hzy1217,left,hzy1217_0501_run1,hzy-1217__20260501-left-3__20260501_141351.npz
6users_left,hzy1217,left,hzy1217_0501_run1,hzy-1217__20260501-left-3__20260501_141614.npz
6users_left,hzy1217,left,hzy1217_0501_run1,hzy-1217__20260501-left-3__20260501_141833.npz
6users_left,hzy1217,left,hzy1217_0501_run1,hzy-1217__20260501-left-3__20260501_142053.npz
6users_left,hzy1217,left,hzy1217_0501_run1,hzy-1217__20260501-left-3__20260501_142309.npz
6users_left,hzy1217,left,hzy1217_0501_run1,hzy-1217__20260501-left-3__20260501_142543.npz
6users_left,hzy1217,left,hzy1217_0501_run1,hzy-1217__20260501-left-3__20260501_142759.npz
6users_left,hzy1217,left,hzy1217_0501_run1,hzy-1217__20260501-left-3__20260501_143014.npz
6users_left,hzy1217,left,hzy1217_0501_run1,hzy-1217__20260501-left-3__20260501_143231.npz
6users_left,hzy1217,left,hzy1217_0501_run1,hzy-1217__20260501-left-3__20260501_143445.npz
6users_left,hzy1217,left,hzy1217_0501_run1,hzy-1217__20260501-left-3__20260501_143719.npz
6users_left,hzy1217,left,hzy1217_0501_run1,hzy-1217__20260501-left-3__20260501_143934.npz
6users_left,hzy1217,left,hzy1217_0501_run1,hzy-1217__20260501-left-3__20260501_144153.npz
6users_left,hzy1217,left,hzy1217_0501_run1,hzy-1217__20260501-left-3__20260501_144408.npz
6users_left,hzy1217,left,hzy1217_0501_run1,hzy-1217__20260501-left-3__20260501_144630.npz
6users_left,hzy1217,left,hzy1217_0501_run1,hzy-1217__20260501-left-3__20260501_144845.npz
6users_left,hzy1217,left,hzy1217_0501_run1,hzy-1217__20260501-left-3__20260501_145151.npz
6users_left,hzy1217,left,hzy1217_0501_run1,hzy-1217__20260501-left-3__20260501_145425.npz
6users_left,hzy1217,left,hzy1217_0501_run1,hzy-1217__20260501-left-3__20260501_145653.npz
6users_left,hzy1217,left,hzy1217_0501_run1,hzy-1217__20260501-left-4__20260501_150329.npz
6users_left,hzy1217,left,hzy1217_0501_run1,hzy-1217__20260501-left-4__20260501_150550.npz
6users_left,hzy1217,left,hzy1217_0501_run1,hzy-1217__20260501-left-4__20260501_150829.npz
6users_left,hzy1217,left,hzy1217_0501_run1,hzy-1217__20260501-left-4__20260501_151045.npz
6users_left,hzy1217,left,hzy1217_0501_run1,hzy-1217__20260501-left-4__20260501_151301.npz
6users_left,hzy1217,left,hzy1217_0501_run1,hzy-1217__20260501-left-4__20260501_151515.npz
6users_left,hzy1217,left,hzy1217_0501_run1,hzy-1217__20260501-left-4__20260501_151730.npz
6users_left,hzy1217,left,hzy1217_0501_run1,hzy-1217__20260501-left-4__20260501_151943.npz
6users_left,hzy1217,left,hzy1217_0501_run1,hzy-1217__20260501-left-4__20260501_152157.npz
6users_left,hzy1217,left,hzy1217_0501_run1,hzy-1217__20260501-left-4__20260501_152412.npz
6users_left,hzy1217,left,hzy1217_0501_run1,hzy-1217__20260501-left-4__20260501_152633.npz
6users_left,hzy1217,left,hzy1217_0501_run1,hzy-1217__20260501-left-4__20260501_152848.npz
6users_left,hzy1217,left,hzy1217_0501_run1,hzy-1217__20260501-left-4__20260501_153106.npz
6users_left,hzy1217,left,hzy1217_0501_run1,hzy-1217__20260501-left-4__20260501_153319.npz
6users_left,hzy1217,left,hzy1217_0501_run1,hzy-1217__20260501-left-4__20260501_153533.npz
6users_left,hzy1217,left,hzy1217_0501_run1,hzy-1217__20260501-left-4__20260501_153749.npz
6users_left,hzy1217,left,hzy1217_0501_run1,hzy-1217__20260501-left-4__20260501_154009.npz
6users_left,hzy1217,left,hzy1217_0501_run1,hzy-1217__20260501-left-4__20260501_154227.npz
6users_left,hzy1217,left,hzy1217_0501_run1,hzy-1217__20260501-left-4__20260501_154454.npz
6users_left,hzy1217,left,hzy1217_0501_run1,hzy-1217__20260501-left-4__20260501_154707.npz
6users_left,hzy1217,left,hzy1217_0501_run1,hzy-1217__20260501-left-4__20260501_154920.npz
6users_left,hzy1217,left,hzy1217_0501_run1,hzy-1217__20260501-left-4__20260501_155136.npz
6users_left,hzy1217,left,hzy1217_0501_run1,hzy-1217__20260501-left-4__20260501_155351.npz
6users_left,hzy1217,left,hzy1217_0501_run1,hzy-1217__20260501-left-4__20260501_155605.npz
6users_left,hzy1217,left,hzy1217_0501_run1,hzy-1217__20260501-left-4__20260501_155840.npz
6users_left,hzy1217,left,hzy1217_0501_run1,hzy-1217__20260501-left-4__20260501_160054.npz
6users_left,hzy1217,left,hzy1217_0501_run1,hzy-1217__20260501-left-4__20260501_160308.npz
6users_left,hzy1217,left,hzy1217_0501_run1,hzy-1217__20260501-left-4__20260501_160524.npz
6users_left,hzy1217,left,hzy1217_0501_run1,hzy-1217__20260501-left-4__20260501_160743.npz
6users_left,hzy1217,left,hzy1217_0501_run1,hzy-1217__20260501-left-4__20260501_160959.npz
6users_left,hzy1217,left,hzy1217_0501_run1,hzy-1217__20260501-left-5__20260501_162716.npz
6users_left,hzy1217,left,hzy1217_0501_run1,hzy-1217__20260501-left-5__20260501_162934.npz
6users_left,hzy1217,left,hzy1217_0501_run1,hzy-1217__20260501-left-5__20260501_163150.npz
6users_left,hzy1217,left,hzy1217_0501_run1,hzy-1217__20260501-left-5__20260501_163408.npz
6users_left,hzy1217,left,hzy1217_0501_run1,hzy-1217__20260501-left-5__20260501_163625.npz
6users_left,hzy1217,left,hzy1217_0501_run1,hzy-1217__20260501-left-5__20260501_163840.npz
6users_left,hzy1217,left,hzy1217_0501_run1,hzy-1217__20260501-left-5__20260501_164054.npz
6users_left,hzy1217,left,hzy1217_0501_run1,hzy-1217__20260501-left-5__20260501_164425.npz
6users_left,hzy1217,left,hzy1217_0501_run1,hzy-1217__20260501-left-5__20260501_164640.npz
6users_left,hzy1217,left,hzy1217_0501_run1,hzy-1217__20260501-left-5__20260501_164854.npz
6users_left,hzy1217,left,hzy1217_0501_run1,hzy-1217__20260501-left-5__20260501_165115.npz
6users_left,hzy1217,left,hzy1217_0501_run1,hzy-1217__20260501-left-5__20260501_165332.npz
6users_left,hzy1217,left,hzy1217_0501_run1,hzy-1217__20260501-left-5__20260501_165551.npz
6users_left,hzy1217,left,hzy1217_0501_run1,hzy-1217__20260501-left-5__20260501_165831.npz
6users_left,hzy1217,left,hzy1217_0501_run1,hzy-1217__20260501-left-5__20260501_170123.npz
6users_left,hzy1217,left,hzy1217_0501_run1,hzy-1217__20260501-left-5__20260501_170336.npz
6users_left,hzy1217,left,hzy1217_0501_run1,hzy-1217__20260501-left-5__20260501_170550.npz
6users_left,hzy1217,left,hzy1217_0501_run1,hzy-1217__20260501-left-5__20260501_170826.npz
6users_left,hzy1217,left,hzy1217_0501_run1,hzy-1217__20260501-left-5__20260501_171041.npz
6users_left,hzy1217,left,hzy1217_0501_run1,hzy-1217__20260501-left-5__20260501_171256.npz
6users_left,hzy1217,left,hzy1217_0501_run1,hzy-1217__20260501-left-6__20260501_171558.npz
6users_left,hzy1217,left,hzy1217_0501_run1,hzy-1217__20260501-left-6__20260501_171813.npz
6users_left,hzy1217,left,hzy1217_0501_run1,hzy-1217__20260501-left-6__20260501_172028.npz
6users_left,hzy1217,left,hzy1217_0501_run1,hzy-1217__20260501-left-6__20260501_172246.npz
6users_left,hzy1217,left,hzy1217_0501_run1,hzy-1217__20260501-left-6__20260501_172501.npz
6users_left,hzy1217,left,hzy1217_0501_run1,hzy-1217__20260501-left-6__20260501_172718.npz
6users_left,hzy1217,left,hzy1217_0501_run1,hzy-1217__20260501-left-6__20260501_172933.npz
6users_left,hzy1217,left,hzy1217_0501_run1,hzy-1217__20260501-left-6__20260501_173147.npz
6users_left,hzy1217,left,hzy1217_0501_run1,hzy-1217__20260501-left-6__20260501_173413.npz
6users_left,hzy1217,left,hzy1217_0501_run1,hzy-1217__20260501-left-6__20260501_173641.npz
6users_left,hzy1217,left,hzy1217_0501_run1,hzy-1217__20260501-left__20260501_114604.npz
6users_left,hzy1217,left,hzy1217_0501_run1,hzy-1217__20260501-left__20260501_114832.npz
6users_left,hzy1217,left,hzy1217_0501_run1,hzy-1217__20260501-left__20260501_115050.npz
6users_left,hzy1217,left,hzy1217_0501_run1,hzy-1217__20260501-left__20260501_115312.npz
6users_left,hzy1217,left,hzy1217_0501_run1,hzy-1217__20260501-left__20260501_115539.npz
6users_left,hzy1217,left,hzy1217_0501_run1,hzy-1217__20260501-left__20260501_115804.npz
6users_left,hzy1217,left,hzy1217_0501_run1,hzy-1217__20260501-left__20260501_120033.npz
6users_left,hzy1217,left,hzy1217_0501_run1,hzy-1217__20260501-left__20260501_120247.npz
6users_left,hzy1217,left,hzy1217_0501_run1,hzy-1217__20260501-left__20260501_120526.npz
6users_left,hzy1217,left,hzy1217_0501_run1,hzy-1217__20260501-left__20260501_120743.npz
6users_left,hzy1217,left,hzy1217_0503_left,hzy-1217__20260503-left-2__20260503_130952.npz
6users_left,hzy1217,left,hzy1217_0503_left,hzy-1217__20260503-left-2__20260503_131221.npz
6users_left,hzy1217,left,hzy1217_0503_left,hzy-1217__20260503-left-2__20260503_131454.npz
6users_left,hzy1217,left,hzy1217_0503_left,hzy-1217__20260503-left-2__20260503_131825.npz
6users_left,hzy1217,left,hzy1217_0503_left,hzy-1217__20260503-left-2__20260503_132039.npz
6users_left,hzy1217,left,hzy1217_0503_left,hzy-1217__20260503-left-2__20260503_132253.npz
6users_left,hzy1217,left,hzy1217_0503_left,hzy-1217__20260503-left-2__20260503_132523.npz
6users_left,hzy1217,left,hzy1217_0503_left,hzy-1217__20260503-left-2__20260503_132754.npz
6users_left,hzy1217,left,hzy1217_0503_left,hzy-1217__20260503-left-2__20260503_133025.npz
6users_left,hzy1217,left,hzy1217_0503_left,hzy-1217__20260503-left-2__20260503_133239.npz
6users_left,hzy1217,left,hzy1217_0503_left,hzy-1217__20260503-left-2__20260503_133457.npz
6users_left,hzy1217,left,hzy1217_0503_left,hzy-1217__20260503-left-2__20260503_133710.npz
6users_left,hzy1217,left,hzy1217_0503_left,hzy-1217__20260503-left-2__20260503_133926.npz
6users_left,hzy1217,left,hzy1217_0503_left,hzy-1217__20260503-left-2__20260503_134154.npz
6users_left,hzy1217,left,hzy1217_0503_left,hzy-1217__20260503-left-2__20260503_134410.npz
6users_left,hzy1217,left,hzy1217_0503_left,hzy-1217__20260503-left-2__20260503_134623.npz
6users_left,hzy1217,left,hzy1217_0503_left,hzy-1217__20260503-left-2__20260503_134837.npz
6users_left,hzy1217,left,hzy1217_0503_left,hzy-1217__20260503-left-2__20260503_135058.npz
6users_left,hzy1217,left,hzy1217_0503_left,hzy-1217__20260503-left-2__20260503_135323.npz
6users_left,hzy1217,left,hzy1217_0503_left,hzy-1217__20260503-left-2__20260503_135537.npz
6users_left,hzy1217,left,hzy1217_0503_left,hzy-1217__20260503-left-3__20260503_141759.npz
6users_left,hzy1217,left,hzy1217_0503_left,hzy-1217__20260503-left-3__20260503_142012.npz
6users_left,hzy1217,left,hzy1217_0503_left,hzy-1217__20260503-left-3__20260503_142227.npz
6users_left,hzy1217,left,hzy1217_0503_left,hzy-1217__20260503-left-3__20260503_142445.npz
6users_left,hzy1217,left,hzy1217_0503_left,hzy-1217__20260503-left-3__20260503_142710.npz
6users_left,hzy1217,left,hzy1217_0503_left,hzy-1217__20260503-left-3__20260503_142934.npz
6users_left,hzy1217,left,hzy1217_0503_left,hzy-1217__20260503-left-3__20260503_143150.npz
6users_left,hzy1217,left,hzy1217_0503_left,hzy-1217__20260503-left-3__20260503_143414.npz
6users_left,hzy1217,left,hzy1217_0503_left,hzy-1217__20260503-left-3__20260503_143641.npz
6users_left,hzy1217,left,hzy1217_0503_left,hzy-1217__20260503-left-3__20260503_143857.npz
6users_left,hzy1217,left,hzy1217_0503_left,hzy-1217__20260503-left-3__20260503_144144.npz
6users_left,hzy1217,left,hzy1217_0503_left,hzy-1217__20260503-left-3__20260503_144405.npz
6users_left,hzy1217,left,hzy1217_0503_left,hzy-1217__20260503-left-3__20260503_144653.npz
6users_left,hzy1217,left,hzy1217_0503_left,hzy-1217__20260503-left-3__20260503_144928.npz
6users_left,hzy1217,left,hzy1217_0503_left,hzy-1217__20260503-left-3__20260503_145153.npz
6users_left,hzy1217,left,hzy1217_0503_left,hzy-1217__20260503-left-3__20260503_145407.npz
6users_left,hzy1217,left,hzy1217_0503_left,hzy-1217__20260503-left-3__20260503_145619.npz
6users_left,hzy1217,left,hzy1217_0503_left,hzy-1217__20260503-left-3__20260503_145832.npz
6users_left,hzy1217,left,hzy1217_0503_left,hzy-1217__20260503-left-3__20260503_150114.npz
6users_left,hzy1217,left,hzy1217_0503_left,hzy-1217__20260503-left-3__20260503_150334.npz
6users_left,hzy1217,left,hzy1217_0503_left,hzy-1217__20260503-left-4__20260503_150954.npz
6users_left,hzy1217,left,hzy1217_0503_left,hzy-1217__20260503-left-4__20260503_151207.npz
6users_left,hzy1217,left,hzy1217_0503_left,hzy-1217__20260503-left-4__20260503_151448.npz
6users_left,hzy1217,left,hzy1217_0503_left,hzy-1217__20260503-left-4__20260503_151708.npz
6users_left,hzy1217,left,hzy1217_0503_left,hzy-1217__20260503-left-4__20260503_151925.npz
6users_left,hzy1217,left,hzy1217_0503_left,hzy-1217__20260503-left-4__20260503_152137.npz
6users_left,hzy1217,left,hzy1217_0503_left,hzy-1217__20260503-left-4__20260503_152351.npz
6users_left,hzy1217,left,hzy1217_0503_left,hzy-1217__20260503-left-4__20260503_152603.npz
6users_left,hzy1217,left,hzy1217_0503_left,hzy-1217__20260503-left-4__20260503_152821.npz
6users_left,hzy1217,left,hzy1217_0503_left,hzy-1217__20260503-left-4__20260503_153113.npz
6users_left,hzy1217,left,hzy1217_0503_left,hzy-1217__20260503-left-4__20260503_153330.npz
6users_left,hzy1217,left,hzy1217_0503_left,hzy-1217__20260503-left-4__20260503_153603.npz
6users_left,hzy1217,left,hzy1217_0503_left,hzy-1217__20260503-left-5__20260503_160401.npz
6users_left,hzy1217,left,hzy1217_0503_left,hzy-1217__20260503-left-5__20260503_160641.npz
6users_left,hzy1217,left,hzy1217_0503_left,hzy-1217__20260503-left-5__20260503_160915.npz
6users_left,hzy1217,left,hzy1217_0503_left,hzy-1217__20260503-left-5__20260503_161130.npz
6users_left,hzy1217,left,hzy1217_0503_left,hzy-1217__20260503-left-5__20260503_161344.npz
6users_left,hzy1217,left,hzy1217_0503_left,hzy-1217__20260503-left-5__20260503_161557.npz
6users_left,hzy1217,left,hzy1217_0503_left,hzy-1217__20260503-left-5__20260503_161811.npz
6users_left,hzy1217,left,hzy1217_0503_left,hzy-1217__20260503-left-5__20260503_162026.npz
6users_left,hzy1217,left,hzy1217_0503_left,hzy-1217__20260503-left-5__20260503_162239.npz
6users_left,hzy1217,left,hzy1217_0503_left,hzy-1217__20260503-left-5__20260503_162451.npz
6users_left,hzy1217,left,hzy1217_0503_left,hzy-1217__20260503-left-5__20260503_162705.npz
6users_left,hzy1217,left,hzy1217_0503_left,hzy-1217__20260503-left-5__20260503_162919.npz
6users_left,hzy1217,left,hzy1217_0503_left,hzy-1217__20260503-left-5__20260503_163133.npz
6users_left,hzy1217,left,hzy1217_0503_left,hzy-1217__20260503-left-5__20260503_163349.npz
6users_left,hzy1217,left,hzy1217_0503_left,hzy-1217__20260503-left-5__20260503_163605.npz
6users_left,hzy1217,left,hzy1217_0503_left,hzy-1217__20260503-left-5__20260503_163818.npz
6users_left,hzy1217,left,hzy1217_0503_left,hzy-1217__20260503-left-6__20260503_165637.npz
6users_left,hzy1217,left,hzy1217_0503_left,hzy-1217__20260503-left-6__20260503_165851.npz
6users_left,hzy1217,left,hzy1217_0503_left,hzy-1217__20260503-left-6__20260503_170106.npz
6users_left,hzy1217,left,hzy1217_0503_left,hzy-1217__20260503-left-6__20260503_170328.npz
6users_left,hzy1217,left,hzy1217_0503_left,hzy-1217__20260503-left-6__20260503_170542.npz
6users_left,hzy1217,left,hzy1217_0503_left,hzy-1217__20260503-left-6__20260503_171034.npz
6users_left,hzy1217,left,hzy1217_0503_left,hzy-1217__20260503-left-6__20260503_171359.npz
6users_left,hzy1217,left,hzy1217_0503_left,hzy-1217__20260503-left-6__20260503_171613.npz
6users_left,hzy1217,left,hzy1217_0503_left,hzy-1217__20260503-left-6__20260503_171829.npz
6users_left,hzy1217,left,hzy1217_0503_left,hzy-1217__20260503-left-6__20260503_172047.npz
6users_left,hzy1217,left,hzy1217_0503_left,hzy-1217__20260503-left-6__20260503_172323.npz
6users_left,hzy1217,left,hzy1217_0503_left,hzy-1217__20260503-left-6__20260503_172537.npz
6users_left,hzy1217,left,hzy1217_0503_left,hzy-1217__20260503-left-6__20260503_172752.npz
6users_left,hzy1217,left,hzy1217_0503_left,hzy-1217__20260503-left-6__20260503_173005.npz
6users_left,hzy1217,left,hzy1217_0503_left,hzy-1217__20260503-left-6__20260503_173218.npz
6users_left,hzy1217,left,hzy1217_0503_left,hzy-1217__20260503-left-6__20260503_173441.npz
6users_left,hzy1217,left,hzy1217_0503_left,hzy-1217__20260503-left-7__20260503_175326.npz
6users_left,hzy1217,left,hzy1217_0503_left,hzy-1217__20260503-left-7__20260503_175539.npz
6users_left,hzy1217,left,hzy1217_0503_left,hzy-1217__20260503-left-7__20260503_175755.npz
6users_left,hzy1217,left,hzy1217_0503_left,hzy-1217__20260503-left-8__20260503_180237.npz
6users_left,hzy1217,left,hzy1217_0503_left,hzy-1217__20260503-left-8__20260503_180449.npz
6users_left,hzy1217,left,hzy1217_0503_left,hzy-1217__20260503-left-8__20260503_180742.npz
6users_left,hzy1217,left,hzy1217_0503_left,hzy-1217__20260503-left-8__20260503_180955.npz
6users_left,hzy1217,left,hzy1217_0503_left,hzy-1217__20260503-left-8__20260503_181207.npz
6users_left,hzy1217,left,hzy1217_0503_left,hzy-1217__20260503-left-8__20260503_181421.npz
6users_left,hzy1217,left,hzy1217_0503_left,hzy-1217__20260503-left-8__20260503_181636.npz
6users_left,hzy1217,left,hzy1217_0503_left,hzy-1217__20260503-left-8__20260503_181847.npz
6users_left,hzy1217,left,hzy1217_0503_left,hzy-1217__20260503-left-8__20260503_182100.npz
6users_left,hzy1217,left,hzy1217_0503_left,hzy-1217__20260503-left-8__20260503_182314.npz
6users_left,hzy1217,left,hzy1217_0503_left,hzy-1217__20260503-left-8__20260503_182527.npz
6users_left,hzy1217,left,hzy1217_0503_left,hzy-1217__20260503-left-8__20260503_182754.npz
6users_left,hzy1217,left,hzy1217_0503_left,hzy-1217__20260503-left-8__20260503_183008.npz
6users_left,hzy1217,left,hzy1217_0503_left,hzy-1217__20260503-left__20260503_104553.npz
6users_left,hzy1217,left,hzy1217_0503_left,hzy-1217__20260503-left__20260503_104842.npz
6users_left,hzy1217,left,hzy1217_0503_left,hzy-1217__20260503-left__20260503_105104.npz
6users_left,hzy1217,left,hzy1217_0503_left,hzy-1217__20260503-left__20260503_105346.npz
6users_left,hzy1217,left,hzy1217_0503_left,hzy-1217__20260503-left__20260503_105609.npz
6users_left,hzy1217,left,hzy1217_0503_left,hzy-1217__20260503-left__20260503_105917.npz
6users_left,hzy1217,left,hzy1217_0503_left,hzy-1217__20260503-left__20260503_110146.npz
6users_left,hzy1217,left,hzy1217_0503_left,hzy-1217__20260503-left__20260503_110425.npz
6users_left,hzy1217,left,hzy1217_0503_left,hzy-1217__20260503-left__20260503_110645.npz
6users_left,hzy1217,left,hzy1217_0503_left,hzy-1217__20260503-left__20260503_110901.npz
6users_left,hzy1217,left,hzy1217_0503_left,hzy-1217__20260503-left__20260503_111120.npz
6users_left,hzy1217,left,hzy1217_0503_left,hzy-1217__20260503-left__20260503_111340.npz
6users_left,hzy1217,left,hzy1217_0503_left,hzy-1217__20260503-left__20260503_111618.npz
6users_left,hzy1217,left,hzy1217_0503_left,hzy-1217__20260503-left__20260503_111921.npz
6users_left,hzy1217,left,hzy1217_0503_left,hzy-1217__20260503-left__20260503_112144.npz
6users_left,hzy1217,left,hzy1217_0503_left,hzy-1217__20260503-left__20260503_112404.npz
6users_left,hzy1217,left,hzy1217_0503_left,hzy-1217__20260503-left__20260503_112804.npz
6users_left,hzy1217,left,hzy1217_0503_left,hzy-1217__20260503-left__20260503_113033.npz
6users_left,hzy1217,left,hzy1217_0503_left,hzy-1217__20260503-left__20260503_113246.npz
6users_left,hzy1217,left,hzy1217_0503_left,hzy-1217__20260503-left__20260503_113501.npz
6users_left,lsh0126,left,lsh0126_0501_run1,lsh-0126__20260501-left__20260501_172508.npz
6users_left,lsh0126,left,lsh0126_0501_run1,lsh-0126__20260501-left__20260501_172725.npz
6users_left,lsh0126,left,lsh0126_0501_run1,lsh-0126__20260501-left__20260501_172942.npz
6users_left,lsh0126,left,lsh0126_0501_run1,lsh-0126__20260501-left__20260501_173159.npz
6users_left,lsh0126,left,lsh0126_0501_run1,lsh-0126__20260501-left__20260501_173416.npz
6users_left,lsh0126,left,lsh0126_0501_run1,lsh-0126__20260501-left__20260501_173631.npz
6users_left,lsh0126,left,lsh0126_0501_run1,lsh-0126__20260501-left__20260501_173849.npz
6users_left,lsh0126,left,lsh0126_0501_run1,lsh-0126__20260501-left__20260501_174137.npz
6users_left,lsh0126,left,lsh0126_0501_run1,lsh-0126__20260501-left__20260501_174354.npz
6users_left,lsh0126,left,lsh0126_0501_run1,lsh-0126__20260501-left__20260501_174611.npz
6users_left,lsh0126,left,lsh0126_0502_left,lsh-0126__20260502-left-2__20260502_142141.npz
6users_left,lsh0126,left,lsh0126_0502_left,lsh-0126__20260502-left-3__20260502_161422.npz
6users_left,lsh0126,left,lsh0126_0502_left,lsh-0126__20260502-left-3__20260502_161642.npz
6users_left,lsh0126,left,lsh0126_0502_left,lsh-0126__20260502-left-3__20260502_161914.npz
6users_left,lsh0126,left,lsh0126_0502_left,lsh-0126__20260502-left-3__20260502_162155.npz
6users_left,lsh0126,left,lsh0126_0502_left,lsh-0126__20260502-left-3__20260502_162413.npz
6users_left,lsh0126,left,lsh0126_0502_left,lsh-0126__20260502-left__20260502_131448.npz
6users_left,lsh0126,left,lsh0126_0502_left,lsh-0126__20260502-left__20260502_131728.npz
6users_left,lsh0126,left,lsh0126_0502_left,lsh-0126__20260502-left__20260502_132002.npz
6users_left,lsh0126,left,lsh0126_0502_left,lsh-0126__20260502-left__20260502_132245.npz
6users_left,lsh0126,left,lsh0126_0502_left,lsh-0126__20260502-left__20260502_132510.npz
6users_left,lsh0126,left,lsh0126_0502_left,lsh-0126__20260502-left__20260502_132731.npz
6users_left,lsh0126,left,lsh0126_0502_left,lsh-0126__20260502-left__20260502_133040.npz
6users_left,lsh0126,left,lsh0126_0503_left,lsh-0126__20260503-left-2__20260503_112313.npz
6users_left,lsh0126,left,lsh0126_0503_left,lsh-0126__20260503-left-2__20260503_112532.npz
6users_left,lsh0126,left,lsh0126_0503_left,lsh-0126__20260503-left-2__20260503_112753.npz
6users_left,lsh0126,left,lsh0126_0503_left,lsh-0126__20260503-left-2__20260503_113218.npz
6users_left,lsh0126,left,lsh0126_0503_left,lsh-0126__20260503-left-2__20260503_113441.npz
6users_left,lsh0126,left,lsh0126_0503_left,lsh-0126__20260503-left-2__20260503_113706.npz
6users_left,lsh0126,left,lsh0126_0503_left,lsh-0126__20260503-left-2__20260503_113953.npz
6users_left,lsh0126,left,lsh0126_0503_left,lsh-0126__20260503-left-2__20260503_114211.npz
6users_left,lsh0126,left,lsh0126_0503_left,lsh-0126__20260503-left-2__20260503_114426.npz
6users_left,lsh0126,left,lsh0126_0503_left,lsh-0126__20260503-left-2__20260503_114647.npz
6users_left,lsh0126,left,lsh0126_0503_left,lsh-0126__20260503-left-2__20260503_114948.npz
6users_left,lsh0126,left,lsh0126_0503_left,lsh-0126__20260503-left-3__20260503_120023.npz
6users_left,lsh0126,left,lsh0126_0503_left,lsh-0126__20260503-left-4__20260503_130821.npz
6users_left,lsh0126,left,lsh0126_0503_left,lsh-0126__20260503-left-4__20260503_131144.npz
6users_left,lsh0126,left,lsh0126_0503_left,lsh-0126__20260503-left-4__20260503_131403.npz
6users_left,lsh0126,left,lsh0126_0503_left,lsh-0126__20260503-left-4__20260503_131621.npz
6users_left,lsh0126,left,lsh0126_0503_left,lsh-0126__20260503-left-4__20260503_131848.npz
6users_left,lsh0126,left,lsh0126_0503_left,lsh-0126__20260503-left-4__20260503_132110.npz
6users_left,lsh0126,left,lsh0126_0503_left,lsh-0126__20260503-left-4__20260503_132428.npz
6users_left,lsh0126,left,lsh0126_0503_left,lsh-0126__20260503-left-4__20260503_132645.npz
6users_left,lsh0126,left,lsh0126_0503_left,lsh-0126__20260503-left-4__20260503_132909.npz
6users_left,lsh0126,left,lsh0126_0503_left,lsh-0126__20260503-left-4__20260503_133129.npz
6users_left,lsh0126,left,lsh0126_0503_left,lsh-0126__20260503-left-4__20260503_133350.npz
6users_left,lsh0126,left,lsh0126_0503_left,lsh-0126__20260503-left-4__20260503_133607.npz
6users_left,lsh0126,left,lsh0126_0503_left,lsh-0126__20260503-left-4__20260503_133930.npz
6users_left,lsh0126,left,lsh0126_0503_left,lsh-0126__20260503-left-5__20260503_134457.npz
6users_left,lsh0126,left,lsh0126_0503_left,lsh-0126__20260503-left-5__20260503_134802.npz
6users_left,lsh0126,left,lsh0126_0503_left,lsh-0126__20260503-left-5__20260503_135037.npz
6users_left,lsh0126,left,lsh0126_0503_left,lsh-0126__20260503-left-5__20260503_135255.npz
6users_left,lsh0126,left,lsh0126_0503_left,lsh-0126__20260503-left-6__20260503_142007.npz
6users_left,lsh0126,left,lsh0126_0503_left,lsh-0126__20260503-left-6__20260503_142423.npz
6users_left,lsh0126,left,lsh0126_0503_left,lsh-0126__20260503-left-6__20260503_142641.npz
6users_left,lsh0126,left,lsh0126_0503_left,lsh-0126__20260503-left-6__20260503_142918.npz
6users_left,lsh0126,left,lsh0126_0503_left,lsh-0126__20260503-left-6__20260503_143136.npz
6users_left,lsh0126,left,lsh0126_0503_left,lsh-0126__20260503-left-6__20260503_143506.npz
6users_left,lsh0126,left,lsh0126_0503_left,lsh-0126__20260503-left-6__20260503_143725.npz
6users_left,lsh0126,left,lsh0126_0503_left,lsh-0126__20260503-left-6__20260503_143944.npz
6users_left,lsh0126,left,lsh0126_0503_left,lsh-0126__20260503-left-6__20260503_144216.npz
6users_left,lsh0126,left,lsh0126_0503_left,lsh-0126__20260503-left-6__20260503_144434.npz
6users_left,lsh0126,left,lsh0126_0503_left,lsh-0126__20260503-left-6__20260503_144700.npz
6users_left,lsh0126,left,lsh0126_0503_left,lsh-0126__20260503-left-6__20260503_144917.npz
6users_left,lsh0126,left,lsh0126_0503_left,lsh-0126__20260503-left-6__20260503_145151.npz
6users_left,lsh0126,left,lsh0126_0503_left,lsh-0126__20260503-left-6__20260503_145411.npz
6users_left,lsh0126,left,lsh0126_0503_left,lsh-0126__20260503-left-6__20260503_145645.npz
6users_left,lsh0126,left,lsh0126_0503_left,lsh-0126__20260503-left-6__20260503_150025.npz
6users_left,lsh0126,left,lsh0126_0503_left,lsh-0126__20260503-left-6__20260503_150253.npz
6users_left,lsh0126,left,lsh0126_0503_left,lsh-0126__20260503-left-6__20260503_150510.npz
6users_left,lsh0126,left,lsh0126_0503_left,lsh-0126__20260503-left-6__20260503_150728.npz
6users_left,lsh0126,left,lsh0126_0503_left,lsh-0126__20260503-left-6__20260503_151005.npz
6users_left,lsh0126,left,lsh0126_0503_left,lsh-0126__20260503-left-6__20260503_151326.npz
6users_left,lsh0126,left,lsh0126_0503_left,lsh-0126__20260503-left-6__20260503_151720.npz
6users_left,lsh0126,left,lsh0126_0503_left,lsh-0126__20260503-left-6__20260503_152050.npz
6users_left,lsh0126,left,lsh0126_0503_left,lsh-0126__20260503-left-6__20260503_152426.npz
6users_left,lsh0126,left,lsh0126_0503_left,lsh-0126__20260503-left-6__20260503_152714.npz
6users_left,lsh0126,left,lsh0126_0503_left,lsh-0126__20260503-left-6__20260503_153015.npz
6users_left,lsh0126,left,lsh0126_0503_left,lsh-0126__20260503-left-7__20260503_154531.npz
6users_left,lsh0126,left,lsh0126_0503_left,lsh-0126__20260503-left-7__20260503_154749.npz
6users_left,lsh0126,left,lsh0126_0503_left,lsh-0126__20260503-left-7__20260503_155010.npz
6users_left,lsh0126,left,lsh0126_0503_left,lsh-0126__20260503-left-7__20260503_155238.npz
6users_left,lsh0126,left,lsh0126_0503_left,lsh-0126__20260503-left-7__20260503_155500.npz
6users_left,lsh0126,left,lsh0126_0503_left,lsh-0126__20260503-left-7__20260503_155731.npz
6users_left,lsh0126,left,lsh0126_0503_left,lsh-0126__20260503-left-7__20260503_155953.npz
6users_left,lsh0126,left,lsh0126_0503_left,lsh-0126__20260503-left-7__20260503_160213.npz
6users_left,lsh0126,left,lsh0126_0503_left,lsh-0126__20260503-left-8__20260503_163939.npz
6users_left,lsh0126,left,lsh0126_0503_left,lsh-0126__20260503-left-8__20260503_164157.npz
6users_left,lsh0126,left,lsh0126_0503_left,lsh-0126__20260503-left-8__20260503_164414.npz
6users_left,lsh0126,left,lsh0126_0503_left,lsh-0126__20260503-left-8__20260503_164632.npz
6users_left,lsh0126,left,lsh0126_0503_left,lsh-0126__20260503-left-8__20260503_164851.npz
6users_left,lsh0126,left,lsh0126_0503_left,lsh-0126__20260503-left-8__20260503_165110.npz
6users_left,lsh0126,left,lsh0126_0503_left,lsh-0126__20260503-left-8__20260503_165413.npz
6users_left,lsh0126,left,lsh0126_0503_left,lsh-0126__20260503-left-8__20260503_165632.npz
6users_left,lsh0126,left,lsh0126_0503_left,lsh-0126__20260503-left-8__20260503_165853.npz
6users_left,lsh0126,left,lsh0126_0503_left,lsh-0126__20260503-left-8__20260503_170115.npz
6users_left,lsh0126,left,lsh0126_0503_left,lsh-0126__20260503-left-8__20260503_170338.npz
6users_left,lsh0126,left,lsh0126_0503_left,lsh-0126__20260503-left-8__20260503_170558.npz
6users_left,lsh0126,left,lsh0126_0503_left,lsh-0126__20260503-left-8__20260503_170817.npz
6users_left,lsh0126,left,lsh0126_0503_left,lsh-0126__20260503-left-8__20260503_171036.npz
6users_left,lsh0126,left,lsh0126_0503_left,lsh-0126__20260503-left-8__20260503_171257.npz
6users_left,lsh0126,left,lsh0126_0503_left,lsh-0126__20260503-left-8__20260503_171554.npz
6users_left,lsh0126,left,lsh0126_0503_left,lsh-0126__20260503-left-8__20260503_172047.npz
6users_left,lsh0126,left,lsh0126_0503_left,lsh-0126__20260503-left-8__20260503_172517.npz
6users_left,lsh0126,left,lsh0126_0503_left,lsh-0126__20260503-left-8__20260503_172740.npz
6users_left,lsh0126,left,lsh0126_0503_left,lsh-0126__20260503-left-9__20260503_181123.npz
6users_left,lsh0126,left,lsh0126_0503_left,lsh-0126__20260503-left-9__20260503_181348.npz
6users_left,lsh0126,left,lsh0126_0503_left,lsh-0126__20260503-left-9__20260503_181621.npz
6users_left,lsh0126,left,lsh0126_0503_left,lsh-0126__20260503-left-9__20260503_181846.npz
6users_left,lsh0126,left,lsh0126_0503_left,lsh-0126__20260503-left-9__20260503_182123.npz
6users_left,lsh0126,left,lsh0126_0503_left,lsh-0126__20260503-left__20260503_103026.npz
6users_left,lsh0126,left,lsh0126_0503_left,lsh-0126__20260503-left__20260503_103248.npz
6users_left,lsh0126,left,lsh0126_0503_left,lsh-0126__20260503-left__20260503_103521.npz
6users_left,lsh0126,left,lsh0126_0503_left,lsh-0126__20260503-left__20260503_103751.npz
6users_left,lsh0126,left,lsh0126_0503_left,lsh-0126__20260503-left__20260503_104048.npz
6users_left,lsh0126,left,lsh0126_0503_left,lsh-0126__20260503-left__20260503_104315.npz
6users_left,lsh0126,left,lsh0126_0503_left,lsh-0126__20260503-left__20260503_104534.npz
6users_left,lsh0126,left,lsh0126_0503_left,lsh-0126__20260503-left__20260503_104758.npz
6users_left,lsh0126,left,lsh0126_0503_left,lsh-0126__20260503-left__20260503_105053.npz
6users_left,lsh0126,left,lsh0126_0503_left,lsh-0126__20260503-left__20260503_105313.npz
6users_left,lsh0126,left,lsh0126_0503_left,lsh-0126__20260503-left__20260503_105538.npz
6users_left,lsh0126,left,lsh0126_0503_left,lsh-0126__20260503-left__20260503_105924.npz
6users_left,lsh0126,left,lsh0126_0505_left,lsh-0126__20260505-left-2__20260505_132114.npz
6users_left,lsh0126,left,lsh0126_0505_left,lsh-0126__20260505-left-2__20260505_132352.npz
6users_left,lsh0126,left,lsh0126_0505_left,lsh-0126__20260505-left-2__20260505_132720.npz
6users_left,lsh0126,left,lsh0126_0505_left,lsh-0126__20260505-left-2__20260505_133755.npz
6users_left,lsh0126,left,lsh0126_0505_left,lsh-0126__20260505-left-2__20260505_134019.npz
6users_left,lsh0126,left,lsh0126_0505_left,lsh-0126__20260505-left-2__20260505_134258.npz
6users_left,lsh0126,left,lsh0126_0505_left,lsh-0126__20260505-left-2__20260505_134516.npz
6users_left,lsh0126,left,lsh0126_0505_left,lsh-0126__20260505-left-2__20260505_134733.npz
6users_left,lsh0126,left,lsh0126_0505_left,lsh-0126__20260505-left-2__20260505_134952.npz
6users_left,lsh0126,left,lsh0126_0505_left,lsh-0126__20260505-left-2__20260505_135209.npz
6users_left,lsh0126,left,lsh0126_0505_left,lsh-0126__20260505-left-2__20260505_135501.npz
6users_left,lsh0126,left,lsh0126_0505_left,lsh-0126__20260505-left-2__20260505_140056.npz
6users_left,lsh0126,left,lsh0126_0505_left,lsh-0126__20260505-left-2__20260505_140313.npz
6users_left,lsh0126,left,lsh0126_0505_left,lsh-0126__20260505-left-2__20260505_140532.npz
6users_left,lsh0126,left,lsh0126_0505_left,lsh-0126__20260505-left-2__20260505_140838.npz
6users_left,lsh0126,left,lsh0126_0505_left,lsh-0126__20260505-left-3__20260505_141357.npz
6users_left,lsh0126,left,lsh0126_0505_left,lsh-0126__20260505-left-3__20260505_141633.npz
6users_left,lsh0126,left,lsh0126_0505_left,lsh-0126__20260505-left-3__20260505_141853.npz
6users_left,lsh0126,left,lsh0126_0505_left,lsh-0126__20260505-left-3__20260505_142121.npz
6users_left,lsh0126,left,lsh0126_0505_left,lsh-0126__20260505-left-3__20260505_142340.npz
6users_left,lsh0126,left,lsh0126_0505_left,lsh-0126__20260505-left-4__20260505_144528.npz
6users_left,lsh0126,left,lsh0126_0505_left,lsh-0126__20260505-left-4__20260505_144745.npz
6users_left,lsh0126,left,lsh0126_0505_left,lsh-0126__20260505-left-4__20260505_145002.npz
6users_left,lsh0126,left,lsh0126_0505_left,lsh-0126__20260505-left-5__20260505_150841.npz
6users_left,lsh0126,left,lsh0126_0505_left,lsh-0126__20260505-left-5__20260505_151128.npz
6users_left,lsh0126,left,lsh0126_0505_left,lsh-0126__20260505-left-5__20260505_151346.npz
6users_left,lsh0126,left,lsh0126_0505_left,lsh-0126__20260505-left-5__20260505_151605.npz
6users_left,lsh0126,left,lsh0126_0505_left,lsh-0126__20260505-left-5__20260505_151842.npz
6users_left,lsh0126,left,lsh0126_0505_left,lsh-0126__20260505-left-5__20260505_152059.npz
6users_left,lsh0126,left,lsh0126_0505_left,lsh-0126__20260505-left-5__20260505_152317.npz
6users_left,lsh0126,left,lsh0126_0505_left,lsh-0126__20260505-left-5__20260505_152549.npz
6users_left,lsh0126,left,lsh0126_0505_left,lsh-0126__20260505-left-5__20260505_152808.npz
6users_left,lsh0126,left,lsh0126_0505_left,lsh-0126__20260505-left-5__20260505_153029.npz
6users_left,lsh0126,left,lsh0126_0505_left,lsh-0126__20260505-left-5__20260505_153259.npz
6users_left,lsh0126,left,lsh0126_0505_left,lsh-0126__20260505-left-5__20260505_153610.npz
6users_left,lsh0126,left,lsh0126_0505_left,lsh-0126__20260505-left-6__20260505_154421.npz
6users_left,lsh0126,left,lsh0126_0505_left,lsh-0126__20260505-left-6__20260505_154646.npz
6users_left,lsh0126,left,lsh0126_0505_left,lsh-0126__20260505-left-6__20260505_154908.npz
6users_left,lsh0126,left,lsh0126_0505_left,lsh-0126__20260505-left-6__20260505_155127.npz
6users_left,lsh0126,left,lsh0126_0505_left,lsh-0126__20260505-left-6__20260505_155343.npz
6users_left,lsh0126,left,lsh0126_0505_left,lsh-0126__20260505-left-6__20260505_155600.npz
6users_left,lsh0126,left,lsh0126_0505_left,lsh-0126__20260505-left-6__20260505_155818.npz
6users_left,lsh0126,left,lsh0126_0505_left,lsh-0126__20260505-left-6__20260505_160144.npz
6users_left,lsh0126,left,lsh0126_0505_left,lsh-0126__20260505-left-6__20260505_160401.npz
6users_left,lsh0126,left,lsh0126_0505_left,lsh-0126__20260505-left-6__20260505_160630.npz
6users_left,lsh0126,left,lsh0126_0505_left,lsh-0126__20260505-left-6__20260505_161042.npz
6users_left,lsh0126,left,lsh0126_0505_left,lsh-0126__20260505-left-6__20260505_161300.npz
6users_left,lsh0126,left,lsh0126_0505_left,lsh-0126__20260505-left-6__20260505_161518.npz
6users_left,lsh0126,left,lsh0126_0505_left,lsh-0126__20260505-left-6__20260505_161737.npz
6users_left,lsh0126,left,lsh0126_0505_left,lsh-0126__20260505-left-6__20260505_162008.npz
6users_left,lsh0126,left,lsh0126_0505_left,lsh-0126__20260505-left-6__20260505_162323.npz
6users_left,lsh0126,left,lsh0126_0505_left,lsh-0126__20260505-left-6__20260505_162555.npz
6users_left,lsh0126,left,lsh0126_0505_left,lsh-0126__20260505-left-6__20260505_162918.npz
6users_left,lsh0126,left,lsh0126_0505_left,lsh-0126__20260505-left-6__20260505_163144.npz
6users_left,lsh0126,left,lsh0126_0505_left,lsh-0126__20260505-left-6__20260505_163430.npz
6users_left,lsh0126,left,lsh0126_0505_left,lsh-0126__20260505-left-6__20260505_163717.npz
6users_left,lsh0126,left,lsh0126_0505_left,lsh-0126__20260505-left-6__20260505_164017.npz
6users_left,lsh0126,left,lsh0126_0505_left,lsh-0126__20260505-left-7__20260505_165953.npz
6users_left,lsh0126,left,lsh0126_0505_left,lsh-0126__20260505-left-7__20260505_170230.npz
6users_left,lsh0126,left,lsh0126_0505_left,lsh-0126__20260505-left-7__20260505_170525.npz
6users_left,lsh0126,left,lsh0126_0505_left,lsh-0126__20260505-left-7__20260505_170748.npz
6users_left,lsh0126,left,lsh0126_0505_left,lsh-0126__20260505-left-7__20260505_171010.npz
6users_left,lsh0126,left,lsh0126_0505_left,lsh-0126__20260505-left-7__20260505_171230.npz
6users_left,lsh0126,left,lsh0126_0505_left,lsh-0126__20260505-left-7__20260505_171450.npz
6users_left,lsh0126,left,lsh0126_0505_left,lsh-0126__20260505-left-7__20260505_171709.npz
6users_left,lsh0126,left,lsh0126_0505_left,lsh-0126__20260505-left-7__20260505_171954.npz
6users_left,lsh0126,left,lsh0126_0505_left,lsh-0126__20260505-left-7__20260505_172237.npz
6users_left,lsh0126,left,lsh0126_0505_left,lsh-0126__20260505-left-7__20260505_172523.npz
6users_left,lsh0126,left,lsh0126_0505_left,lsh-0126__20260505-left-7__20260505_172759.npz
6users_left,lsh0126,left,lsh0126_0505_left,lsh-0126__20260505-left-7__20260505_173020.npz
6users_left,lsh0126,left,lsh0126_0505_left,lsh-0126__20260505-left-7__20260505_173240.npz
6users_left,lsh0126,left,lsh0126_0505_left,lsh-0126__20260505-left-7__20260505_173502.npz
6users_left,lsh0126,left,lsh0126_0505_left,lsh-0126__20260505-left-7__20260505_173742.npz
6users_left,lsh0126,left,lsh0126_0505_left,lsh-0126__20260505-left-7__20260505_174015.npz
6users_left,lsh0126,left,lsh0126_0505_left,lsh-0126__20260505-left-7__20260505_174237.npz
6users_left,lsh0126,left,lsh0126_0505_left,lsh-0126__20260505-left-7__20260505_174455.npz
6users_left,lsh0126,left,lsh0126_0505_left,lsh-0126__20260505-left-7__20260505_174711.npz
6users_left,lsh0126,left,lsh0126_0505_left,lsh-0126__20260505-left-7__20260505_174927.npz
6users_left,lsh0126,left,lsh0126_0505_left,lsh-0126__20260505-left-7__20260505_175145.npz
6users_left,lsh0126,left,lsh0126_0505_left,lsh-0126__20260505-left-7__20260505_175403.npz
6users_left,lsh0126,left,lsh0126_0505_left,lsh-0126__20260505-left__20260505_103548.npz
6users_left,lsh0126,left,lsh0126_0505_left,lsh-0126__20260505-left__20260505_103811.npz
6users_left,lsh0126,left,lsh0126_0505_left,lsh-0126__20260505-left__20260505_104034.npz
6users_left,lsh0126,left,lsh0126_0505_left,lsh-0126__20260505-left__20260505_104257.npz
6users_left,lsh0126,left,lsh0126_0505_left,lsh-0126__20260505-left__20260505_104519.npz
6users_left,lsh0126,left,lsh0126_0505_left,lsh-0126__20260505-left__20260505_104739.npz
6users_left,lsh0126,left,lsh0126_0505_left,lsh-0126__20260505-left__20260505_105036.npz
6users_left,lsh0126,left,lsh0126_0505_left,lsh-0126__20260505-left__20260505_105258.npz
6users_left,lsh0126,left,lsh0126_0505_left,lsh-0126__20260505-left__20260505_105604.npz
6users_left,lsh0126,left,lsh0126_0505_left,lsh-0126__20260505-left__20260505_105824.npz
6users_left,myy0129,left,myy0129_0501_left,myy-0129__20260501-left-2__20260501_141031.npz
6users_left,myy0129,left,myy0129_0501_left,myy-0129__20260501-left-2__20260501_141301.npz
6users_left,myy0129,left,myy0129_0501_left,myy-0129__20260501-left-2__20260501_141611.npz
6users_left,myy0129,left,myy0129_0501_left,myy-0129__20260501-left-2__20260501_141844.npz
6users_left,myy0129,left,myy0129_0501_left,myy-0129__20260501-left-2__20260501_142109.npz
6users_left,myy0129,left,myy0129_0501_left,myy-0129__20260501-left-2__20260501_142334.npz
6users_left,myy0129,left,myy0129_0501_left,myy-0129__20260501-left-2__20260501_142558.npz
6users_left,myy0129,left,myy0129_0501_left,myy-0129__20260501-left-2__20260501_142820.npz
6users_left,myy0129,left,myy0129_0501_left,myy-0129__20260501-left-2__20260501_143043.npz
6users_left,myy0129,left,myy0129_0501_left,myy-0129__20260501-left-2__20260501_143313.npz
6users_left,myy0129,left,myy0129_0501_left,myy-0129__20260501-left-2__20260501_143534.npz
6users_left,myy0129,left,myy0129_0501_left,myy-0129__20260501-left-2__20260501_143852.npz
6users_left,myy0129,left,myy0129_0501_left,myy-0129__20260501-left-2__20260501_144109.npz
6users_left,myy0129,left,myy0129_0501_left,myy-0129__20260501-left-2__20260501_144349.npz
6users_left,myy0129,left,myy0129_0501_left,myy-0129__20260501-left-2__20260501_144613.npz
6users_left,myy0129,left,myy0129_0501_left,myy-0129__20260501-left-2__20260501_144855.npz
6users_left,myy0129,left,myy0129_0501_left,myy-0129__20260501-left-2__20260501_145115.npz
6users_left,myy0129,left,myy0129_0501_left,myy-0129__20260501-left-2__20260501_145341.npz
6users_left,myy0129,left,myy0129_0501_left,myy-0129__20260501-left-2__20260501_145609.npz
6users_left,myy0129,left,myy0129_0501_left,myy-0129__20260501-left-2__20260501_145830.npz
6users_left,myy0129,left,myy0129_0501_left,myy-0129__20260501-left-2__20260501_150101.npz
6users_left,myy0129,left,myy0129_0501_left,myy-0129__20260501-left-2__20260501_150327.npz
6users_left,myy0129,left,myy0129_0501_left,myy-0129__20260501-left-2__20260501_150601.npz
6users_left,myy0129,left,myy0129_0501_left,myy-0129__20260501-left-2__20260501_150821.npz
6users_left,myy0129,left,myy0129_0501_left,myy-0129__20260501-left-2__20260501_151043.npz
6users_left,myy0129,left,myy0129_0501_left,myy-0129__20260501-left-2__20260501_151307.npz
6users_left,myy0129,left,myy0129_0501_left,myy-0129__20260501-left-2__20260501_151528.npz
6users_left,myy0129,left,myy0129_0501_left,myy-0129__20260501-left-2__20260501_151750.npz
6users_left,myy0129,left,myy0129_0501_left,myy-0129__20260501-left-2__20260501_152016.npz
6users_left,myy0129,left,myy0129_0501_left,myy-0129__20260501-left-2__20260501_152236.npz
6users_left,myy0129,left,myy0129_0501_left,myy-0129__20260501-left-3__20260501_155506.npz
6users_left,myy0129,left,myy0129_0501_left,myy-0129__20260501-left-3__20260501_155728.npz
6users_left,myy0129,left,myy0129_0501_left,myy-0129__20260501-left-3__20260501_155949.npz
6users_left,myy0129,left,myy0129_0501_left,myy-0129__20260501-left-3__20260501_160229.npz
6users_left,myy0129,left,myy0129_0501_left,myy-0129__20260501-left-3__20260501_160522.npz
6users_left,myy0129,left,myy0129_0501_left,myy-0129__20260501-left-3__20260501_160813.npz
6users_left,myy0129,left,myy0129_0501_left,myy-0129__20260501-left-3__20260501_161039.npz
6users_left,myy0129,left,myy0129_0501_left,myy-0129__20260501-left-3__20260501_161258.npz
6users_left,myy0129,left,myy0129_0501_left,myy-0129__20260501-left-3__20260501_161521.npz
6users_left,myy0129,left,myy0129_0501_left,myy-0129__20260501-left-3__20260501_161751.npz
6users_left,myy0129,left,myy0129_0501_left,myy-0129__20260501-left-3__20260501_162013.npz
6users_left,myy0129,left,myy0129_0501_left,myy-0129__20260501-left-3__20260501_162237.npz
6users_left,myy0129,left,myy0129_0501_left,myy-0129__20260501-left-3__20260501_162500.npz
6users_left,myy0129,left,myy0129_0501_left,myy-0129__20260501-left-3__20260501_162724.npz
6users_left,myy0129,left,myy0129_0501_left,myy-0129__20260501-left-3__20260501_162945.npz
6users_left,myy0129,left,myy0129_0501_left,myy-0129__20260501-left-3__20260501_163227.npz
6users_left,myy0129,left,myy0129_0501_left,myy-0129__20260501-left-3__20260501_163455.npz
6users_left,myy0129,left,myy0129_0501_left,myy-0129__20260501-left-3__20260501_163714.npz
6users_left,myy0129,left,myy0129_0501_left,myy-0129__20260501-left-3__20260501_163933.npz
6users_left,myy0129,left,myy0129_0501_left,myy-0129__20260501-left-3__20260501_164150.npz
6users_left,myy0129,left,myy0129_0501_left,myy-0129__20260501-left-3__20260501_164450.npz
6users_left,myy0129,left,myy0129_0501_left,myy-0129__20260501-left-3__20260501_164728.npz
6users_left,myy0129,left,myy0129_0501_left,myy-0129__20260501-left-3__20260501_165003.npz
6users_left,myy0129,left,myy0129_0501_left,myy-0129__20260501-left-3__20260501_165228.npz
6users_left,myy0129,left,myy0129_0501_left,myy-0129__20260501-left-3__20260501_165455.npz
6users_left,myy0129,left,myy0129_0501_left,myy-0129__20260501-left-3__20260501_165724.npz
6users_left,myy0129,left,myy0129_0501_left,myy-0129__20260501-left-4__20260501_170915.npz
6users_left,myy0129,left,myy0129_0501_left,myy-0129__20260501-left-4__20260501_171137.npz
6users_left,myy0129,left,myy0129_0501_left,myy-0129__20260501-left-4__20260501_171354.npz
6users_left,myy0129,left,myy0129_0501_left,myy-0129__20260501-left-4__20260501_171612.npz
6users_left,myy0129,left,myy0129_0501_left,myy-0129__20260501-left-4__20260501_171833.npz
6users_left,myy0129,left,myy0129_0501_left,myy-0129__20260501-left-4__20260501_172052.npz
6users_left,myy0129,left,myy0129_0501_left,myy-0129__20260501-left-4__20260501_172307.npz
6users_left,myy0129,left,myy0129_0501_left,myy-0129__20260501-left-4__20260501_172534.npz
6users_left,myy0129,left,myy0129_0501_left,myy-0129__20260501-left-4__20260501_172752.npz
6users_left,myy0129,left,myy0129_0501_left,myy-0129__20260501-left-4__20260501_173008.npz
6users_left,myy0129,left,myy0129_0501_left,myy-0129__20260501-left-4__20260501_173223.npz
6users_left,myy0129,left,myy0129_0501_left,myy-0129__20260501-left-4__20260501_173440.npz
6users_left,myy0129,left,myy0129_0501_left,myy-0129__20260501-left-4__20260501_173713.npz
6users_left,myy0129,left,myy0129_0501_left,myy-0129__20260501-left-4__20260501_173934.npz
6users_left,myy0129,left,myy0129_0501_left,myy-0129__20260501-left-5__20260501_174842.npz
6users_left,myy0129,left,myy0129_0501_left,myy-0129__20260501-left-6__20260501_175320.npz
6users_left,myy0129,left,myy0129_0501_left,myy-0129__20260501-left-6__20260501_175541.npz
6users_left,myy0129,left,myy0129_0501_left,myy-0129__20260501-left-6__20260501_175804.npz
6users_left,myy0129,left,myy0129_0501_left,myy-0129__20260501-left-6__20260501_180041.npz
6users_left,myy0129,left,myy0129_0501_left,myy-0129__20260501-left-6__20260501_180345.npz
6users_left,myy0129,left,myy0129_0501_left,myy-0129__20260501-left-6__20260501_180722.npz
6users_left,myy0129,left,myy0129_0501_left,myy-0129__20260501-left-6__20260501_180941.npz
6users_left,myy0129,left,myy0129_0501_left,myy-0129__20260501-left-6__20260501_181206.npz
6users_left,myy0129,left,myy0129_0501_left,myy-0129__20260501-left-6__20260501_181421.npz
6users_left,myy0129,left,myy0129_0501_left,myy-0129__20260501-left-6__20260501_181641.npz
6users_left,myy0129,left,myy0129_0501_left,myy-0129__20260501-left-6__20260501_181901.npz
6users_left,myy0129,left,myy0129_0501_left,myy-0129__20260501-left-6__20260501_182117.npz
6users_left,myy0129,left,myy0129_0501_left,myy-0129__20260501-left-6__20260501_182332.npz
6users_left,myy0129,left,myy0129_0501_left,myy-0129__20260501-left-6__20260501_182548.npz
6users_left,myy0129,left,myy0129_0501_left,myy-0129__20260501-left-6__20260501_182804.npz
6users_left,myy0129,left,myy0129_0501_left,myy-0129__20260501-left-6__20260501_183026.npz
6users_left,myy0129,left,myy0129_0501_left,myy-0129__20260501-left-6__20260501_183242.npz
6users_left,myy0129,left,myy0129_0501_left,myy-0129__20260501-left-6__20260501_183458.npz
6users_left,myy0129,left,myy0129_0501_left,myy-0129__20260501-left-6__20260501_183713.npz
6users_left,myy0129,left,myy0129_0501_left,myy-0129__20260501-left-6__20260501_183933.npz
6users_left,myy0129,left,myy0129_0501_left,myy-0129__20260501-left-6__20260501_184149.npz
6users_left,myy0129,left,myy0129_0501_left,myy-0129__20260501-left-6__20260501_184406.npz
6users_left,myy0129,left,myy0129_0501_left,myy-0129__20260501-left-6__20260501_184622.npz
6users_left,myy0129,left,myy0129_0501_left,myy-0129__20260501-left-6__20260501_184838.npz
6users_left,myy0129,left,myy0129_0501_left,myy-0129__20260501-left-6__20260501_185057.npz
6users_left,myy0129,left,myy0129_0501_left,myy-0129__20260501-left-6__20260501_185314.npz
6users_left,myy0129,left,myy0129_0501_left,myy-0129__20260501-left__20260501_131913.npz
6users_left,myy0129,left,myy0129_0501_left,myy-0129__20260501-left__20260501_132133.npz
6users_left,myy0129,left,myy0129_0501_left,myy-0129__20260501-left__20260501_132420.npz
6users_left,myy0129,left,myy0129_0501_left,myy-0129__20260501-left__20260501_132637.npz
6users_left,myy0129,left,myy0129_0501_left,myy-0129__20260501-left__20260501_132859.npz
6users_left,myy0129,left,myy0129_0501_left,myy-0129__20260501-left__20260501_133125.npz
6users_left,myy0129,left,myy0129_0501_left,myy-0129__20260501-left__20260501_133352.npz
6users_left,myy0129,left,myy0129_0501_left,myy-0129__20260501-left__20260501_133617.npz
6users_left,myy0129,left,myy0129_0501_left,myy-0129__20260501-left__20260501_133850.npz
6users_left,myy0129,left,myy0129_0501_left,myy-0129__20260501-left__20260501_134128.npz
6users_left,myy0129,left,myy0129_0501_left,myy-0129__20260501-left__20260501_134348.npz
6users_left,myy0129,left,myy0129_0501_left,myy-0129__20260501-left__20260501_134610.npz
6users_left,myy0129,left,myy0129_0501_left,myy-0129__20260501-left__20260501_134835.npz
6users_left,myy0129,left,myy0129_0501_left,myy-0129__20260501-left__20260501_135058.npz
6users_left,myy0129,left,myy0129_0501_left,myy-0129__20260501-left__20260501_135414.npz
6users_left,myy0129,left,myy0129_0501_left,myy-0129__20260501-left__20260501_135645.npz
6users_left,myy0129,left,myy0129_0501_left,myy-0129__20260501-left__20260501_135912.npz
6users_left,myy0129,left,myy0129_0501_left,myy-0129__20260501-left__20260501_140133.npz
6users_left,myy0129,left,myy0129_0501_left,myy-0129__20260501-left__20260501_140401.npz
6users_left,myy0129,left,myy0129_0501_left,myy-0129__20260501-left__20260501_140642.npz
6users_left,myy0129,left,myy0129_0503_left,myy-0129__20260503-left-2__20260503_111725.npz
6users_left,myy0129,left,myy0129_0503_left,myy-0129__20260503-left-2__20260503_111941.npz
6users_left,myy0129,left,myy0129_0503_left,myy-0129__20260503-left-2__20260503_112157.npz
6users_left,myy0129,left,myy0129_0503_left,myy-0129__20260503-left-2__20260503_112413.npz
6users_left,myy0129,left,myy0129_0503_left,myy-0129__20260503-left-2__20260503_112629.npz
6users_left,myy0129,left,myy0129_0503_left,myy-0129__20260503-left-2__20260503_112846.npz
6users_left,myy0129,left,myy0129_0503_left,myy-0129__20260503-left-2__20260503_113120.npz
6users_left,myy0129,left,myy0129_0503_left,myy-0129__20260503-left-2__20260503_113338.npz
6users_left,myy0129,left,myy0129_0503_left,myy-0129__20260503-left-2__20260503_113558.npz
6users_left,myy0129,left,myy0129_0503_left,myy-0129__20260503-left-2__20260503_113814.npz
6users_left,myy0129,left,myy0129_0503_left,myy-0129__20260503-left-2__20260503_114033.npz
6users_left,myy0129,left,myy0129_0503_left,myy-0129__20260503-left-2__20260503_114250.npz
6users_left,myy0129,left,myy0129_0503_left,myy-0129__20260503-left-2__20260503_114613.npz
6users_left,myy0129,left,myy0129_0503_left,myy-0129__20260503-left-2__20260503_114827.npz
6users_left,myy0129,left,myy0129_0503_left,myy-0129__20260503-left-2__20260503_115116.npz
6users_left,myy0129,left,myy0129_0503_left,myy-0129__20260503-left-2__20260503_115341.npz
6users_left,myy0129,left,myy0129_0503_left,myy-0129__20260503-left-2__20260503_115558.npz
6users_left,myy0129,left,myy0129_0503_left,myy-0129__20260503-left-2__20260503_115816.npz
6users_left,myy0129,left,myy0129_0503_left,myy-0129__20260503-left-3__20260503_130834.npz
6users_left,myy0129,left,myy0129_0503_left,myy-0129__20260503-left-3__20260503_131048.npz
6users_left,myy0129,left,myy0129_0503_left,myy-0129__20260503-left-3__20260503_131304.npz
6users_left,myy0129,left,myy0129_0503_left,myy-0129__20260503-left-3__20260503_131519.npz
6users_left,myy0129,left,myy0129_0503_left,myy-0129__20260503-left-3__20260503_131735.npz
6users_left,myy0129,left,myy0129_0503_left,myy-0129__20260503-left-3__20260503_131958.npz
6users_left,myy0129,left,myy0129_0503_left,myy-0129__20260503-left-3__20260503_132220.npz
6users_left,myy0129,left,myy0129_0503_left,myy-0129__20260503-left-3__20260503_132437.npz
6users_left,myy0129,left,myy0129_0503_left,myy-0129__20260503-left-3__20260503_132657.npz
6users_left,myy0129,left,myy0129_0503_left,myy-0129__20260503-left-3__20260503_132915.npz
6users_left,myy0129,left,myy0129_0503_left,myy-0129__20260503-left-3__20260503_133145.npz
6users_left,myy0129,left,myy0129_0503_left,myy-0129__20260503-left-3__20260503_133426.npz
6users_left,myy0129,left,myy0129_0503_left,myy-0129__20260503-left-3__20260503_133646.npz
6users_left,myy0129,left,myy0129_0503_left,myy-0129__20260503-left-3__20260503_133912.npz
6users_left,myy0129,left,myy0129_0503_left,myy-0129__20260503-left-3__20260503_134128.npz
6users_left,myy0129,left,myy0129_0503_left,myy-0129__20260503-left-3__20260503_134345.npz
6users_left,myy0129,left,myy0129_0503_left,myy-0129__20260503-left-3__20260503_134602.npz
6users_left,myy0129,left,myy0129_0503_left,myy-0129__20260503-left-3__20260503_134821.npz
6users_left,myy0129,left,myy0129_0503_left,myy-0129__20260503-left-3__20260503_135043.npz
6users_left,myy0129,left,myy0129_0503_left,myy-0129__20260503-left-3__20260503_135300.npz
6users_left,myy0129,left,myy0129_0503_left,myy-0129__20260503-left-4__20260503_143629.npz
6users_left,myy0129,left,myy0129_0503_left,myy-0129__20260503-left-4__20260503_143847.npz
6users_left,myy0129,left,myy0129_0503_left,myy-0129__20260503-left-4__20260503_144108.npz
6users_left,myy0129,left,myy0129_0503_left,myy-0129__20260503-left-4__20260503_144401.npz
6users_left,myy0129,left,myy0129_0503_left,myy-0129__20260503-left-4__20260503_144636.npz
6users_left,myy0129,left,myy0129_0503_left,myy-0129__20260503-left-4__20260503_144855.npz
6users_left,myy0129,left,myy0129_0503_left,myy-0129__20260503-left-4__20260503_145110.npz
6users_left,myy0129,left,myy0129_0503_left,myy-0129__20260503-left-4__20260503_145327.npz
6users_left,myy0129,left,myy0129_0503_left,myy-0129__20260503-left-4__20260503_145541.npz
6users_left,myy0129,left,myy0129_0503_left,myy-0129__20260503-left-4__20260503_145808.npz
6users_left,myy0129,left,myy0129_0503_left,myy-0129__20260503-left-4__20260503_150023.npz
6users_left,myy0129,left,myy0129_0503_left,myy-0129__20260503-left-4__20260503_150246.npz
6users_left,myy0129,left,myy0129_0503_left,myy-0129__20260503-left-4__20260503_150513.npz
6users_left,myy0129,left,myy0129_0503_left,myy-0129__20260503-left-4__20260503_150732.npz
6users_left,myy0129,left,myy0129_0503_left,myy-0129__20260503-left-4__20260503_150951.npz
6users_left,myy0129,left,myy0129_0503_left,myy-0129__20260503-left-4__20260503_151208.npz
6users_left,myy0129,left,myy0129_0503_left,myy-0129__20260503-left-4__20260503_151428.npz
6users_left,myy0129,left,myy0129_0503_left,myy-0129__20260503-left-4__20260503_151647.npz
6users_left,myy0129,left,myy0129_0503_left,myy-0129__20260503-left-4__20260503_151906.npz
6users_left,myy0129,left,myy0129_0503_left,myy-0129__20260503-left-4__20260503_152120.npz
6users_left,myy0129,left,myy0129_0503_left,myy-0129__20260503-left-5__20260503_154218.npz
6users_left,myy0129,left,myy0129_0503_left,myy-0129__20260503-left-5__20260503_154432.npz
6users_left,myy0129,left,myy0129_0503_left,myy-0129__20260503-left-5__20260503_154652.npz
6users_left,myy0129,left,myy0129_0503_left,myy-0129__20260503-left-5__20260503_154907.npz
6users_left,myy0129,left,myy0129_0503_left,myy-0129__20260503-left-5__20260503_155123.npz
6users_left,myy0129,left,myy0129_0503_left,myy-0129__20260503-left-5__20260503_155341.npz
6users_left,myy0129,left,myy0129_0503_left,myy-0129__20260503-left-5__20260503_155559.npz
6users_left,myy0129,left,myy0129_0503_left,myy-0129__20260503-left-5__20260503_155816.npz
6users_left,myy0129,left,myy0129_0503_left,myy-0129__20260503-left-5__20260503_160033.npz
6users_left,myy0129,left,myy0129_0503_left,myy-0129__20260503-left-5__20260503_160248.npz
6users_left,myy0129,left,myy0129_0503_left,myy-0129__20260503-left-5__20260503_160504.npz
6users_left,myy0129,left,myy0129_0503_left,myy-0129__20260503-left-5__20260503_160728.npz
6users_left,myy0129,left,myy0129_0503_left,myy-0129__20260503-left-5__20260503_160945.npz
6users_left,myy0129,left,myy0129_0503_left,myy-0129__20260503-left-5__20260503_161201.npz
6users_left,myy0129,left,myy0129_0503_left,myy-0129__20260503-left-6__20260503_163037.npz
6users_left,myy0129,left,myy0129_0503_left,myy-0129__20260503-left-6__20260503_163256.npz
6users_left,myy0129,left,myy0129_0503_left,myy-0129__20260503-left-6__20260503_163512.npz
6users_left,myy0129,left,myy0129_0503_left,myy-0129__20260503-left-6__20260503_163729.npz
6users_left,myy0129,left,myy0129_0503_left,myy-0129__20260503-left-6__20260503_163944.npz
6users_left,myy0129,left,myy0129_0503_left,myy-0129__20260503-left-6__20260503_164159.npz
6users_left,myy0129,left,myy0129_0503_left,myy-0129__20260503-left-6__20260503_164420.npz
6users_left,myy0129,left,myy0129_0503_left,myy-0129__20260503-left-6__20260503_164637.npz
6users_left,myy0129,left,myy0129_0503_left,myy-0129__20260503-left-6__20260503_164916.npz
6users_left,myy0129,left,myy0129_0503_left,myy-0129__20260503-left-6__20260503_165136.npz
6users_left,myy0129,left,myy0129_0503_left,myy-0129__20260503-left-6__20260503_165353.npz
6users_left,myy0129,left,myy0129_0503_left,myy-0129__20260503-left-6__20260503_165608.npz
6users_left,myy0129,left,myy0129_0503_left,myy-0129__20260503-left-6__20260503_165828.npz
6users_left,myy0129,left,myy0129_0503_left,myy-0129__20260503-left-6__20260503_170043.npz
6users_left,myy0129,left,myy0129_0503_left,myy-0129__20260503-left-6__20260503_170258.npz
6users_left,myy0129,left,myy0129_0503_left,myy-0129__20260503-left-6__20260503_170516.npz
6users_left,myy0129,left,myy0129_0503_left,myy-0129__20260503-left-7__20260503_171327.npz
6users_left,myy0129,left,myy0129_0503_left,myy-0129__20260503-left-7__20260503_171549.npz
6users_left,myy0129,left,myy0129_0503_left,myy-0129__20260503-left-7__20260503_171819.npz
6users_left,myy0129,left,myy0129_0503_left,myy-0129__20260503-left-7__20260503_172036.npz
6users_left,myy0129,left,myy0129_0503_left,myy-0129__20260503-left-7__20260503_172253.npz
6users_left,myy0129,left,myy0129_0503_left,myy-0129__20260503-left-7__20260503_172508.npz
6users_left,myy0129,left,myy0129_0503_left,myy-0129__20260503-left-7__20260503_172732.npz
6users_left,myy0129,left,myy0129_0503_left,myy-0129__20260503-left-7__20260503_172948.npz
6users_left,myy0129,left,myy0129_0503_left,myy-0129__20260503-left-7__20260503_173202.npz
6users_left,myy0129,left,myy0129_0503_left,myy-0129__20260503-left-7__20260503_173419.npz
6users_left,myy0129,left,myy0129_0503_left,myy-0129__20260503-left-7__20260503_173647.npz
6users_left,myy0129,left,myy0129_0503_left,myy-0129__20260503-left-7__20260503_173908.npz
6users_left,myy0129,left,myy0129_0503_left,myy-0129__20260503-left-7__20260503_174123.npz
6users_left,myy0129,left,myy0129_0503_left,myy-0129__20260503-left-8__20260503_182149.npz
6users_left,myy0129,left,myy0129_0503_left,myy-0129__20260503-left-8__20260503_182410.npz
6users_left,myy0129,left,myy0129_0503_left,myy-0129__20260503-left-8__20260503_182626.npz
6users_left,myy0129,left,myy0129_0503_left,myy-0129__20260503-left-8__20260503_182842.npz
6users_left,myy0129,left,myy0129_0503_left,myy-0129__20260503-left-8__20260503_183059.npz
6users_left,myy0129,left,myy0129_0503_left,myy-0129__20260503-left-8__20260503_183317.npz
6users_left,myy0129,left,myy0129_0503_left,myy-0129__20260503-left-8__20260503_183532.npz
6users_left,myy0129,left,myy0129_0503_left,myy-0129__20260503-left__20260503_103251.npz
6users_left,myy0129,left,myy0129_0503_left,myy-0129__20260503-left__20260503_103515.npz
6users_left,myy0129,left,myy0129_0503_left,myy-0129__20260503-left__20260503_103732.npz
6users_left,myy0129,left,myy0129_0503_left,myy-0129__20260503-left__20260503_103956.npz
6users_left,myy0129,left,myy0129_0503_left,myy-0129__20260503-left__20260503_104214.npz
6users_left,myy0129,left,myy0129_0503_left,myy-0129__20260503-left__20260503_104436.npz
6users_left,myy0129,left,myy0129_0503_left,myy-0129__20260503-left__20260503_104650.npz
6users_left,myy0129,left,myy0129_0503_left,myy-0129__20260503-left__20260503_104908.npz
6users_left,myy0129,left,myy0129_0503_left,myy-0129__20260503-left__20260503_105254.npz
6users_left,myy0129,left,myy0129_0503_left,myy-0129__20260503-left__20260503_105522.npz
6users_left,myy0129,left,myy0129_0503_left,myy-0129__20260503-left__20260503_105742.npz
6users_left,myy0129,left,myy0129_0503_left,myy-0129__20260503-left__20260503_105956.npz
6users_left,myy0129,left,myy0129_0504_left,myy-0129__20260504-left-2_v33__20260504_115000.npz
6users_left,myy0129,left,myy0129_0504_left,myy-0129__20260504-left-2_v33__20260504_115224.npz
6users_left,myy0129,left,myy0129_0504_left,myy-0129__20260504-left-2_v33__20260504_115448.npz
6users_left,myy0129,left,myy0129_0504_left,myy-0129__20260504-left-2_v33__20260504_115704.npz
6users_left,myy0129,left,myy0129_0504_left,myy-0129__20260504-left-2_v33__20260504_120122.npz
6users_left,myy0129,left,myy0129_0504_left,myy-0129__20260504-left-2_v33__20260504_120425.npz
6users_left,myy0129,left,myy0129_0504_left,myy-0129__20260504-left-2_v33__20260504_120650.npz
6users_left,myy0129,left,myy0129_0504_left,myy-0129__20260504-left-2_v33__20260504_120921.npz
6users_left,myy0129,left,myy0129_0504_left,myy-0129__20260504-left-2_v33__20260504_121145.npz
6users_left,myy0129,left,myy0129_0504_left,myy-0129__20260504-left-2_v33__20260504_121429.npz
6users_left,myy0129,left,myy0129_0504_left,myy-0129__20260504-left-2_v33__20260504_121701.npz
6users_left,myy0129,left,myy0129_0504_left,myy-0129__20260504-left-2_v33__20260504_121924.npz
6users_left,myy0129,left,myy0129_0504_left,myy-0129__20260504-left-2_v33__20260504_122217.npz
6users_left,myy0129,left,myy0129_0504_left,myy-0129__20260504-left-2_v71__20260504_154430.npz
6users_left,myy0129,left,myy0129_0504_left,myy-0129__20260504-left-2_v71__20260504_154648.npz
6users_left,myy0129,left,myy0129_0504_left,myy-0129__20260504-left-2_v71__20260504_154908.npz
6users_left,myy0129,left,myy0129_0504_left,myy-0129__20260504-left-2_v71__20260504_155124.npz
6users_left,myy0129,left,myy0129_0504_left,myy-0129__20260504-left-2_v71__20260504_155340.npz
6users_left,myy0129,left,myy0129_0504_left,myy-0129__20260504-left-2_v71__20260504_155602.npz
6users_left,myy0129,left,myy0129_0504_left,myy-0129__20260504-left-2_v71__20260504_155826.npz
6users_left,myy0129,left,myy0129_0504_left,myy-0129__20260504-left-2_v71__20260504_160102.npz
6users_left,myy0129,left,myy0129_0504_left,myy-0129__20260504-left-3_v33__20260504_130807.npz
6users_left,myy0129,left,myy0129_0504_left,myy-0129__20260504-left-3_v33__20260504_131023.npz
6users_left,myy0129,left,myy0129_0504_left,myy-0129__20260504-left-3_v33__20260504_131241.npz
6users_left,myy0129,left,myy0129_0504_left,myy-0129__20260504-left-3_v33__20260504_131459.npz
6users_left,myy0129,left,myy0129_0504_left,myy-0129__20260504-left-3_v33__20260504_131719.npz
6users_left,myy0129,left,myy0129_0504_left,myy-0129__20260504-left-3_v33__20260504_131939.npz
6users_left,myy0129,left,myy0129_0504_left,myy-0129__20260504-left-3_v33__20260504_132203.npz
6users_left,myy0129,left,myy0129_0504_left,myy-0129__20260504-left-3_v33__20260504_132422.npz
6users_left,myy0129,left,myy0129_0504_left,myy-0129__20260504-left-3_v33__20260504_132642.npz
6users_left,myy0129,left,myy0129_0504_left,myy-0129__20260504-left-3_v33__20260504_132900.npz
6users_left,myy0129,left,myy0129_0504_left,myy-0129__20260504-left-3_v33__20260504_133134.npz
6users_left,myy0129,left,myy0129_0504_left,myy-0129__20260504-left-3_v33__20260504_133353.npz
6users_left,myy0129,left,myy0129_0504_left,myy-0129__20260504-left-3_v33__20260504_133610.npz
6users_left,myy0129,left,myy0129_0504_left,myy-0129__20260504-left-3_v33__20260504_133843.npz
6users_left,myy0129,left,myy0129_0504_left,myy-0129__20260504-left-3_v33__20260504_134100.npz
6users_left,myy0129,left,myy0129_0504_left,myy-0129__20260504-left-3_v33__20260504_134318.npz
6users_left,myy0129,left,myy0129_0504_left,myy-0129__20260504-left-3_v33__20260504_134536.npz
6users_left,myy0129,left,myy0129_0504_left,myy-0129__20260504-left-3_v33__20260504_134802.npz
6users_left,myy0129,left,myy0129_0504_left,myy-0129__20260504-left-3_v33__20260504_135021.npz
6users_left,myy0129,left,myy0129_0504_left,myy-0129__20260504-left-3_v33__20260504_135240.npz
6users_left,myy0129,left,myy0129_0504_left,myy-0129__20260504-left-3_v71__20260504_160539.npz
6users_left,myy0129,left,myy0129_0504_left,myy-0129__20260504-left-3_v71__20260504_160807.npz
6users_left,myy0129,left,myy0129_0504_left,myy-0129__20260504-left-3_v71__20260504_161026.npz
6users_left,myy0129,left,myy0129_0504_left,myy-0129__20260504-left-3_v71__20260504_161242.npz
6users_left,myy0129,left,myy0129_0504_left,myy-0129__20260504-left-3_v71__20260504_161511.npz
6users_left,myy0129,left,myy0129_0504_left,myy-0129__20260504-left-3_v71__20260504_161734.npz
6users_left,myy0129,left,myy0129_0504_left,myy-0129__20260504-left-3_v71__20260504_161958.npz
6users_left,myy0129,left,myy0129_0504_left,myy-0129__20260504-left-4_v33__20260504_140924.npz
6users_left,myy0129,left,myy0129_0504_left,myy-0129__20260504-left-4_v33__20260504_141212.npz
6users_left,myy0129,left,myy0129_0504_left,myy-0129__20260504-left-4_v33__20260504_141445.npz
6users_left,myy0129,left,myy0129_0504_left,myy-0129__20260504-left-4_v33__20260504_141707.npz
6users_left,myy0129,left,myy0129_0504_left,myy-0129__20260504-left-4_v33__20260504_141930.npz
6users_left,myy0129,left,myy0129_0504_left,myy-0129__20260504-left-4_v33__20260504_142157.npz
6users_left,myy0129,left,myy0129_0504_left,myy-0129__20260504-left-4_v33__20260504_142415.npz
6users_left,myy0129,left,myy0129_0504_left,myy-0129__20260504-left-4_v33__20260504_142651.npz
6users_left,myy0129,left,myy0129_0504_left,myy-0129__20260504-left-4_v33__20260504_142909.npz
6users_left,myy0129,left,myy0129_0504_left,myy-0129__20260504-left-4_v33__20260504_143125.npz
6users_left,myy0129,left,myy0129_0504_left,myy-0129__20260504-left-4_v33__20260504_143343.npz
6users_left,myy0129,left,myy0129_0504_left,myy-0129__20260504-left-4_v33__20260504_143559.npz
6users_left,myy0129,left,myy0129_0504_left,myy-0129__20260504-left-4_v71__20260504_163533.npz
6users_left,myy0129,left,myy0129_0504_left,myy-0129__20260504-left-4_v71__20260504_163813.npz
6users_left,myy0129,left,myy0129_0504_left,myy-0129__20260504-left-4_v71__20260504_164102.npz
6users_left,myy0129,left,myy0129_0504_left,myy-0129__20260504-left-4_v71__20260504_164323.npz
6users_left,myy0129,left,myy0129_0504_left,myy-0129__20260504-left-4_v71__20260504_164543.npz
6users_left,myy0129,left,myy0129_0504_left,myy-0129__20260504-left-4_v71__20260504_164808.npz
6users_left,myy0129,left,myy0129_0504_left,myy-0129__20260504-left-4_v71__20260504_165029.npz
6users_left,myy0129,left,myy0129_0504_left,myy-0129__20260504-left-4_v71__20260504_165301.npz
6users_left,myy0129,left,myy0129_0504_left,myy-0129__20260504-left-4_v71__20260504_165600.npz
6users_left,myy0129,left,myy0129_0504_left,myy-0129__20260504-left-5_v71__20260504_170053.npz
6users_left,myy0129,left,myy0129_0504_left,myy-0129__20260504-left-5_v71__20260504_170320.npz
6users_left,myy0129,left,myy0129_0504_left,myy-0129__20260504-left-5_v71__20260504_170536.npz
6users_left,myy0129,left,myy0129_0504_left,myy-0129__20260504-left-5_v71__20260504_170754.npz
6users_left,myy0129,left,myy0129_0504_left,myy-0129__20260504-left-5_v71__20260504_171012.npz
6users_left,myy0129,left,myy0129_0504_left,myy-0129__20260504-left-5_v71__20260504_171232.npz
6users_left,myy0129,left,myy0129_0504_left,myy-0129__20260504-left-5_v71__20260504_171450.npz
6users_left,myy0129,left,myy0129_0504_left,myy-0129__20260504-left-5_v71__20260504_171709.npz
6users_left,myy0129,left,myy0129_0504_left,myy-0129__20260504-left-6_v71__20260504_172328.npz
6users_left,myy0129,left,myy0129_0504_left,myy-0129__20260504-left-6_v71__20260504_172550.npz
6users_left,myy0129,left,myy0129_0504_left,myy-0129__20260504-left-6_v71__20260504_172807.npz
6users_left,myy0129,left,myy0129_0504_left,myy-0129__20260504-left-6_v71__20260504_173024.npz
6users_left,myy0129,left,myy0129_0504_left,myy-0129__20260504-left-6_v71__20260504_173241.npz
6users_left,myy0129,left,myy0129_0504_left,myy-0129__20260504-left-6_v71__20260504_173501.npz
6users_left,myy0129,left,myy0129_0504_left,myy-0129__20260504-left-6_v71__20260504_173720.npz
6users_left,myy0129,left,myy0129_0504_left,myy-0129__20260504-left-6_v71__20260504_173944.npz
6users_left,myy0129,left,myy0129_0504_left,myy-0129__20260504-left-6_v71__20260504_174232.npz
6users_left,myy0129,left,myy0129_0504_left,myy-0129__20260504-left-6_v71__20260504_174455.npz
6users_left,myy0129,left,myy0129_0504_left,myy-0129__20260504-left-7_v71__20260504_175246.npz
6users_left,myy0129,left,myy0129_0504_left,myy-0129__20260504-left-7_v71__20260504_175503.npz
6users_left,myy0129,left,myy0129_0504_left,myy-0129__20260504-left-7_v71__20260504_175743.npz
6users_left,myy0129,left,myy0129_0504_left,myy-0129__20260504-left-7_v71__20260504_180012.npz
6users_left,myy0129,left,myy0129_0504_left,myy-0129__20260504-left-8_v71__20260504_180933.npz
6users_left,myy0129,left,myy0129_0504_left,myy-0129__20260504-left-8_v71__20260504_181152.npz
6users_left,myy0129,left,myy0129_0504_left,myy-0129__20260504-left-8_v71__20260504_181416.npz
6users_left,myy0129,left,myy0129_0504_left,myy-0129__20260504-left-8_v71__20260504_181655.npz
6users_left,myy0129,left,myy0129_0504_left,myy-0129__20260504-left-8_v71__20260504_181912.npz
6users_left,myy0129,left,myy0129_0504_left,myy-0129__20260504-left-8_v71__20260504_182129.npz
6users_left,myy0129,left,myy0129_0505_left,myy-0129__20260505-left-2__20260505_111819.npz
6users_left,myy0129,left,myy0129_0505_left,myy-0129__20260505-left-2__20260505_112036.npz
6users_left,myy0129,left,myy0129_0505_left,myy-0129__20260505-left-2__20260505_112319.npz
6users_left,myy0129,left,myy0129_0505_left,myy-0129__20260505-left-2__20260505_112535.npz
6users_left,myy0129,left,myy0129_0505_left,myy-0129__20260505-left-2__20260505_113148.npz
6users_left,myy0129,left,myy0129_0505_left,myy-0129__20260505-left-2__20260505_113403.npz
6users_left,myy0129,left,myy0129_0505_left,myy-0129__20260505-left-2__20260505_113622.npz
6users_left,myy0129,left,myy0129_0505_left,myy-0129__20260505-left-2__20260505_113847.npz
6users_left,myy0129,left,myy0129_0505_left,myy-0129__20260505-left-2__20260505_114101.npz
6users_left,myy0129,left,myy0129_0505_left,myy-0129__20260505-left-2__20260505_114326.npz
6users_left,myy0129,left,myy0129_0505_left,myy-0129__20260505-left-2__20260505_114539.npz
6users_left,myy0129,left,myy0129_0505_left,myy-0129__20260505-left-2__20260505_114806.npz
6users_left,myy0129,left,myy0129_0505_left,myy-0129__20260505-left-2__20260505_115038.npz
6users_left,myy0129,left,myy0129_0505_left,myy-0129__20260505-left-2__20260505_115251.npz
6users_left,myy0129,left,myy0129_0505_left,myy-0129__20260505-left-2__20260505_115508.npz
6users_left,myy0129,left,myy0129_0505_left,myy-0129__20260505-left-2__20260505_115722.npz
6users_left,myy0129,left,myy0129_0505_left,myy-0129__20260505-left-2__20260505_115936.npz
6users_left,myy0129,left,myy0129_0505_left,myy-0129__20260505-left-2__20260505_120148.npz
6users_left,myy0129,left,myy0129_0505_left,myy-0129__20260505-left-2__20260505_120402.npz
6users_left,myy0129,left,myy0129_0505_left,myy-0129__20260505-left-2__20260505_120616.npz
6users_left,myy0129,left,myy0129_0505_left,myy-0129__20260505-left-3__20260505_132432.npz
6users_left,myy0129,left,myy0129_0505_left,myy-0129__20260505-left-3__20260505_132648.npz
6users_left,myy0129,left,myy0129_0505_left,myy-0129__20260505-left-3__20260505_132907.npz
6users_left,myy0129,left,myy0129_0505_left,myy-0129__20260505-left-3__20260505_133121.npz
6users_left,myy0129,left,myy0129_0505_left,myy-0129__20260505-left-3__20260505_133340.npz
6users_left,myy0129,left,myy0129_0505_left,myy-0129__20260505-left-3__20260505_133556.npz
6users_left,myy0129,left,myy0129_0505_left,myy-0129__20260505-left-3__20260505_133815.npz
6users_left,myy0129,left,myy0129_0505_left,myy-0129__20260505-left-3__20260505_134030.npz
6users_left,myy0129,left,myy0129_0505_left,myy-0129__20260505-left-3__20260505_134244.npz
6users_left,myy0129,left,myy0129_0505_left,myy-0129__20260505-left-3__20260505_134459.npz
6users_left,myy0129,left,myy0129_0505_left,myy-0129__20260505-left-3__20260505_134714.npz
6users_left,myy0129,left,myy0129_0505_left,myy-0129__20260505-left-3__20260505_134930.npz
6users_left,myy0129,left,myy0129_0505_left,myy-0129__20260505-left-3__20260505_135149.npz
6users_left,myy0129,left,myy0129_0505_left,myy-0129__20260505-left-3__20260505_135407.npz
6users_left,myy0129,left,myy0129_0505_left,myy-0129__20260505-left-3__20260505_135644.npz
6users_left,myy0129,left,myy0129_0505_left,myy-0129__20260505-left-3__20260505_135902.npz
6users_left,myy0129,left,myy0129_0505_left,myy-0129__20260505-left-3__20260505_140116.npz
6users_left,myy0129,left,myy0129_0505_left,myy-0129__20260505-left-3__20260505_140331.npz
6users_left,myy0129,left,myy0129_0505_left,myy-0129__20260505-left-3__20260505_140547.npz
6users_left,myy0129,left,myy0129_0505_left,myy-0129__20260505-left-3__20260505_140802.npz
6users_left,myy0129,left,myy0129_0505_left,myy-0129__20260505-left-4__20260505_141046.npz
6users_left,myy0129,left,myy0129_0505_left,myy-0129__20260505-left-4__20260505_141304.npz
6users_left,myy0129,left,myy0129_0505_left,myy-0129__20260505-left-4__20260505_141520.npz
6users_left,myy0129,left,myy0129_0505_left,myy-0129__20260505-left-4__20260505_141735.npz
6users_left,myy0129,left,myy0129_0505_left,myy-0129__20260505-left-4__20260505_141949.npz
6users_left,myy0129,left,myy0129_0505_left,myy-0129__20260505-left-4__20260505_142206.npz
6users_left,myy0129,left,myy0129_0505_left,myy-0129__20260505-left-4__20260505_142423.npz
6users_left,myy0129,left,myy0129_0505_left,myy-0129__20260505-left-5__20260505_150703.npz
6users_left,myy0129,left,myy0129_0505_left,myy-0129__20260505-left-5__20260505_150918.npz
6users_left,myy0129,left,myy0129_0505_left,myy-0129__20260505-left-5__20260505_151133.npz
6users_left,myy0129,left,myy0129_0505_left,myy-0129__20260505-left-5__20260505_151350.npz
6users_left,myy0129,left,myy0129_0505_left,myy-0129__20260505-left-5__20260505_151604.npz
6users_left,myy0129,left,myy0129_0505_left,myy-0129__20260505-left-5__20260505_151820.npz
6users_left,myy0129,left,myy0129_0505_left,myy-0129__20260505-left-5__20260505_152034.npz
6users_left,myy0129,left,myy0129_0505_left,myy-0129__20260505-left-5__20260505_152248.npz
6users_left,myy0129,left,myy0129_0505_left,myy-0129__20260505-left-5__20260505_152519.npz
6users_left,myy0129,left,myy0129_0505_left,myy-0129__20260505-left-5__20260505_152736.npz
6users_left,myy0129,left,myy0129_0505_left,myy-0129__20260505-left-5__20260505_152952.npz
6users_left,myy0129,left,myy0129_0505_left,myy-0129__20260505-left-5__20260505_153207.npz
6users_left,myy0129,left,myy0129_0505_left,myy-0129__20260505-left-5__20260505_153421.npz
6users_left,myy0129,left,myy0129_0505_left,myy-0129__20260505-left-6__20260505_153818.npz
6users_left,myy0129,left,myy0129_0505_left,myy-0129__20260505-left-6__20260505_154035.npz
6users_left,myy0129,left,myy0129_0505_left,myy-0129__20260505-left-6__20260505_154252.npz
6users_left,myy0129,left,myy0129_0505_left,myy-0129__20260505-left-6__20260505_154508.npz
6users_left,myy0129,left,myy0129_0505_left,myy-0129__20260505-left-6__20260505_154727.npz
6users_left,myy0129,left,myy0129_0505_left,myy-0129__20260505-left-6__20260505_154941.npz
6users_left,myy0129,left,myy0129_0505_left,myy-0129__20260505-left-6__20260505_155155.npz
6users_left,myy0129,left,myy0129_0505_left,myy-0129__20260505-left-6__20260505_155418.npz
6users_left,myy0129,left,myy0129_0505_left,myy-0129__20260505-left-6__20260505_155635.npz
6users_left,myy0129,left,myy0129_0505_left,myy-0129__20260505-left-6__20260505_155851.npz
6users_left,myy0129,left,myy0129_0505_left,myy-0129__20260505-left-6__20260505_160107.npz
6users_left,myy0129,left,myy0129_0505_left,myy-0129__20260505-left-6__20260505_160324.npz
6users_left,myy0129,left,myy0129_0505_left,myy-0129__20260505-left-6__20260505_160610.npz
6users_left,myy0129,left,myy0129_0505_left,myy-0129__20260505-left-6__20260505_160828.npz
6users_left,myy0129,left,myy0129_0505_left,myy-0129__20260505-left-6__20260505_161042.npz
6users_left,myy0129,left,myy0129_0505_left,myy-0129__20260505-left-6__20260505_161300.npz
6users_left,myy0129,left,myy0129_0505_left,myy-0129__20260505-left-6__20260505_161517.npz
6users_left,myy0129,left,myy0129_0505_left,myy-0129__20260505-left-6__20260505_161732.npz
6users_left,myy0129,left,myy0129_0505_left,myy-0129__20260505-left-6__20260505_161952.npz
6users_left,myy0129,left,myy0129_0505_left,myy-0129__20260505-left-6__20260505_162209.npz
6users_left,myy0129,left,myy0129_0505_left,myy-0129__20260505-left-7__20260505_172333.npz
6users_left,myy0129,left,myy0129_0505_left,myy-0129__20260505-left-7__20260505_172548.npz
6users_left,myy0129,left,myy0129_0505_left,myy-0129__20260505-left-7__20260505_172804.npz
6users_left,myy0129,left,myy0129_0505_left,myy-0129__20260505-left-7__20260505_173029.npz
6users_left,myy0129,left,myy0129_0505_left,myy-0129__20260505-left-7__20260505_173245.npz
6users_left,myy0129,left,myy0129_0505_left,myy-0129__20260505-left-7__20260505_173500.npz
6users_left,myy0129,left,myy0129_0505_left,myy-0129__20260505-left-7__20260505_173718.npz
6users_left,myy0129,left,myy0129_0505_left,myy-0129__20260505-left-7__20260505_173949.npz
6users_left,myy0129,left,myy0129_0505_left,myy-0129__20260505-left-7__20260505_174515.npz
6users_left,myy0129,left,myy0129_0505_left,myy-0129__20260505-left-7__20260505_174737.npz
6users_left,myy0129,left,myy0129_0505_left,myy-0129__20260505-left-7__20260505_175007.npz
6users_left,myy0129,left,myy0129_0505_left,myy-0129__20260505-left-7__20260505_175223.npz
6users_left,myy0129,left,myy0129_0505_left,myy-0129__20260505-left-7__20260505_175455.npz
6users_left,myy0129,left,myy0129_0505_left,myy-0129__20260505-left-7__20260505_175742.npz
6users_left,myy0129,left,myy0129_0505_left,myy-0129__20260505-left-7__20260505_175958.npz
6users_left,myy0129,left,myy0129_0505_left,myy-0129__20260505-left-7__20260505_180213.npz
6users_left,myy0129,left,myy0129_0505_left,myy-0129__20260505-left-7__20260505_180428.npz
6users_left,myy0129,left,myy0129_0505_left,myy-0129__20260505-left-7__20260505_180642.npz
6users_left,myy0129,left,myy0129_0505_left,myy-0129__20260505-left-7__20260505_180857.npz
6users_left,myy0129,left,myy0129_0505_left,myy-0129__20260505-left-7__20260505_181113.npz
6users_left,myy0129,left,myy0129_0505_left,myy-0129__20260505-left__20260505_101852.npz
6users_left,myy0129,left,myy0129_0505_left,myy-0129__20260505-left__20260505_102107.npz
6users_left,myy0129,left,myy0129_0505_left,myy-0129__20260505-left__20260505_102322.npz
6users_left,myy0129,left,myy0129_0505_left,myy-0129__20260505-left__20260505_102538.npz
6users_left,myy0129,left,myy0129_0505_left,myy-0129__20260505-left__20260505_102754.npz
6users_left,myy0129,left,myy0129_0505_left,myy-0129__20260505-left__20260505_103012.npz
6users_left,myy0129,left,myy0129_0505_left,myy-0129__20260505-left__20260505_103230.npz
6users_left,myy0129,left,myy0129_0505_left,myy-0129__20260505-left__20260505_103445.npz
6users_left,myy0129,left,myy0129_0505_left,myy-0129__20260505-left__20260505_103659.npz
6users_left,myy0129,left,myy0129_0505_left,myy-0129__20260505-left__20260505_103913.npz
6users_left,myy0129,left,myy0129_0505_left,myy-0129__20260505-left__20260505_104128.npz
6users_left,myy0129,left,myy0129_0505_left,myy-0129__20260505-left__20260505_104342.npz
6users_left,myy0129,left,myy0129_0505_left,myy-0129__20260505-left__20260505_104556.npz
6users_left,myy0129,left,myy0129_0505_left,myy-0129__20260505-left__20260505_104811.npz
6users_left,myy0129,left,myy0129_0505_left,myy-0129__20260505-left__20260505_105026.npz
6users_left,myy0129,left,myy0129_0505_left,myy-0129__20260505-left__20260505_105240.npz
6users_left,myy0129,left,myy0129_0505_left,myy-0129__20260505-left__20260505_105455.npz
6users_left,myy0129,left,myy0129_0505_left,myy-0129__20260505-left__20260505_105710.npz
6users_left,myy0129,left,myy0129_0505_left,myy-0129__20260505-left__20260505_105925.npz
6users_left,myy0129,left,myy0129_0505_left,myy-0129__20260505-left__20260505_110140.npz
6users_left,wxg0901,left,wxg0901_0501_run1,wxg-0901__20260501-left-2__20260501_131821.npz
6users_left,wxg0901,left,wxg0901_0501_run1,wxg-0901__20260501-left-2__20260501_132036.npz
6users_left,wxg0901,left,wxg0901_0501_run1,wxg-0901__20260501-left-2__20260501_132251.npz
6users_left,wxg0901,left,wxg0901_0501_run1,wxg-0901__20260501-left-2__20260501_132506.npz
6users_left,wxg0901,left,wxg0901_0501_run1,wxg-0901__20260501-left-2__20260501_132723.npz
6users_left,wxg0901,left,wxg0901_0501_run1,wxg-0901__20260501-left-2__20260501_133019.npz
6users_left,wxg0901,left,wxg0901_0501_run1,wxg-0901__20260501-left-2__20260501_133234.npz
6users_left,wxg0901,left,wxg0901_0501_run1,wxg-0901__20260501-left-2__20260501_133448.npz
6users_left,wxg0901,left,wxg0901_0501_run1,wxg-0901__20260501-left-2__20260501_133702.npz
6users_left,wxg0901,left,wxg0901_0501_run1,wxg-0901__20260501-left-2__20260501_133918.npz
6users_left,wxg0901,left,wxg0901_0501_run1,wxg-0901__20260501-left-2__20260501_134133.npz
6users_left,wxg0901,left,wxg0901_0501_run1,wxg-0901__20260501-left-2__20260501_134347.npz
6users_left,wxg0901,left,wxg0901_0501_run1,wxg-0901__20260501-left-2__20260501_134605.npz
6users_left,wxg0901,left,wxg0901_0501_run1,wxg-0901__20260501-left-2__20260501_134819.npz
6users_left,wxg0901,left,wxg0901_0501_run1,wxg-0901__20260501-left-2__20260501_135033.npz
6users_left,wxg0901,left,wxg0901_0501_run1,wxg-0901__20260501-left-2__20260501_135247.npz
6users_left,wxg0901,left,wxg0901_0501_run1,wxg-0901__20260501-left-2__20260501_135503.npz
6users_left,wxg0901,left,wxg0901_0501_run1,wxg-0901__20260501-left-2__20260501_135717.npz
6users_left,wxg0901,left,wxg0901_0501_run1,wxg-0901__20260501-left-2__20260501_135932.npz
6users_left,wxg0901,left,wxg0901_0501_run1,wxg-0901__20260501-left-2__20260501_140149.npz
6users_left,wxg0901,left,wxg0901_0501_run1,wxg-0901__20260501-left-2__20260501_140405.npz
6users_left,wxg0901,left,wxg0901_0501_run1,wxg-0901__20260501-left-2__20260501_140630.npz
6users_left,wxg0901,left,wxg0901_0501_run1,wxg-0901__20260501-left-2__20260501_140846.npz
6users_left,wxg0901,left,wxg0901_0501_run1,wxg-0901__20260501-left-2__20260501_141102.npz
6users_left,wxg0901,left,wxg0901_0501_run1,wxg-0901__20260501-left-2__20260501_141320.npz
6users_left,wxg0901,left,wxg0901_0501_run1,wxg-0901__20260501-left-2__20260501_141632.npz
6users_left,wxg0901,left,wxg0901_0501_run1,wxg-0901__20260501-left-2__20260501_141847.npz
6users_left,wxg0901,left,wxg0901_0501_run1,wxg-0901__20260501-left-2__20260501_142104.npz
6users_left,wxg0901,left,wxg0901_0501_run1,wxg-0901__20260501-left-2__20260501_142327.npz
6users_left,wxg0901,left,wxg0901_0501_run1,wxg-0901__20260501-left-2__20260501_183803.npz
6users_left,wxg0901,left,wxg0901_0501_run1,wxg-0901__20260501-left-2__20260501_184020.npz
6users_left,wxg0901,left,wxg0901_0501_run1,wxg-0901__20260501-left-2__20260501_184237.npz
6users_left,wxg0901,left,wxg0901_0501_run1,wxg-0901__20260501-left-2__20260501_184453.npz
6users_left,wxg0901,left,wxg0901_0501_run1,wxg-0901__20260501-left-2__20260501_184735.npz
6users_left,wxg0901,left,wxg0901_0501_run1,wxg-0901__20260501-left-2__20260501_184954.npz
6users_left,wxg0901,left,wxg0901_0501_run1,wxg-0901__20260501-left-2__20260501_185212.npz
6users_left,wxg0901,left,wxg0901_0501_run1,wxg-0901__20260501-left-2__20260501_185430.npz
6users_left,wxg0901,left,wxg0901_0501_run1,wxg-0901__20260501-left-3__20260501_145517.npz
6users_left,wxg0901,left,wxg0901_0501_run1,wxg-0901__20260501-left-3__20260501_145734.npz
6users_left,wxg0901,left,wxg0901_0501_run1,wxg-0901__20260501-left-3__20260501_145953.npz
6users_left,wxg0901,left,wxg0901_0501_run1,wxg-0901__20260501-left-3__20260501_150208.npz
6users_left,wxg0901,left,wxg0901_0501_run1,wxg-0901__20260501-left-3__20260501_150425.npz
6users_left,wxg0901,left,wxg0901_0501_run1,wxg-0901__20260501-left-3__20260501_150641.npz
6users_left,wxg0901,left,wxg0901_0501_run1,wxg-0901__20260501-left-3__20260501_150855.npz
6users_left,wxg0901,left,wxg0901_0501_run1,wxg-0901__20260501-left-3__20260501_151109.npz
6users_left,wxg0901,left,wxg0901_0501_run1,wxg-0901__20260501-left-3__20260501_151324.npz
6users_left,wxg0901,left,wxg0901_0501_run1,wxg-0901__20260501-left-3__20260501_151537.npz
6users_left,wxg0901,left,wxg0901_0501_run1,wxg-0901__20260501-left-3__20260501_151751.npz
6users_left,wxg0901,left,wxg0901_0501_run1,wxg-0901__20260501-left-3__20260501_152007.npz
6users_left,wxg0901,left,wxg0901_0501_run1,wxg-0901__20260501-left-3__20260501_152223.npz
6users_left,wxg0901,left,wxg0901_0501_run1,wxg-0901__20260501-left-3__20260501_152438.npz
6users_left,wxg0901,left,wxg0901_0501_run1,wxg-0901__20260501-left-3__20260501_152656.npz
6users_left,wxg0901,left,wxg0901_0501_run1,wxg-0901__20260501-left-3__20260501_152913.npz
6users_left,wxg0901,left,wxg0901_0501_run1,wxg-0901__20260501-left-3__20260501_153129.npz
6users_left,wxg0901,left,wxg0901_0501_run1,wxg-0901__20260501-left-3__20260501_153343.npz
6users_left,wxg0901,left,wxg0901_0501_run1,wxg-0901__20260501-left-3__20260501_153601.npz
6users_left,wxg0901,left,wxg0901_0501_run1,wxg-0901__20260501-left-3__20260501_153816.npz
6users_left,wxg0901,left,wxg0901_0501_run1,wxg-0901__20260501-left-3__20260501_154034.npz
6users_left,wxg0901,left,wxg0901_0501_run1,wxg-0901__20260501-left-3__20260501_154318.npz
6users_left,wxg0901,left,wxg0901_0501_run1,wxg-0901__20260501-left-3__20260501_154533.npz
6users_left,wxg0901,left,wxg0901_0501_run1,wxg-0901__20260501-left-3__20260501_154747.npz
6users_left,wxg0901,left,wxg0901_0501_run1,wxg-0901__20260501-left-3__20260501_155000.npz
6users_left,wxg0901,left,wxg0901_0501_run1,wxg-0901__20260501-left-3__20260501_155214.npz
6users_left,wxg0901,left,wxg0901_0501_run1,wxg-0901__20260501-left-3__20260501_155428.npz
6users_left,wxg0901,left,wxg0901_0501_run1,wxg-0901__20260501-left-3__20260501_155642.npz
6users_left,wxg0901,left,wxg0901_0501_run1,wxg-0901__20260501-left-3__20260501_155857.npz
6users_left,wxg0901,left,wxg0901_0501_run1,wxg-0901__20260501-left-3__20260501_160114.npz
6users_left,wxg0901,left,wxg0901_0501_run1,wxg-0901__20260501-left-3__20260501_160331.npz
6users_left,wxg0901,left,wxg0901_0501_run1,wxg-0901__20260501-left-3__20260501_160545.npz
6users_left,wxg0901,left,wxg0901_0501_run1,wxg-0901__20260501-left-3__20260501_160805.npz
6users_left,wxg0901,left,wxg0901_0501_run1,wxg-0901__20260501-left-3__20260501_161023.npz
6users_left,wxg0901,left,wxg0901_0501_run1,wxg-0901__20260501-left-3__20260501_161240.npz
6users_left,wxg0901,left,wxg0901_0501_run1,wxg-0901__20260501-left-3__20260501_161458.npz
6users_left,wxg0901,left,wxg0901_0501_run1,wxg-0901__20260501-left-3__20260501_161718.npz
6users_left,wxg0901,left,wxg0901_0501_run1,wxg-0901__20260501-left__20260501_113801.npz
6users_left,wxg0901,left,wxg0901_0501_run1,wxg-0901__20260501-left__20260501_114017.npz
6users_left,wxg0901,left,wxg0901_0501_run1,wxg-0901__20260501-left__20260501_114232.npz
6users_left,wxg0901,left,wxg0901_0501_run1,wxg-0901__20260501-left__20260501_114851.npz
6users_left,wxg0901,left,wxg0901_0501_run1,wxg-0901__20260501-left__20260501_115108.npz
6users_left,wxg0901,left,wxg0901_0501_run1,wxg-0901__20260501-left__20260501_115323.npz
6users_left,wxg0901,left,wxg0901_0501_run1,wxg-0901__20260501-left__20260501_115542.npz
6users_left,wxg0901,left,wxg0901_0501_run1,wxg-0901__20260501-left__20260501_115758.npz
6users_left,wxg0901,left,wxg0901_0501_run1,wxg-0901__20260501-left__20260501_175109.npz
6users_left,wxg0901,left,wxg0901_0501_run1,wxg-0901__20260501-left__20260501_175325.npz
6users_left,wxg0901,left,wxg0901_0501_run1,wxg-0901__20260501-left__20260501_175542.npz
6users_left,wxg0901,left,wxg0901_0501_run1,wxg-0901__20260501-left__20260501_175800.npz
6users_left,wxg0901,left,wxg0901_0501_run1,wxg-0901__20260501-left__20260501_180016.npz
6users_left,wxg0901,left,wxg0901_0501_run1,wxg-0901__20260501-left__20260501_180233.npz
6users_left,wxg0901,left,wxg0901_0501_run1,wxg-0901__20260501-left__20260501_180452.npz
6users_left,wxg0901,left,wxg0901_0501_run1,wxg-0901__20260501-left__20260501_180709.npz
6users_left,wxg0901,left,wxg0901_0501_run1,wxg-0901__20260501-left__20260501_180924.npz
6users_left,wxg0901,left,wxg0901_0501_run1,wxg-0901__20260501-left__20260501_181139.npz
6users_left,wxg0901,left,wxg0901_0501_run1,wxg-0901__20260501-left__20260501_181355.npz
6users_left,wxg0901,left,wxg0901_0501_run1,wxg-0901__20260501-left__20260501_181613.npz
6users_left,wxg0901,left,wxg0901_0501_run1,wxg-0901__20260501-left__20260501_181833.npz
6users_left,wxg0901,left,wxg0901_0502_left,wxg-0901__20260502-left-10__20260502_153835.npz
6users_left,wxg0901,left,wxg0901_0502_left,wxg-0901__20260502-left-10__20260502_154338.npz
6users_left,wxg0901,left,wxg0901_0502_left,wxg-0901__20260502-left-10__20260502_154553.npz
6users_left,wxg0901,left,wxg0901_0502_left,wxg-0901__20260502-left-10__20260502_154810.npz
6users_left,wxg0901,left,wxg0901_0502_left,wxg-0901__20260502-left-10__20260502_155023.npz
6users_left,wxg0901,left,wxg0901_0502_left,wxg-0901__20260502-left-10__20260502_155237.npz
6users_left,wxg0901,left,wxg0901_0502_left,wxg-0901__20260502-left-10__20260502_155450.npz
6users_left,wxg0901,left,wxg0901_0502_left,wxg-0901__20260502-left-10__20260502_155708.npz
6users_left,wxg0901,left,wxg0901_0502_left,wxg-0901__20260502-left-10__20260502_155923.npz
6users_left,wxg0901,left,wxg0901_0502_left,wxg-0901__20260502-left-10__20260502_160138.npz
6users_left,wxg0901,left,wxg0901_0502_left,wxg-0901__20260502-left-10__20260502_160356.npz
6users_left,wxg0901,left,wxg0901_0502_left,wxg-0901__20260502-left-10__20260502_160610.npz
6users_left,wxg0901,left,wxg0901_0502_left,wxg-0901__20260502-left-10__20260502_160829.npz
6users_left,wxg0901,left,wxg0901_0502_left,wxg-0901__20260502-left-10__20260502_161045.npz
6users_left,wxg0901,left,wxg0901_0502_left,wxg-0901__20260502-left-10__20260502_161302.npz
6users_left,wxg0901,left,wxg0901_0502_left,wxg-0901__20260502-left-10__20260502_161517.npz
6users_left,wxg0901,left,wxg0901_0502_left,wxg-0901__20260502-left-10__20260502_161731.npz
6users_left,wxg0901,left,wxg0901_0502_left,wxg-0901__20260502-left-10__20260502_161952.npz
6users_left,wxg0901,left,wxg0901_0502_left,wxg-0901__20260502-left-10__20260502_162227.npz
6users_left,wxg0901,left,wxg0901_0502_left,wxg-0901__20260502-left-10__20260502_162447.npz
6users_left,wxg0901,left,wxg0901_0502_left,wxg-0901__20260502-left-10__20260502_162703.npz
6users_left,wxg0901,left,wxg0901_0502_left,wxg-0901__20260502-left-10__20260502_162929.npz
6users_left,wxg0901,left,wxg0901_0502_left,wxg-0901__20260502-left-10__20260502_163201.npz
6users_left,wxg0901,left,wxg0901_0502_left,wxg-0901__20260502-left-10__20260502_163424.npz
6users_left,wxg0901,left,wxg0901_0502_left,wxg-0901__20260502-left-10__20260502_163643.npz
6users_left,wxg0901,left,wxg0901_0502_left,wxg-0901__20260502-left-10__20260502_163858.npz
6users_left,wxg0901,left,wxg0901_0502_left,wxg-0901__20260502-left-10__20260502_164113.npz
6users_left,wxg0901,left,wxg0901_0502_left,wxg-0901__20260502-left-10__20260502_164330.npz
6users_left,wxg0901,left,wxg0901_0502_left,wxg-0901__20260502-left-10__20260502_164553.npz
6users_left,wxg0901,left,wxg0901_0502_left,wxg-0901__20260502-left-10__20260502_164812.npz
6users_left,wxg0901,left,wxg0901_0502_left,wxg-0901__20260502-left-10__20260502_165028.npz
6users_left,wxg0901,left,wxg0901_0502_left,wxg-0901__20260502-left-10__20260502_165243.npz
6users_left,wxg0901,left,wxg0901_0502_left,wxg-0901__20260502-left-11__20260502_172835.npz
6users_left,wxg0901,left,wxg0901_0502_left,wxg-0901__20260502-left-11__20260502_173107.npz
6users_left,wxg0901,left,wxg0901_0502_left,wxg-0901__20260502-left-11__20260502_173321.npz
6users_left,wxg0901,left,wxg0901_0502_left,wxg-0901__20260502-left-11__20260502_173535.npz
6users_left,wxg0901,left,wxg0901_0502_left,wxg-0901__20260502-left-12__20260502_173900.npz
6users_left,wxg0901,left,wxg0901_0502_left,wxg-0901__20260502-left-12__20260502_174117.npz
6users_left,wxg0901,left,wxg0901_0502_left,wxg-0901__20260502-left-12__20260502_174333.npz
6users_left,wxg0901,left,wxg0901_0502_left,wxg-0901__20260502-left-12__20260502_174548.npz
6users_left,wxg0901,left,wxg0901_0502_left,wxg-0901__20260502-left-12__20260502_174801.npz
6users_left,wxg0901,left,wxg0901_0502_left,wxg-0901__20260502-left-12__20260502_175017.npz
6users_left,wxg0901,left,wxg0901_0502_left,wxg-0901__20260502-left-12__20260502_175231.npz
6users_left,wxg0901,left,wxg0901_0502_left,wxg-0901__20260502-left-12__20260502_175444.npz
6users_left,wxg0901,left,wxg0901_0502_left,wxg-0901__20260502-left-12__20260502_175657.npz
6users_left,wxg0901,left,wxg0901_0502_left,wxg-0901__20260502-left-12__20260502_180150.npz
6users_left,wxg0901,left,wxg0901_0502_left,wxg-0901__20260502-left-12__20260502_180409.npz
6users_left,wxg0901,left,wxg0901_0502_left,wxg-0901__20260502-left-13__20260502_182734.npz
6users_left,wxg0901,left,wxg0901_0502_left,wxg-0901__20260502-left-13__20260502_182953.npz
6users_left,wxg0901,left,wxg0901_0502_left,wxg-0901__20260502-left-13__20260502_183208.npz
6users_left,wxg0901,left,wxg0901_0502_left,wxg-0901__20260502-left-13__20260502_183422.npz
6users_left,wxg0901,left,wxg0901_0502_left,wxg-0901__20260502-left-13__20260502_183638.npz
6users_left,wxg0901,left,wxg0901_0502_left,wxg-0901__20260502-left-2__20260502_102854.npz
6users_left,wxg0901,left,wxg0901_0502_left,wxg-0901__20260502-left-2__20260502_103109.npz
6users_left,wxg0901,left,wxg0901_0502_left,wxg-0901__20260502-left-2__20260502_103324.npz
6users_left,wxg0901,left,wxg0901_0502_left,wxg-0901__20260502-left-2__20260502_103543.npz
6users_left,wxg0901,left,wxg0901_0502_left,wxg-0901__20260502-left-2__20260502_103759.npz
6users_left,wxg0901,left,wxg0901_0502_left,wxg-0901__20260502-left-2__20260502_104015.npz
6users_left,wxg0901,left,wxg0901_0502_left,wxg-0901__20260502-left-2__20260502_104233.npz
6users_left,wxg0901,left,wxg0901_0502_left,wxg-0901__20260502-left-2__20260502_104450.npz
6users_left,wxg0901,left,wxg0901_0502_left,wxg-0901__20260502-left-2__20260502_104708.npz
6users_left,wxg0901,left,wxg0901_0502_left,wxg-0901__20260502-left-2__20260502_104925.npz
6users_left,wxg0901,left,wxg0901_0502_left,wxg-0901__20260502-left-2__20260502_105203.npz
6users_left,wxg0901,left,wxg0901_0502_left,wxg-0901__20260502-left-3__20260502_111143.npz
6users_left,wxg0901,left,wxg0901_0502_left,wxg-0901__20260502-left-3__20260502_111400.npz
6users_left,wxg0901,left,wxg0901_0502_left,wxg-0901__20260502-left-3__20260502_111615.npz
6users_left,wxg0901,left,wxg0901_0502_left,wxg-0901__20260502-left-3__20260502_111829.npz
6users_left,wxg0901,left,wxg0901_0502_left,wxg-0901__20260502-left-3__20260502_112048.npz
6users_left,wxg0901,left,wxg0901_0502_left,wxg-0901__20260502-left-3__20260502_112303.npz
6users_left,wxg0901,left,wxg0901_0502_left,wxg-0901__20260502-left-3__20260502_112520.npz
6users_left,wxg0901,left,wxg0901_0502_left,wxg-0901__20260502-left-3__20260502_112734.npz
6users_left,wxg0901,left,wxg0901_0502_left,wxg-0901__20260502-left-3__20260502_112949.npz
6users_left,wxg0901,left,wxg0901_0502_left,wxg-0901__20260502-left-3__20260502_113206.npz
6users_left,wxg0901,left,wxg0901_0502_left,wxg-0901__20260502-left-3__20260502_113421.npz
6users_left,wxg0901,left,wxg0901_0502_left,wxg-0901__20260502-left-3__20260502_113636.npz
6users_left,wxg0901,left,wxg0901_0502_left,wxg-0901__20260502-left-3__20260502_113852.npz
6users_left,wxg0901,left,wxg0901_0502_left,wxg-0901__20260502-left-3__20260502_114109.npz
6users_left,wxg0901,left,wxg0901_0502_left,wxg-0901__20260502-left-4__20260502_131051.npz
6users_left,wxg0901,left,wxg0901_0502_left,wxg-0901__20260502-left-4__20260502_131313.npz
6users_left,wxg0901,left,wxg0901_0502_left,wxg-0901__20260502-left-4__20260502_131541.npz
6users_left,wxg0901,left,wxg0901_0502_left,wxg-0901__20260502-left-4__20260502_131801.npz
6users_left,wxg0901,left,wxg0901_0502_left,wxg-0901__20260502-left-4__20260502_132022.npz
6users_left,wxg0901,left,wxg0901_0502_left,wxg-0901__20260502-left-4__20260502_132242.npz
6users_left,wxg0901,left,wxg0901_0502_left,wxg-0901__20260502-left-4__20260502_132500.npz
6users_left,wxg0901,left,wxg0901_0502_left,wxg-0901__20260502-left-4__20260502_132718.npz
6users_left,wxg0901,left,wxg0901_0502_left,wxg-0901__20260502-left-4__20260502_132940.npz
6users_left,wxg0901,left,wxg0901_0502_left,wxg-0901__20260502-left-5__20260502_134056.npz
6users_left,wxg0901,left,wxg0901_0502_left,wxg-0901__20260502-left-5__20260502_134330.npz
6users_left,wxg0901,left,wxg0901_0502_left,wxg-0901__20260502-left-5__20260502_134617.npz
6users_left,wxg0901,left,wxg0901_0502_left,wxg-0901__20260502-left-5__20260502_134833.npz
6users_left,wxg0901,left,wxg0901_0502_left,wxg-0901__20260502-left-6__20260502_135158.npz
6users_left,wxg0901,left,wxg0901_0502_left,wxg-0901__20260502-left-6__20260502_135414.npz
6users_left,wxg0901,left,wxg0901_0502_left,wxg-0901__20260502-left-6__20260502_135642.npz
6users_left,wxg0901,left,wxg0901_0502_left,wxg-0901__20260502-left-6__20260502_135948.npz
6users_left,wxg0901,left,wxg0901_0502_left,wxg-0901__20260502-left-6__20260502_140205.npz
6users_left,wxg0901,left,wxg0901_0502_left,wxg-0901__20260502-left-6__20260502_140420.npz
6users_left,wxg0901,left,wxg0901_0502_left,wxg-0901__20260502-left-6__20260502_140638.npz
6users_left,wxg0901,left,wxg0901_0502_left,wxg-0901__20260502-left-6__20260502_140854.npz
6users_left,wxg0901,left,wxg0901_0502_left,wxg-0901__20260502-left-6__20260502_141109.npz
6users_left,wxg0901,left,wxg0901_0502_left,wxg-0901__20260502-left-6__20260502_141324.npz
6users_left,wxg0901,left,wxg0901_0502_left,wxg-0901__20260502-left-6__20260502_141541.npz
6users_left,wxg0901,left,wxg0901_0502_left,wxg-0901__20260502-left-6__20260502_141756.npz
6users_left,wxg0901,left,wxg0901_0502_left,wxg-0901__20260502-left-6__20260502_142012.npz
6users_left,wxg0901,left,wxg0901_0502_left,wxg-0901__20260502-left-7__20260502_143623.npz
6users_left,wxg0901,left,wxg0901_0502_left,wxg-0901__20260502-left-8__20260502_144322.npz
6users_left,wxg0901,left,wxg0901_0502_left,wxg-0901__20260502-left-8__20260502_144536.npz
6users_left,wxg0901,left,wxg0901_0502_left,wxg-0901__20260502-left-8__20260502_144840.npz
6users_left,wxg0901,left,wxg0901_0502_left,wxg-0901__20260502-left-8__20260502_145135.npz
6users_left,wxg0901,left,wxg0901_0502_left,wxg-0901__20260502-left-8__20260502_145408.npz
6users_left,wxg0901,left,wxg0901_0502_left,wxg-0901__20260502-left-9__20260502_145911.npz
6users_left,wxg0901,left,wxg0901_0502_left,wxg-0901__20260502-left-9__20260502_150124.npz
6users_left,wxg0901,left,wxg0901_0502_left,wxg-0901__20260502-left-9__20260502_150339.npz
6users_left,wxg0901,left,wxg0901_0502_left,wxg-0901__20260502-left-9__20260502_150554.npz
6users_left,wxg0901,left,wxg0901_0502_left,wxg-0901__20260502-left-9__20260502_150813.npz
6users_left,wxg0901,left,wxg0901_0502_left,wxg-0901__20260502-left-9__20260502_151027.npz
6users_left,wxg0901,left,wxg0901_0502_left,wxg-0901__20260502-left-9__20260502_151240.npz
6users_left,wxg0901,left,wxg0901_0502_left,wxg-0901__20260502-left-9__20260502_151457.npz
6users_left,wxg0901,left,wxg0901_0502_left,wxg-0901__20260502-left-9__20260502_151713.npz
6users_left,wxg0901,left,wxg0901_0502_left,wxg-0901__20260502-left-9__20260502_152021.npz
6users_left,wxg0901,left,wxg0901_0502_left,wxg-0901__20260502-left__20260502_102304.npz
6users_left,wxg0901,left,wxg0901_0504_left,wxg-0901__20260504-left-2_v33__20260504_105850.npz
6users_left,wxg0901,left,wxg0901_0504_left,wxg-0901__20260504-left-2_v33__20260504_110107.npz
6users_left,wxg0901,left,wxg0901_0504_left,wxg-0901__20260504-left-2_v33__20260504_110324.npz
6users_left,wxg0901,left,wxg0901_0504_left,wxg-0901__20260504-left-2_v33__20260504_133529.npz
6users_left,wxg0901,left,wxg0901_0504_left,wxg-0901__20260504-left-2_v33__20260504_133747.npz
6users_left,wxg0901,left,wxg0901_0504_left,wxg-0901__20260504-left-2_v33__20260504_134003.npz
6users_left,wxg0901,left,wxg0901_0504_left,wxg-0901__20260504-left-2_v33__20260504_134218.npz
6users_left,wxg0901,left,wxg0901_0504_left,wxg-0901__20260504-left-2_v33__20260504_134435.npz
6users_left,wxg0901,left,wxg0901_0504_left,wxg-0901__20260504-left-2_v33__20260504_134649.npz
6users_left,wxg0901,left,wxg0901_0504_left,wxg-0901__20260504-left-2_v33__20260504_134951.npz
6users_left,wxg0901,left,wxg0901_0504_left,wxg-0901__20260504-left-2_v33__20260504_135207.npz
6users_left,wxg0901,left,wxg0901_0504_left,wxg-0901__20260504-left-2_v33__20260504_135425.npz
6users_left,wxg0901,left,wxg0901_0504_left,wxg-0901__20260504-left-2_v33__20260504_135642.npz
6users_left,wxg0901,left,wxg0901_0504_left,wxg-0901__20260504-left-2_v33__20260504_135859.npz
6users_left,wxg0901,left,wxg0901_0504_left,wxg-0901__20260504-left-2_v33__20260504_140115.npz
6users_left,wxg0901,left,wxg0901_0504_left,wxg-0901__20260504-left-2_v33__20260504_140330.npz
6users_left,wxg0901,left,wxg0901_0504_left,wxg-0901__20260504-left-2_v33__20260504_140547.npz
6users_left,wxg0901,left,wxg0901_0504_left,wxg-0901__20260504-left-2_v33__20260504_140802.npz
6users_left,wxg0901,left,wxg0901_0504_left,wxg-0901__20260504-left-2_v71__20260504_155620.npz
6users_left,wxg0901,left,wxg0901_0504_left,wxg-0901__20260504-left-2_v71__20260504_155835.npz
6users_left,wxg0901,left,wxg0901_0504_left,wxg-0901__20260504-left-2_v71__20260504_160051.npz
6users_left,wxg0901,left,wxg0901_0504_left,wxg-0901__20260504-left-2_v71__20260504_160306.npz
6users_left,wxg0901,left,wxg0901_0504_left,wxg-0901__20260504-left-2_v71__20260504_160520.npz
6users_left,wxg0901,left,wxg0901_0504_left,wxg-0901__20260504-left-2_v71__20260504_160811.npz
6users_left,wxg0901,left,wxg0901_0504_left,wxg-0901__20260504-left-2_v71__20260504_161025.npz
6users_left,wxg0901,left,wxg0901_0504_left,wxg-0901__20260504-left-2_v71__20260504_161240.npz
6users_left,wxg0901,left,wxg0901_0504_left,wxg-0901__20260504-left-2_v71__20260504_161455.npz
6users_left,wxg0901,left,wxg0901_0504_left,wxg-0901__20260504-left-2_v71__20260504_161711.npz
6users_left,wxg0901,left,wxg0901_0504_left,wxg-0901__20260504-left-3_v33__20260504_110816.npz
6users_left,wxg0901,left,wxg0901_0504_left,wxg-0901__20260504-left-3_v33__20260504_111031.npz
6users_left,wxg0901,left,wxg0901_0504_left,wxg-0901__20260504-left-3_v33__20260504_111254.npz
6users_left,wxg0901,left,wxg0901_0504_left,wxg-0901__20260504-left-3_v33__20260504_141404.npz
6users_left,wxg0901,left,wxg0901_0504_left,wxg-0901__20260504-left-3_v33__20260504_141622.npz
6users_left,wxg0901,left,wxg0901_0504_left,wxg-0901__20260504-left-3_v33__20260504_141844.npz
6users_left,wxg0901,left,wxg0901_0504_left,wxg-0901__20260504-left-3_v71__20260504_162204.npz
6users_left,wxg0901,left,wxg0901_0504_left,wxg-0901__20260504-left-3_v71__20260504_162418.npz
6users_left,wxg0901,left,wxg0901_0504_left,wxg-0901__20260504-left-3_v71__20260504_162633.npz
6users_left,wxg0901,left,wxg0901_0504_left,wxg-0901__20260504-left-3_v71__20260504_162848.npz
6users_left,wxg0901,left,wxg0901_0504_left,wxg-0901__20260504-left-3_v71__20260504_163102.npz
6users_left,wxg0901,left,wxg0901_0504_left,wxg-0901__20260504-left-3_v71__20260504_163317.npz
6users_left,wxg0901,left,wxg0901_0504_left,wxg-0901__20260504-left-3_v71__20260504_163532.npz
6users_left,wxg0901,left,wxg0901_0504_left,wxg-0901__20260504-left-3_v71__20260504_163752.npz
6users_left,wxg0901,left,wxg0901_0504_left,wxg-0901__20260504-left-3_v71__20260504_164007.npz
6users_left,wxg0901,left,wxg0901_0504_left,wxg-0901__20260504-left-3_v71__20260504_164222.npz
6users_left,wxg0901,left,wxg0901_0504_left,wxg-0901__20260504-left-4_v33__20260504_113418.npz
6users_left,wxg0901,left,wxg0901_0504_left,wxg-0901__20260504-left-4_v33__20260504_113635.npz
6users_left,wxg0901,left,wxg0901_0504_left,wxg-0901__20260504-left-4_v33__20260504_113853.npz
6users_left,wxg0901,left,wxg0901_0504_left,wxg-0901__20260504-left-4_v33__20260504_114108.npz
6users_left,wxg0901,left,wxg0901_0504_left,wxg-0901__20260504-left-4_v33__20260504_114330.npz
6users_left,wxg0901,left,wxg0901_0504_left,wxg-0901__20260504-left-4_v33__20260504_142442.npz
6users_left,wxg0901,left,wxg0901_0504_left,wxg-0901__20260504-left-4_v33__20260504_142658.npz
6users_left,wxg0901,left,wxg0901_0504_left,wxg-0901__20260504-left-4_v33__20260504_142920.npz
6users_left,wxg0901,left,wxg0901_0504_left,wxg-0901__20260504-left-4_v33__20260504_143135.npz
6users_left,wxg0901,left,wxg0901_0504_left,wxg-0901__20260504-left-4_v33__20260504_143350.npz
6users_left,wxg0901,left,wxg0901_0504_left,wxg-0901__20260504-left-4_v71__20260504_165322.npz
6users_left,wxg0901,left,wxg0901_0504_left,wxg-0901__20260504-left-5_v33__20260504_115254.npz
6users_left,wxg0901,left,wxg0901_0504_left,wxg-0901__20260504-left-5_v71__20260504_171055.npz
6users_left,wxg0901,left,wxg0901_0504_left,wxg-0901__20260504-left-5_v71__20260504_171315.npz
6users_left,wxg0901,left,wxg0901_0504_left,wxg-0901__20260504-left-5_v71__20260504_171530.npz
6users_left,wxg0901,left,wxg0901_0504_left,wxg-0901__20260504-left-5_v71__20260504_171743.npz
6users_left,wxg0901,left,wxg0901_0504_left,wxg-0901__20260504-left-5_v71__20260504_171956.npz
6users_left,wxg0901,left,wxg0901_0504_left,wxg-0901__20260504-left-5_v71__20260504_172209.npz
6users_left,wxg0901,left,wxg0901_0504_left,wxg-0901__20260504-left-5_v71__20260504_172425.npz
6users_left,wxg0901,left,wxg0901_0504_left,wxg-0901__20260504-left-5_v71__20260504_172641.npz
6users_left,wxg0901,left,wxg0901_0504_left,wxg-0901__20260504-left-5_v71__20260504_172858.npz
6users_left,wxg0901,left,wxg0901_0504_left,wxg-0901__20260504-left-5_v71__20260504_173110.npz
6users_left,wxg0901,left,wxg0901_0504_left,wxg-0901__20260504-left-5_v71__20260504_173324.npz
6users_left,wxg0901,left,wxg0901_0504_left,wxg-0901__20260504-left-5_v71__20260504_173537.npz
6users_left,wxg0901,left,wxg0901_0504_left,wxg-0901__20260504-left-5_v71__20260504_173752.npz
6users_left,wxg0901,left,wxg0901_0504_left,wxg-0901__20260504-left-5_v71__20260504_174006.npz
6users_left,wxg0901,left,wxg0901_0504_left,wxg-0901__20260504-left-5_v71__20260504_174221.npz
6users_left,wxg0901,left,wxg0901_0504_left,wxg-0901__20260504-left-6_v71__20260504_174451.npz
6users_left,wxg0901,left,wxg0901_0504_left,wxg-0901__20260504-left-6_v71__20260504_174705.npz
6users_left,wxg0901,left,wxg0901_0504_left,wxg-0901__20260504-left-6_v71__20260504_174920.npz
6users_left,wxg0901,left,wxg0901_0504_left,wxg-0901__20260504-left-6_v71__20260504_175134.npz
6users_left,wxg0901,left,wxg0901_0504_left,wxg-0901__20260504-left-6_v71__20260504_175347.npz
6users_left,wxg0901,left,wxg0901_0504_left,wxg-0901__20260504-left-6_v71__20260504_175600.npz
6users_left,wxg0901,left,wxg0901_0504_left,wxg-0901__20260504-left-6_v71__20260504_175814.npz
6users_left,wxg0901,left,wxg0901_0504_left,wxg-0901__20260504-left-6_v71__20260504_180025.npz
6users_left,wxg0901,left,wxg0901_0504_left,wxg-0901__20260504-left-6_v71__20260504_180238.npz
6users_left,wxg0901,left,wxg0901_0504_left,wxg-0901__20260504-left-6_v71__20260504_180453.npz
6users_left,wxg0901,left,wxg0901_0504_left,wxg-0901__20260504-left-6_v71__20260504_180706.npz
6users_left,wxg0901,left,wxg0901_0504_left,wxg-0901__20260504-left-6_v71__20260504_180920.npz
6users_left,wxg0901,left,wxg0901_0504_left,wxg-0901__20260504-left-6_v71__20260504_181137.npz
6users_left,wxg0901,left,wxg0901_0504_left,wxg-0901__20260504-left-6_v71__20260504_181351.npz
6users_left,wxg0901,left,wxg0901_0504_left,wxg-0901__20260504-left-6_v71__20260504_181604.npz
6users_left,wxg0901,left,wxg0901_0504_left,wxg-0901__20260504-left-7_v71__20260504_182150.npz
6users_left,wxg0901,left,wxg0901_0504_left,wxg-0901__20260504-left-7_v71__20260504_182402.npz
6users_left,wxg0901,left,wxg0901_0504_left,wxg-0901__20260504-left-7_v71__20260504_182615.npz
6users_left,wxg0901,left,wxg0901_0504_left,wxg-0901__20260504-left-7_v71__20260504_182828.npz
6users_left,wxg0901,left,wxg0901_0504_left,wxg-0901__20260504-left-7_v71__20260504_183041.npz
6users_left,wxg0901,left,wxg0901_0504_left,wxg-0901__20260504-left-7_v71__20260504_183254.npz
6users_left,wxg0901,left,wxg0901_0504_left,wxg-0901__20260504-left-7_v71__20260504_183508.npz
6users_left,wxg0901,left,wxg0901_0504_left,wxg-0901__20260504-left-7_v71__20260504_183720.npz
6users_left,wxg0901,left,wxg0901_0504_left,wxg-0901__20260504-left-7_v71__20260504_183934.npz
6users_left,wxg0901,left,wxg0901_0504_left,wxg-0901__20260504-left-7_v71__20260504_184146.npz
6users_left,wxg0901,left,wxg0901_0504_left,wxg-0901__20260504-left-7_v71__20260504_184405.npz
6users_left,wxg0901,left,wxg0901_0504_left,wxg-0901__20260504-left-7_v71__20260504_184617.npz
6users_left,wxg0901,left,wxg0901_0504_left,wxg-0901__20260504-left-7_v71__20260504_184833.npz
6users_left,wxg0901,left,wxg0901_0504_left,wxg-0901__20260504-left-7_v71__20260504_185046.npz
6users_left,wxg0901,left,wxg0901_0504_left,wxg-0901__20260504-left-7_v71__20260504_185258.npz
6users_left,wxg0901,left,wxg0901_0504_left,wxg-0901__20260504-left-7_v71__20260504_185536.npz
6users_left,wxg0901,left,wxg0901_0505_left,wxg-0901__20260505-left-10__20260505_160827.npz
6users_left,wxg0901,left,wxg0901_0505_left,wxg-0901__20260505-left-11__20260505_161453.npz
6users_left,wxg0901,left,wxg0901_0505_left,wxg-0901__20260505-left-11__20260505_161706.npz
6users_left,wxg0901,left,wxg0901_0505_left,wxg-0901__20260505-left-11__20260505_161920.npz
6users_left,wxg0901,left,wxg0901_0505_left,wxg-0901__20260505-left-11__20260505_162134.npz
6users_left,wxg0901,left,wxg0901_0505_left,wxg-0901__20260505-left-11__20260505_162346.npz
6users_left,wxg0901,left,wxg0901_0505_left,wxg-0901__20260505-left-11__20260505_162600.npz
6users_left,wxg0901,left,wxg0901_0505_left,wxg-0901__20260505-left-11__20260505_162824.npz
6users_left,wxg0901,left,wxg0901_0505_left,wxg-0901__20260505-left-12__20260505_170503.npz
6users_left,wxg0901,left,wxg0901_0505_left,wxg-0901__20260505-left-12__20260505_170716.npz
6users_left,wxg0901,left,wxg0901_0505_left,wxg-0901__20260505-left-12__20260505_170929.npz
6users_left,wxg0901,left,wxg0901_0505_left,wxg-0901__20260505-left-12__20260505_171144.npz
6users_left,wxg0901,left,wxg0901_0505_left,wxg-0901__20260505-left-12__20260505_171357.npz
6users_left,wxg0901,left,wxg0901_0505_left,wxg-0901__20260505-left-12__20260505_171615.npz
6users_left,wxg0901,left,wxg0901_0505_left,wxg-0901__20260505-left-12__20260505_171829.npz
6users_left,wxg0901,left,wxg0901_0505_left,wxg-0901__20260505-left-12__20260505_172043.npz
6users_left,wxg0901,left,wxg0901_0505_left,wxg-0901__20260505-left-12__20260505_172259.npz
6users_left,wxg0901,left,wxg0901_0505_left,wxg-0901__20260505-left-12__20260505_172513.npz
6users_left,wxg0901,left,wxg0901_0505_left,wxg-0901__20260505-left-12__20260505_172726.npz
6users_left,wxg0901,left,wxg0901_0505_left,wxg-0901__20260505-left-12__20260505_172940.npz
6users_left,wxg0901,left,wxg0901_0505_left,wxg-0901__20260505-left-12__20260505_173153.npz
6users_left,wxg0901,left,wxg0901_0505_left,wxg-0901__20260505-left-12__20260505_173406.npz
6users_left,wxg0901,left,wxg0901_0505_left,wxg-0901__20260505-left-12__20260505_173620.npz
6users_left,wxg0901,left,wxg0901_0505_left,wxg-0901__20260505-left-12__20260505_173834.npz
6users_left,wxg0901,left,wxg0901_0505_left,wxg-0901__20260505-left-12__20260505_174047.npz
6users_left,wxg0901,left,wxg0901_0505_left,wxg-0901__20260505-left-12__20260505_174300.npz
6users_left,wxg0901,left,wxg0901_0505_left,wxg-0901__20260505-left-13__20260505_175117.npz
6users_left,wxg0901,left,wxg0901_0505_left,wxg-0901__20260505-left-13__20260505_175330.npz
6users_left,wxg0901,left,wxg0901_0505_left,wxg-0901__20260505-left-13__20260505_175542.npz
6users_left,wxg0901,left,wxg0901_0505_left,wxg-0901__20260505-left-13__20260505_175755.npz
6users_left,wxg0901,left,wxg0901_0505_left,wxg-0901__20260505-left-13__20260505_180009.npz
6users_left,wxg0901,left,wxg0901_0505_left,wxg-0901__20260505-left-13__20260505_180221.npz
6users_left,wxg0901,left,wxg0901_0505_left,wxg-0901__20260505-left-13__20260505_180434.npz
6users_left,wxg0901,left,wxg0901_0505_left,wxg-0901__20260505-left-13__20260505_180647.npz
6users_left,wxg0901,left,wxg0901_0505_left,wxg-0901__20260505-left-13__20260505_180900.npz
6users_left,wxg0901,left,wxg0901_0505_left,wxg-0901__20260505-left-13__20260505_181114.npz
6users_left,wxg0901,left,wxg0901_0505_left,wxg-0901__20260505-left-13__20260505_181326.npz
6users_left,wxg0901,left,wxg0901_0505_left,wxg-0901__20260505-left-13__20260505_181539.npz
6users_left,wxg0901,left,wxg0901_0505_left,wxg-0901__20260505-left-13__20260505_181752.npz
6users_left,wxg0901,left,wxg0901_0505_left,wxg-0901__20260505-left-13__20260505_182004.npz
6users_left,wxg0901,left,wxg0901_0505_left,wxg-0901__20260505-left-13__20260505_182228.npz
6users_left,wxg0901,left,wxg0901_0505_left,wxg-0901__20260505-left-2__20260505_103932.npz
6users_left,wxg0901,left,wxg0901_0505_left,wxg-0901__20260505-left-2__20260505_104146.npz
6users_left,wxg0901,left,wxg0901_0505_left,wxg-0901__20260505-left-2__20260505_104400.npz
6users_left,wxg0901,left,wxg0901_0505_left,wxg-0901__20260505-left-2__20260505_104614.npz
6users_left,wxg0901,left,wxg0901_0505_left,wxg-0901__20260505-left-2__20260505_104828.npz
6users_left,wxg0901,left,wxg0901_0505_left,wxg-0901__20260505-left-2__20260505_105046.npz
6users_left,wxg0901,left,wxg0901_0505_left,wxg-0901__20260505-left-2__20260505_105301.npz
6users_left,wxg0901,left,wxg0901_0505_left,wxg-0901__20260505-left-2__20260505_105516.npz
6users_left,wxg0901,left,wxg0901_0505_left,wxg-0901__20260505-left-2__20260505_105730.npz
6users_left,wxg0901,left,wxg0901_0505_left,wxg-0901__20260505-left-2__20260505_105944.npz
6users_left,wxg0901,left,wxg0901_0505_left,wxg-0901__20260505-left-2__20260505_110157.npz
6users_left,wxg0901,left,wxg0901_0505_left,wxg-0901__20260505-left-3__20260505_112125.npz
6users_left,wxg0901,left,wxg0901_0505_left,wxg-0901__20260505-left-3__20260505_112340.npz
6users_left,wxg0901,left,wxg0901_0505_left,wxg-0901__20260505-left-4__20260505_112609.npz
6users_left,wxg0901,left,wxg0901_0505_left,wxg-0901__20260505-left-4__20260505_112824.npz
6users_left,wxg0901,left,wxg0901_0505_left,wxg-0901__20260505-left-4__20260505_113039.npz
6users_left,wxg0901,left,wxg0901_0505_left,wxg-0901__20260505-left-4__20260505_113253.npz
6users_left,wxg0901,left,wxg0901_0505_left,wxg-0901__20260505-left-4__20260505_113507.npz
6users_left,wxg0901,left,wxg0901_0505_left,wxg-0901__20260505-left-4__20260505_113720.npz
6users_left,wxg0901,left,wxg0901_0505_left,wxg-0901__20260505-left-4__20260505_113935.npz
6users_left,wxg0901,left,wxg0901_0505_left,wxg-0901__20260505-left-4__20260505_114153.npz
6users_left,wxg0901,left,wxg0901_0505_left,wxg-0901__20260505-left-4__20260505_114408.npz
6users_left,wxg0901,left,wxg0901_0505_left,wxg-0901__20260505-left-4__20260505_114650.npz
6users_left,wxg0901,left,wxg0901_0505_left,wxg-0901__20260505-left-5__20260505_131836.npz
6users_left,wxg0901,left,wxg0901_0505_left,wxg-0901__20260505-left-5__20260505_132051.npz
6users_left,wxg0901,left,wxg0901_0505_left,wxg-0901__20260505-left-6__20260505_132405.npz
6users_left,wxg0901,left,wxg0901_0505_left,wxg-0901__20260505-left-6__20260505_132617.npz
6users_left,wxg0901,left,wxg0901_0505_left,wxg-0901__20260505-left-6__20260505_132831.npz
6users_left,wxg0901,left,wxg0901_0505_left,wxg-0901__20260505-left-6__20260505_133048.npz
6users_left,wxg0901,left,wxg0901_0505_left,wxg-0901__20260505-left-6__20260505_133300.npz
6users_left,wxg0901,left,wxg0901_0505_left,wxg-0901__20260505-left-6__20260505_133512.npz
6users_left,wxg0901,left,wxg0901_0505_left,wxg-0901__20260505-left-6__20260505_133728.npz
6users_left,wxg0901,left,wxg0901_0505_left,wxg-0901__20260505-left-6__20260505_133941.npz
6users_left,wxg0901,left,wxg0901_0505_left,wxg-0901__20260505-left-6__20260505_134154.npz
6users_left,wxg0901,left,wxg0901_0505_left,wxg-0901__20260505-left-6__20260505_134408.npz
6users_left,wxg0901,left,wxg0901_0505_left,wxg-0901__20260505-left-6__20260505_134623.npz
6users_left,wxg0901,left,wxg0901_0505_left,wxg-0901__20260505-left-6__20260505_134838.npz
6users_left,wxg0901,left,wxg0901_0505_left,wxg-0901__20260505-left-6__20260505_135052.npz
6users_left,wxg0901,left,wxg0901_0505_left,wxg-0901__20260505-left-6__20260505_135306.npz
6users_left,wxg0901,left,wxg0901_0505_left,wxg-0901__20260505-left-6__20260505_135520.npz
6users_left,wxg0901,left,wxg0901_0505_left,wxg-0901__20260505-left-7__20260505_140834.npz
6users_left,wxg0901,left,wxg0901_0505_left,wxg-0901__20260505-left-7__20260505_141048.npz
6users_left,wxg0901,left,wxg0901_0505_left,wxg-0901__20260505-left-7__20260505_141303.npz
6users_left,wxg0901,left,wxg0901_0505_left,wxg-0901__20260505-left-7__20260505_141532.npz
6users_left,wxg0901,left,wxg0901_0505_left,wxg-0901__20260505-left-7__20260505_141745.npz
6users_left,wxg0901,left,wxg0901_0505_left,wxg-0901__20260505-left-7__20260505_141958.npz
6users_left,wxg0901,left,wxg0901_0505_left,wxg-0901__20260505-left-7__20260505_142211.npz
6users_left,wxg0901,left,wxg0901_0505_left,wxg-0901__20260505-left-7__20260505_142427.npz
6users_left,wxg0901,left,wxg0901_0505_left,wxg-0901__20260505-left-7__20260505_142641.npz
6users_left,wxg0901,left,wxg0901_0505_left,wxg-0901__20260505-left-7__20260505_142856.npz
6users_left,wxg0901,left,wxg0901_0505_left,wxg-0901__20260505-left-8__20260505_150456.npz
6users_left,wxg0901,left,wxg0901_0505_left,wxg-0901__20260505-left-8__20260505_150709.npz
6users_left,wxg0901,left,wxg0901_0505_left,wxg-0901__20260505-left-8__20260505_150922.npz
6users_left,wxg0901,left,wxg0901_0505_left,wxg-0901__20260505-left-8__20260505_151137.npz
6users_left,wxg0901,left,wxg0901_0505_left,wxg-0901__20260505-left-8__20260505_151351.npz
6users_left,wxg0901,left,wxg0901_0505_left,wxg-0901__20260505-left-8__20260505_151605.npz
6users_left,wxg0901,left,wxg0901_0505_left,wxg-0901__20260505-left-8__20260505_151818.npz
6users_left,wxg0901,left,wxg0901_0505_left,wxg-0901__20260505-left-8__20260505_152031.npz
6users_left,wxg0901,left,wxg0901_0505_left,wxg-0901__20260505-left-8__20260505_152246.npz
6users_left,wxg0901,left,wxg0901_0505_left,wxg-0901__20260505-left-8__20260505_152500.npz
6users_left,wxg0901,left,wxg0901_0505_left,wxg-0901__20260505-left-8__20260505_152713.npz
6users_left,wxg0901,left,wxg0901_0505_left,wxg-0901__20260505-left-8__20260505_152925.npz
6users_left,wxg0901,left,wxg0901_0505_left,wxg-0901__20260505-left-8__20260505_153140.npz
6users_left,wxg0901,left,wxg0901_0505_left,wxg-0901__20260505-left-8__20260505_153356.npz
6users_left,wxg0901,left,wxg0901_0505_left,wxg-0901__20260505-left-8__20260505_153608.npz
6users_left,wxg0901,left,wxg0901_0505_left,wxg-0901__20260505-left-9__20260505_154656.npz
6users_left,wxg0901,left,wxg0901_0505_left,wxg-0901__20260505-left-9__20260505_154910.npz
6users_left,wxg0901,left,wxg0901_0505_left,wxg-0901__20260505-left-9__20260505_155122.npz
6users_left,wxg0901,left,wxg0901_0505_left,wxg-0901__20260505-left-9__20260505_155337.npz
6users_left,wxg0901,left,wxg0901_0505_left,wxg-0901__20260505-left-9__20260505_155550.npz
6users_left,wxg0901,left,wxg0901_0505_left,wxg-0901__20260505-left-9__20260505_155805.npz
6users_left,wxg0901,left,wxg0901_0505_left,wxg-0901__20260505-left-9__20260505_160018.npz
6users_left,wxg0901,left,wxg0901_0505_left,wxg-0901__20260505-left-9__20260505_160230.npz
6users_left,wxg0901,left,wxg0901_0505_left,wxg-0901__20260505-left-9__20260505_160443.npz
6users_left,wxg0901,left,wxg0901_0505_left,wxg-0901__20260505-left__20260505_102326.npz
6users_left,wxg0901,left,wxg0901_0505_left,wxg-0901__20260505-left__20260505_102541.npz
6users_left,wxg0901,left,wxg0901_0505_left,wxg-0901__20260505-left__20260505_102756.npz
6users_left,wxg0901,left,wxg0901_0505_left,wxg-0901__20260505-left__20260505_103011.npz
6users_left,wxg0901,left,wxg0901_0505_left,wxg-0901__20260505-left__20260505_103225.npz
all_left,fgw0917,left,fgw0917_0502_left,fgw-0917__20260502-left-3__20260502_104240.npz
all_left,fgw0917,left,fgw0917_0502_left,fgw-0917__20260502-left-3__20260502_104509.npz
all_left,fgw0917,left,fgw0917_0502_left,fgw-0917__20260502-left-3__20260502_104725.npz
all_left,fgw0917,left,fgw0917_0502_left,fgw-0917__20260502-left-3__20260502_104940.npz
all_left,fgw0917,left,fgw0917_0502_left,fgw-0917__20260502-left-3__20260502_105153.npz
all_left,fgw0917,left,fgw0917_0502_left,fgw-0917__20260502-left-3__20260502_105406.npz
all_left,fgw0917,left,fgw0917_0502_left,fgw-0917__20260502-left-3__20260502_105620.npz
all_left,fgw0917,left,fgw0917_0502_left,fgw-0917__20260502-left-3__20260502_105835.npz
all_left,fgw0917,left,fgw0917_0502_left,fgw-0917__20260502-left-3__20260502_110050.npz
all_left,fgw0917,left,fgw0917_0502_left,fgw-0917__20260502-left-3__20260502_110306.npz
all_left,fgw0917,left,fgw0917_0502_left,fgw-0917__20260502-left-3__20260502_110523.npz
all_left,fgw0917,left,fgw0917_0502_left,fgw-0917__20260502-left-3__20260502_110738.npz
all_left,fgw0917,left,fgw0917_0502_left,fgw-0917__20260502-left-3__20260502_110952.npz
all_left,fgw0917,left,fgw0917_0502_left,fgw-0917__20260502-left-3__20260502_111232.npz
all_left,fgw0917,left,fgw0917_0502_left,fgw-0917__20260502-left-3__20260502_111447.npz
all_left,fgw0917,left,fgw0917_0502_left,fgw-0917__20260502-left-3__20260502_111705.npz
all_left,fgw0917,left,fgw0917_0502_left,fgw-0917__20260502-left-3__20260502_111920.npz
all_left,fgw0917,left,fgw0917_0502_left,fgw-0917__20260502-left-3__20260502_112135.npz
all_left,fgw0917,left,fgw0917_0502_left,fgw-0917__20260502-left-3__20260502_112349.npz
all_left,fgw0917,left,fgw0917_0502_left,fgw-0917__20260502-left-3__20260502_112603.npz
all_left,fgw0917,left,fgw0917_0502_left,fgw-0917__20260502-left-3__20260502_112818.npz
all_left,fgw0917,left,fgw0917_0502_left,fgw-0917__20260502-left-3__20260502_113031.npz
all_left,fgw0917,left,fgw0917_0502_left,fgw-0917__20260502-left-3__20260502_113247.npz
all_left,fgw0917,left,fgw0917_0502_left,fgw-0917__20260502-left-3__20260502_113503.npz
all_left,fgw0917,left,fgw0917_0502_left,fgw-0917__20260502-left-3__20260502_113718.npz
all_left,fgw0917,left,fgw0917_0502_left,fgw-0917__20260502-left-3__20260502_113932.npz
all_left,fgw0917,left,fgw0917_0502_left,fgw-0917__20260502-left-3__20260502_114146.npz
all_left,fgw0917,left,fgw0917_0502_left,fgw-0917__20260502-left-3__20260502_114400.npz
all_left,fgw0917,left,fgw0917_0502_left,fgw-0917__20260502-left-3__20260502_114614.npz
all_left,fgw0917,left,fgw0917_0502_left,fgw-0917__20260502-left-3__20260502_114827.npz
all_left,fgw0917,left,fgw0917_0502_left,fgw-0917__20260502-left-4__20260502_131001.npz
all_left,fgw0917,left,fgw0917_0502_left,fgw-0917__20260502-left-4__20260502_131214.npz
all_left,fgw0917,left,fgw0917_0502_left,fgw-0917__20260502-left-4__20260502_131505.npz
all_left,fgw0917,left,fgw0917_0502_left,fgw-0917__20260502-left-4__20260502_131719.npz
all_left,fgw0917,left,fgw0917_0502_left,fgw-0917__20260502-left-4__20260502_131959.npz
all_left,fgw0917,left,fgw0917_0502_left,fgw-0917__20260502-left-4__20260502_132214.npz
all_left,fgw0917,left,fgw0917_0502_left,fgw-0917__20260502-left-4__20260502_132427.npz
all_left,fgw0917,left,fgw0917_0502_left,fgw-0917__20260502-left-4__20260502_132642.npz
all_left,fgw0917,left,fgw0917_0502_left,fgw-0917__20260502-left-4__20260502_132857.npz
all_left,fgw0917,left,fgw0917_0502_left,fgw-0917__20260502-left-4__20260502_133112.npz
all_left,fgw0917,left,fgw0917_0502_left,fgw-0917__20260502-left-4__20260502_133340.npz
all_left,fgw0917,left,fgw0917_0502_left,fgw-0917__20260502-left-4__20260502_133553.npz
all_left,fgw0917,left,fgw0917_0502_left,fgw-0917__20260502-left-4__20260502_133809.npz
all_left,fgw0917,left,fgw0917_0502_left,fgw-0917__20260502-left-4__20260502_134024.npz
all_left,fgw0917,left,fgw0917_0502_left,fgw-0917__20260502-left-4__20260502_134238.npz
all_left,fgw0917,left,fgw0917_0502_left,fgw-0917__20260502-left-4__20260502_134508.npz
all_left,fgw0917,left,fgw0917_0502_left,fgw-0917__20260502-left-4__20260502_134723.npz
all_left,fgw0917,left,fgw0917_0502_left,fgw-0917__20260502-left-4__20260502_134940.npz
all_left,fgw0917,left,fgw0917_0502_left,fgw-0917__20260502-left-4__20260502_135155.npz
all_left,fgw0917,left,fgw0917_0502_left,fgw-0917__20260502-left-4__20260502_135409.npz
all_left,fgw0917,left,fgw0917_0502_left,fgw-0917__20260502-left-5__20260502_150009.npz
all_left,fgw0917,left,fgw0917_0502_left,fgw-0917__20260502-left-5__20260502_150226.npz
all_left,fgw0917,left,fgw0917_0502_left,fgw-0917__20260502-left-5__20260502_150440.npz
all_left,fgw0917,left,fgw0917_0502_left,fgw-0917__20260502-left-5__20260502_150653.npz
all_left,fgw0917,left,fgw0917_0502_left,fgw-0917__20260502-left-5__20260502_150906.npz
all_left,fgw0917,left,fgw0917_0502_left,fgw-0917__20260502-left-5__20260502_151119.npz
all_left,fgw0917,left,fgw0917_0502_left,fgw-0917__20260502-left-5__20260502_151333.npz
all_left,fgw0917,left,fgw0917_0502_left,fgw-0917__20260502-left-5__20260502_151548.npz
all_left,fgw0917,left,fgw0917_0502_left,fgw-0917__20260502-left-5__20260502_151802.npz
all_left,fgw0917,left,fgw0917_0502_left,fgw-0917__20260502-left-5__20260502_152028.npz
all_left,fgw0917,left,fgw0917_0502_left,fgw-0917__20260502-left-5__20260502_152243.npz
all_left,fgw0917,left,fgw0917_0502_left,fgw-0917__20260502-left-5__20260502_152455.npz
all_left,fgw0917,left,fgw0917_0502_left,fgw-0917__20260502-left-5__20260502_152710.npz
all_left,fgw0917,left,fgw0917_0502_left,fgw-0917__20260502-left-5__20260502_152922.npz
all_left,fgw0917,left,fgw0917_0502_left,fgw-0917__20260502-left-5__20260502_153136.npz
all_left,fgw0917,left,fgw0917_0502_left,fgw-0917__20260502-left-5__20260502_153359.npz
all_left,fgw0917,left,fgw0917_0502_left,fgw-0917__20260502-left-5__20260502_153612.npz
all_left,fgw0917,left,fgw0917_0502_left,fgw-0917__20260502-left-5__20260502_153825.npz
all_left,fgw0917,left,fgw0917_0502_left,fgw-0917__20260502-left-5__20260502_154038.npz
all_left,fgw0917,left,fgw0917_0502_left,fgw-0917__20260502-left-5__20260502_154251.npz
all_left,fgw0917,left,fgw0917_0502_left,fgw-0917__20260502-left-6__20260502_141652.npz
all_left,fgw0917,left,fgw0917_0502_left,fgw-0917__20260502-left-6__20260502_141923.npz
all_left,fgw0917,left,fgw0917_0502_left,fgw-0917__20260502-left-6__20260502_142147.npz
all_left,fgw0917,left,fgw0917_0502_left,fgw-0917__20260502-left-6__20260502_142402.npz
all_left,fgw0917,left,fgw0917_0502_left,fgw-0917__20260502-left-6__20260502_142617.npz
all_left,fgw0917,left,fgw0917_0502_left,fgw-0917__20260502-left-6__20260502_142837.npz
all_left,fgw0917,left,fgw0917_0502_left,fgw-0917__20260502-left-6__20260502_143051.npz
all_left,fgw0917,left,fgw0917_0502_left,fgw-0917__20260502-left-6__20260502_143304.npz
all_left,fgw0917,left,fgw0917_0502_left,fgw-0917__20260502-left-6__20260502_143521.npz
all_left,fgw0917,left,fgw0917_0502_left,fgw-0917__20260502-left-6__20260502_143735.npz
all_left,fgw0917,left,fgw0917_0502_left,fgw-0917__20260502-left-7__20260502_154516.npz
all_left,fgw0917,left,fgw0917_0502_left,fgw-0917__20260502-left-7__20260502_154731.npz
all_left,fgw0917,left,fgw0917_0502_left,fgw-0917__20260502-left-7__20260502_154945.npz
all_left,fgw0917,left,fgw0917_0502_left,fgw-0917__20260502-left-7__20260502_155159.npz
all_left,fgw0917,left,fgw0917_0502_left,fgw-0917__20260502-left-7__20260502_155415.npz
all_left,fgw0917,left,fgw0917_0502_left,fgw-0917__20260502-left-7__20260502_155655.npz
all_left,fgw0917,left,fgw0917_0502_left,fgw-0917__20260502-left-7__20260502_155909.npz
all_left,fgw0917,left,fgw0917_0502_left,fgw-0917__20260502-left-7__20260502_160122.npz
all_left,fgw0917,left,fgw0917_0502_left,fgw-0917__20260502-left-7__20260502_160336.npz
all_left,fgw0917,left,fgw0917_0502_left,fgw-0917__20260502-left-7__20260502_160551.npz
all_left,fgw0917,left,fgw0917_0502_left,fgw-0917__20260502-left-8__20260502_160818.npz
all_left,fgw0917,left,fgw0917_0502_left,fgw-0917__20260502-left-8__20260502_161055.npz
all_left,fgw0917,left,fgw0917_0502_left,fgw-0917__20260502-left-8__20260502_161429.npz
all_left,fgw0917,left,fgw0917_0502_left,fgw-0917__20260502-left-8__20260502_161643.npz
all_left,fgw0917,left,fgw0917_0502_left,fgw-0917__20260502-left-8__20260502_161858.npz
all_left,fgw0917,left,fgw0917_0502_left,fgw-0917__20260502-left-8__20260502_162112.npz
all_left,fgw0917,left,fgw0917_0502_left,fgw-0917__20260502-left-8__20260502_162331.npz
all_left,fgw0917,left,fgw0917_0502_left,fgw-0917__20260502-left-8__20260502_162544.npz
all_left,fgw0917,left,fgw0917_0502_left,fgw-0917__20260502-left-8__20260502_162757.npz
all_left,fgw0917,left,fgw0917_0502_left,fgw-0917__20260502-left-8__20260502_163010.npz
all_left,fgw0917,left,fgw0917_0502_left,fgw-0917__20260502-left-9__20260502_172319.npz
all_left,fgw0917,left,fgw0917_0502_left,fgw-0917__20260502-left-9__20260502_172533.npz
all_left,fgw0917,left,fgw0917_0502_left,fgw-0917__20260502-left-9__20260502_172748.npz
all_left,fgw0917,left,fgw0917_0502_left,fgw-0917__20260502-left-9__20260502_173003.npz
all_left,fgw0917,left,fgw0917_0502_left,fgw-0917__20260502-left-9__20260502_173229.npz
all_left,fgw0917,left,fgw0917_0502_left,fgw-0917__20260502-left-9__20260502_173444.npz
all_left,fgw0917,left,fgw0917_0502_left,fgw-0917__20260502-left-9__20260502_173657.npz
all_left,fgw0917,left,fgw0917_0502_left,fgw-0917__20260502-left-9__20260502_173919.npz
all_left,fgw0917,left,fgw0917_0502_left,fgw-0917__20260502-left-9__20260502_174347.npz
all_left,fgw0917,left,fgw0917_0502_left,fgw-0917__20260502-left-9__20260502_174731.npz
all_left,fgw0917,left,fgw0917_0502_left,fgw-0917__20260502-left__20260502_115218.npz
all_left,fgw0917,left,fgw0917_0502_left,fgw-0917__20260502-left__20260502_115432.npz
all_left,fgw0917,left,fgw0917_0502_left,fgw-0917__20260502-left__20260502_115646.npz
all_left,fgw0917,left,fgw0917_0502_left,fgw-0917__20260502-left__20260502_115903.npz
all_left,fgw0917,left,fgw0917_0502_left,fgw-0917__20260502-left__20260502_120116.npz
all_left,fgw0917,left,fgw0917_0502_left,fgw-0917__20260502-left__20260502_140213.npz
all_left,fgw0917,left,fgw0917_0502_left,fgw-0917__20260502-left__20260502_140449.npz
all_left,fgw0917,left,fgw0917_0502_left,fgw-0917__20260502-left__20260502_140702.npz
all_left,fgw0917,left,fgw0917_0502_left,fgw-0917__20260502-left__20260502_140916.npz
all_left,fgw0917,left,fgw0917_0502_left,fgw-0917__20260502-left__20260502_141130.npz
all_left,fgw0917,left,fgw0917_0503_left,fgw-0917__20260503-left-2__20260503_165358.npz
all_left,fgw0917,left,fgw0917_0503_left,fgw-0917__20260503-left-2__20260503_165612.npz
all_left,fgw0917,left,fgw0917_0503_left,fgw-0917__20260503-left-2__20260503_165830.npz
all_left,fgw0917,left,fgw0917_0503_left,fgw-0917__20260503-left-2__20260503_170047.npz
all_left,fgw0917,left,fgw0917_0503_left,fgw-0917__20260503-left-2__20260503_170304.npz
all_left,fgw0917,left,fgw0917_0503_left,fgw-0917__20260503-left-2__20260503_170520.npz
all_left,fgw0917,left,fgw0917_0503_left,fgw-0917__20260503-left-2__20260503_170736.npz
all_left,fgw0917,left,fgw0917_0503_left,fgw-0917__20260503-left-2__20260503_170951.npz
all_left,fgw0917,left,fgw0917_0503_left,fgw-0917__20260503-left-2__20260503_171217.npz
all_left,fgw0917,left,fgw0917_0503_left,fgw-0917__20260503-left-2__20260503_171435.npz
all_left,fgw0917,left,fgw0917_0503_left,fgw-0917__20260503-left-2__20260503_171651.npz
all_left,fgw0917,left,fgw0917_0503_left,fgw-0917__20260503-left-2__20260503_171911.npz
all_left,fgw0917,left,fgw0917_0503_left,fgw-0917__20260503-left-2__20260503_172136.npz
all_left,fgw0917,left,fgw0917_0503_left,fgw-0917__20260503-left-2__20260503_172353.npz
all_left,fgw0917,left,fgw0917_0503_left,fgw-0917__20260503-left-2__20260503_172610.npz
all_left,fgw0917,left,fgw0917_0503_left,fgw-0917__20260503-left-2__20260503_172825.npz
all_left,fgw0917,left,fgw0917_0503_left,fgw-0917__20260503-left-2__20260503_173040.npz
all_left,fgw0917,left,fgw0917_0503_left,fgw-0917__20260503-left-2__20260503_173256.npz
all_left,fgw0917,left,fgw0917_0503_left,fgw-0917__20260503-left-2__20260503_173519.npz
all_left,fgw0917,left,fgw0917_0503_left,fgw-0917__20260503-left-2__20260503_173734.npz
all_left,fgw0917,left,fgw0917_0503_left,fgw-0917__20260503-left-3__20260503_180816.npz
all_left,fgw0917,left,fgw0917_0503_left,fgw-0917__20260503-left-3__20260503_181033.npz
all_left,fgw0917,left,fgw0917_0503_left,fgw-0917__20260503-left-3__20260503_181248.npz
all_left,fgw0917,left,fgw0917_0503_left,fgw-0917__20260503-left-3__20260503_181502.npz
all_left,fgw0917,left,fgw0917_0503_left,fgw-0917__20260503-left-3__20260503_181716.npz
all_left,fgw0917,left,fgw0917_0503_left,fgw-0917__20260503-left-3__20260503_181930.npz
all_left,fgw0917,left,fgw0917_0503_left,fgw-0917__20260503-left-3__20260503_182144.npz
all_left,fgw0917,left,fgw0917_0503_left,fgw-0917__20260503-left-3__20260503_182358.npz
all_left,fgw0917,left,fgw0917_0503_left,fgw-0917__20260503-left-3__20260503_182612.npz
all_left,fgw0917,left,fgw0917_0503_left,fgw-0917__20260503-left-3__20260503_182826.npz
all_left,fgw0917,left,fgw0917_0503_left,fgw-0917__20260503-left__20260503_161424.npz
all_left,fgw0917,left,fgw0917_0503_left,fgw-0917__20260503-left__20260503_161707.npz
all_left,fgw0917,left,fgw0917_0503_left,fgw-0917__20260503-left__20260503_161921.npz
all_left,fgw0917,left,fgw0917_0503_left,fgw-0917__20260503-left__20260503_162143.npz
all_left,fgw0917,left,fgw0917_0503_left,fgw-0917__20260503-left__20260503_162359.npz
all_left,fgw0917,left,fgw0917_0503_left,fgw-0917__20260503-left__20260503_162616.npz
all_left,fgw0917,left,fgw0917_0503_left,fgw-0917__20260503-left__20260503_162833.npz
all_left,fgw0917,left,fgw0917_0503_left,fgw-0917__20260503-left__20260503_163123.npz
all_left,fgw0917,left,fgw0917_0503_left,fgw-0917__20260503-left__20260503_163449.npz
all_left,fgw0917,left,fgw0917_0503_left,fgw-0917__20260503-left__20260503_163828.npz
all_left,ghd1108,left,ghd1108_0501_left,ghd-1108__20260501-left__20260501_101519.npz
all_left,ghd1108,left,ghd1108_0501_left,ghd-1108__20260501-left__20260501_101830.npz
all_left,ghd1108,left,ghd1108_0501_left,ghd-1108__20260501-left__20260501_102047.npz
all_left,ghd1108,left,ghd1108_0501_left,ghd-1108__20260501-left__20260501_102310.npz
all_left,ghd1108,left,ghd1108_0501_left,ghd-1108__20260501-left__20260501_102539.npz
all_left,ghd1108,left,ghd1108_0501_left,ghd-1108__20260501-left__20260501_102753.npz
all_left,ghd1108,left,ghd1108_0501_left,ghd-1108__20260501-left__20260501_103007.npz
all_left,ghd1108,left,ghd1108_0501_left,ghd-1108__20260501-left__20260501_103221.npz
all_left,ghd1108,left,ghd1108_0501_left,ghd-1108__20260501-left__20260501_103436.npz
all_left,ghd1108,left,ghd1108_0501_left,ghd-1108__20260501-left__20260501_103651.npz
all_left,ghd1108,left,ghd1108_0501_left,ghd-1108__20260501-left__20260501_103905.npz
all_left,ghd1108,left,ghd1108_0501_left,ghd-1108__20260501-left__20260501_104608.npz
all_left,ghd1108,left,ghd1108_0501_left,ghd-1108__20260501-left__20260501_110246.npz
all_left,ghd1108,left,ghd1108_0501_left,ghd-1108__20260501-left__20260501_110500.npz
all_left,ghd1108,left,ghd1108_0501_left,ghd-1108__20260501-left__20260501_110717.npz
all_left,ghd1108,left,ghd1108_0503_left,ghd-1108__20260503-left-3__20260503_131215.npz
all_left,ghd1108,left,ghd1108_0503_left,ghd-1108__20260503-left-3__20260503_131432.npz
all_left,ghd1108,left,ghd1108_0503_left,ghd-1108__20260503-left-3__20260503_131648.npz
all_left,ghd1108,left,ghd1108_0503_left,ghd-1108__20260503-left-3__20260503_131905.npz
all_left,ghd1108,left,ghd1108_0503_left,ghd-1108__20260503-left-3__20260503_132125.npz
all_left,ghd1108,left,ghd1108_0503_left,ghd-1108__20260503-left-3__20260503_132341.npz
all_left,ghd1108,left,ghd1108_0503_left,ghd-1108__20260503-left-3__20260503_132555.npz
all_left,ghd1108,left,ghd1108_0503_left,ghd-1108__20260503-left-3__20260503_132809.npz
all_left,ghd1108,left,ghd1108_0503_left,ghd-1108__20260503-left-3__20260503_133055.npz
all_left,ghd1108,left,ghd1108_0503_left,ghd-1108__20260503-left-3__20260503_133311.npz
all_left,ghd1108,left,ghd1108_0503_left,ghd-1108__20260503-left-3__20260503_134029.npz
all_left,ghd1108,left,ghd1108_0503_left,ghd-1108__20260503-left-3__20260503_134247.npz
all_left,ghd1108,left,ghd1108_0503_left,ghd-1108__20260503-left-3__20260503_134509.npz
all_left,ghd1108,left,ghd1108_0503_left,ghd-1108__20260503-left-3__20260503_134729.npz
all_left,ghd1108,left,ghd1108_0503_left,ghd-1108__20260503-left-3__20260503_134945.npz
all_left,ghd1108,left,ghd1108_0503_left,ghd-1108__20260503-left-3__20260503_135225.npz
all_left,ghd1108,left,ghd1108_0503_left,ghd-1108__20260503-left-3__20260503_135445.npz
all_left,ghd1108,left,ghd1108_0503_left,ghd-1108__20260503-left-3__20260503_140831.npz
all_left,ghd1108,left,ghd1108_0503_left,ghd-1108__20260503-left-3__20260503_141118.npz
all_left,ghd1108,left,ghd1108_0503_left,ghd-1108__20260503-left-3__20260503_141403.npz
all_left,ghd1108,left,ghd1108_0503_left,ghd-1108__20260503-left-3__20260503_141623.npz
all_left,ghd1108,left,ghd1108_0503_left,ghd-1108__20260503-left-3__20260503_141838.npz
all_left,ghd1108,left,ghd1108_0503_left,ghd-1108__20260503-left-3__20260503_142053.npz
all_left,ghd1108,left,ghd1108_0503_left,ghd-1108__20260503-left-3__20260503_142311.npz
all_left,ghd1108,left,ghd1108_0503_left,ghd-1108__20260503-left-3__20260503_142627.npz
all_left,ghd1108,left,ghd1108_0503_left,ghd-1108__20260503-left-3__20260503_145638.npz
all_left,ghd1108,left,ghd1108_0503_left,ghd-1108__20260503-left-3__20260503_145910.npz
all_left,ghd1108,left,ghd1108_0503_left,ghd-1108__20260503-left-3__20260503_150127.npz
all_left,ghd1108,left,ghd1108_0503_left,ghd-1108__20260503-left-3__20260503_150343.npz
all_left,ghd1108,left,ghd1108_0503_left,ghd-1108__20260503-left-3__20260503_150556.npz
all_left,ghd1108,left,ghd1108_0503_left,ghd-1108__20260503-left-4__20260503_152703.npz
all_left,ghd1108,left,ghd1108_0503_left,ghd-1108__20260503-left-4__20260503_155053.npz
all_left,ghd1108,left,ghd1108_0503_left,ghd-1108__20260503-left-4__20260503_155308.npz
all_left,ghd1108,left,ghd1108_0503_left,ghd-1108__20260503-left-4__20260503_155528.npz
all_left,ghd1108,left,ghd1108_0503_left,ghd-1108__20260503-left-4__20260503_155834.npz
all_left,ghd1108,left,ghd1108_0503_left,ghd-1108__20260503-left-4__20260503_160058.npz
all_left,ghd1108,left,ghd1108_0503_left,ghd-1108__20260503-left-4__20260503_161934.npz
all_left,ghd1108,left,ghd1108_0503_left,ghd-1108__20260503-left-4__20260503_163359.npz
all_left,ghd1108,left,ghd1108_0503_left,ghd-1108__20260503-left-4__20260503_163619.npz
all_left,ghd1108,left,ghd1108_0503_left,ghd-1108__20260503-left-4__20260503_163841.npz
all_left,ghd1108,left,ghd1108_0503_left,ghd-1108__20260503-left-4__20260503_164505.npz
all_left,ghd1108,left,ghd1108_0503_left,ghd-1108__20260503-left-4__20260503_164725.npz
all_left,ghd1108,left,ghd1108_0503_left,ghd-1108__20260503-left-4__20260503_164943.npz
all_left,ghd1108,left,ghd1108_0503_left,ghd-1108__20260503-left-4__20260503_165158.npz
all_left,ghd1108,left,ghd1108_0503_left,ghd-1108__20260503-left-4__20260503_165413.npz
all_left,ghd1108,left,ghd1108_0503_left,ghd-1108__20260503-left-4__20260503_170203.npz
all_left,ghd1108,left,ghd1108_0503_left,ghd-1108__20260503-left-4__20260503_170419.npz
all_left,ghd1108,left,ghd1108_0503_left,ghd-1108__20260503-left-4__20260503_170633.npz
all_left,ghd1108,left,ghd1108_0503_left,ghd-1108__20260503-left-4__20260503_170850.npz
all_left,ghd1108,left,ghd1108_0503_left,ghd-1108__20260503-left-4__20260503_171103.npz
all_left,ghd1108,left,ghd1108_0503_left,ghd-1108__20260503-left-4__20260503_180429.npz
all_left,ghd1108,left,ghd1108_0503_left,ghd-1108__20260503-left-4__20260503_180644.npz
all_left,ghd1108,left,ghd1108_0503_left,ghd-1108__20260503-left-4__20260503_180901.npz
all_left,ghd1108,left,ghd1108_0503_left,ghd-1108__20260503-left-4__20260503_181115.npz
all_left,ghd1108,left,ghd1108_0503_left,ghd-1108__20260503-left-4__20260503_181331.npz
all_left,ghd1108,left,ghd1108_0503_left,ghd-1108__20260503-left-4__20260503_182107.npz
all_left,ghd1108,left,ghd1108_0503_left,ghd-1108__20260503-left-4__20260503_182321.npz
all_left,ghd1108,left,ghd1108_0503_left,ghd-1108__20260503-left-4__20260503_182538.npz
all_left,ghd1108,left,ghd1108_0503_left,ghd-1108__20260503-left-4__20260503_182752.npz
all_left,ghd1108,left,ghd1108_0503_left,ghd-1108__20260503-left-4__20260503_183553.npz
all_left,ghd1108,left,ghd1108_0503_left,ghd-1108__20260503-left__20260503_104012.npz
all_left,ghd1108,left,ghd1108_0503_left,ghd-1108__20260503-left__20260503_104311.npz
all_left,ghd1108,left,ghd1108_0503_left,ghd-1108__20260503-left__20260503_104634.npz
all_left,ghd1108,left,ghd1108_0503_left,ghd-1108__20260503-left__20260503_104852.npz
all_left,ghd1108,left,ghd1108_0503_left,ghd-1108__20260503-left__20260503_105130.npz
all_left,ghd1108,left,ghd1108_0503_left,ghd-1108__20260503-left__20260503_105526.npz
all_left,ghd1108,left,ghd1108_0503_left,ghd-1108__20260503-left__20260503_105744.npz
all_left,ghd1108,left,ghd1108_0503_left,ghd-1108__20260503-left__20260503_110006.npz
all_left,ghd1108,left,ghd1108_0503_left,ghd-1108__20260503-left__20260503_110228.npz
all_left,ghd1108,left,ghd1108_0503_left,ghd-1108__20260503-left__20260503_110450.npz
all_left,ghd1108,left,ghd1108_0503_left,ghd-1108__20260503-left__20260503_110721.npz
all_left,ghd1108,left,ghd1108_0503_left,ghd-1108__20260503-left__20260503_111115.npz
all_left,ghd1108,left,ghd1108_0503_left,ghd-1108__20260503-left__20260503_111331.npz
all_left,ghd1108,left,ghd1108_0503_left,ghd-1108__20260503-left__20260503_111602.npz
all_left,ghd1108,left,ghd1108_0503_left,ghd-1108__20260503-left__20260503_112025.npz
all_left,ghd1108,left,ghd1108_0503_left,ghd-1108__20260503-left__20260503_112410.npz
all_left,ghd1108,left,ghd1108_0503_left,ghd-1108__20260503-left__20260503_112727.npz
all_left,ghd1108,left,ghd1108_0503_left,ghd-1108__20260503-left__20260503_112959.npz
all_left,ghd1108,left,ghd1108_0503_left,ghd-1108__20260503-left__20260503_113225.npz
all_left,ghd1108,left,ghd1108_0503_left,ghd-1108__20260503-left__20260503_113441.npz
all_left,ghd1108,left,ghd1108_0503_left,ghd-1108__20260503-left__20260503_120124.npz
all_left,ghd1108,left,ghd1108_0503_left,ghd-1108__20260503-left__20260503_120341.npz
all_left,ghd1108,left,ghd1108_0503_left,ghd-1108__20260503-left__20260503_120554.npz
all_left,ghd1108,left,ghd1108_0503_left,ghd-1108__20260503-left__20260503_120809.npz
all_left,ghd1108,left,ghd1108_0503_left,ghd-1108__20260503-left__20260503_121023.npz
all_left,ghd1108,left,ghd1108_0503_left,ghd-1108__20260503-left__20260503_121236.npz
all_left,ghd1108,left,ghd1108_0503_left,ghd-1108__20260503-left__20260503_121450.npz
all_left,ghd1108,left,ghd1108_0503_left,ghd-1108__20260503-left__20260503_121704.npz
all_left,ghd1108,left,ghd1108_0503_left,ghd-1108__20260503-left__20260503_121918.npz
all_left,ghd1108,left,ghd1108_0503_left,ghd-1108__20260503-left__20260503_122131.npz
all_left,ghd1108,left,ghd1108_0505_left,ghd-1108__20260505-left-2__20260505_155817.npz
all_left,ghd1108,left,ghd1108_0505_left,ghd-1108__20260505-left-2__20260505_160029.npz
all_left,ghd1108,left,ghd1108_0505_left,ghd-1108__20260505-left-2__20260505_160244.npz
all_left,ghd1108,left,ghd1108_0505_left,ghd-1108__20260505-left-2__20260505_160500.npz
all_left,ghd1108,left,ghd1108_0505_left,ghd-1108__20260505-left-2__20260505_160715.npz
all_left,ghd1108,left,ghd1108_0505_left,ghd-1108__20260505-left-2__20260505_160931.npz
all_left,ghd1108,left,ghd1108_0505_left,ghd-1108__20260505-left-2__20260505_161144.npz
all_left,ghd1108,left,ghd1108_0505_left,ghd-1108__20260505-left-2__20260505_161359.npz
all_left,ghd1108,left,ghd1108_0505_left,ghd-1108__20260505-left-2__20260505_161613.npz
all_left,ghd1108,left,ghd1108_0505_left,ghd-1108__20260505-left-2__20260505_161829.npz
all_left,ghd1108,left,ghd1108_0505_left,ghd-1108__20260505-left-2__20260505_162053.npz
all_left,ghd1108,left,ghd1108_0505_left,ghd-1108__20260505-left-2__20260505_162311.npz
all_left,ghd1108,left,ghd1108_0505_left,ghd-1108__20260505-left-2__20260505_162525.npz
all_left,ghd1108,left,ghd1108_0505_left,ghd-1108__20260505-left-2__20260505_162740.npz
all_left,ghd1108,left,ghd1108_0505_left,ghd-1108__20260505-left-2__20260505_162956.npz
all_left,ghd1108,left,ghd1108_0505_left,ghd-1108__20260505-left-3__20260505_163229.npz
all_left,ghd1108,left,ghd1108_0505_left,ghd-1108__20260505-left-3__20260505_163444.npz
all_left,ghd1108,left,ghd1108_0505_left,ghd-1108__20260505-left-3__20260505_163656.npz
all_left,ghd1108,left,ghd1108_0505_left,ghd-1108__20260505-left-3__20260505_163930.npz
all_left,ghd1108,left,ghd1108_0505_left,ghd-1108__20260505-left-3__20260505_164150.npz
all_left,ghd1108,left,ghd1108_0505_left,ghd-1108__20260505-left-3__20260505_164405.npz
all_left,ghd1108,left,ghd1108_0505_left,ghd-1108__20260505-left-3__20260505_164619.npz
all_left,ghd1108,left,ghd1108_0505_left,ghd-1108__20260505-left-3__20260505_164834.npz
all_left,ghd1108,left,ghd1108_0505_left,ghd-1108__20260505-left-3__20260505_165047.npz
all_left,ghd1108,left,ghd1108_0505_left,ghd-1108__20260505-left-3__20260505_165303.npz
all_left,ghd1108,left,ghd1108_0505_left,ghd-1108__20260505-left-4__20260505_174259.npz
all_left,ghd1108,left,ghd1108_0505_left,ghd-1108__20260505-left-4__20260505_174513.npz
all_left,ghd1108,left,ghd1108_0505_left,ghd-1108__20260505-left-4__20260505_174748.npz
all_left,ghd1108,left,ghd1108_0505_left,ghd-1108__20260505-left-4__20260505_175002.npz
all_left,ghd1108,left,ghd1108_0505_left,ghd-1108__20260505-left-4__20260505_175218.npz
all_left,ghd1108,left,ghd1108_0505_left,ghd-1108__20260505-left-4__20260505_175432.npz
all_left,ghd1108,left,ghd1108_0505_left,ghd-1108__20260505-left-4__20260505_175646.npz
all_left,ghd1108,left,ghd1108_0505_left,ghd-1108__20260505-left-4__20260505_175902.npz
all_left,ghd1108,left,ghd1108_0505_left,ghd-1108__20260505-left-4__20260505_180115.npz
all_left,ghd1108,left,ghd1108_0505_left,ghd-1108__20260505-left-4__20260505_180353.npz
all_left,ghd1108,left,ghd1108_0505_left,ghd-1108__20260505-left-4__20260505_180606.npz
all_left,ghd1108,left,ghd1108_0505_left,ghd-1108__20260505-left-4__20260505_180838.npz
all_left,ghd1108,left,ghd1108_0505_left,ghd-1108__20260505-left-4__20260505_181051.npz
all_left,ghd1108,left,ghd1108_0505_left,ghd-1108__20260505-left-4__20260505_181328.npz
all_left,ghd1108,left,ghd1108_0505_left,ghd-1108__20260505-left-4__20260505_181541.npz
all_left,ghd1108,left,ghd1108_0505_left,ghd-1108__20260505-left-4__20260505_181806.npz
all_left,ghd1108,left,ghd1108_0505_left,ghd-1108__20260505-left-4__20260505_182027.npz
all_left,ghd1108,left,ghd1108_0505_left,ghd-1108__20260505-left-4__20260505_182244.npz
all_left,ghd1108,left,ghd1108_0505_left,ghd-1108__20260505-left-4__20260505_182505.npz
all_left,ghd1108,left,ghd1108_0505_left,ghd-1108__20260505-left-4__20260505_182719.npz
all_left,ghd1108,left,ghd1108_0505_left,ghd-1108__20260505-left-5__20260505_183003.npz
all_left,ghd1108,left,ghd1108_0505_left,ghd-1108__20260505-left-5__20260505_183228.npz
all_left,ghd1108,left,ghd1108_0505_left,ghd-1108__20260505-left-5__20260505_183547.npz
all_left,ghd1108,left,ghd1108_0505_left,ghd-1108__20260505-left-5__20260505_183801.npz
all_left,ghd1108,left,ghd1108_0505_left,ghd-1108__20260505-left-5__20260505_184013.npz
all_left,ghd1108,left,ghd1108_0505_left,ghd-1108__20260505-left-5__20260505_184243.npz
all_left,ghd1108,left,ghd1108_0505_left,ghd-1108__20260505-left-5__20260505_184458.npz
all_left,ghd1108,left,ghd1108_0505_left,ghd-1108__20260505-left-5__20260505_184953.npz
all_left,ghd1108,left,ghd1108_0505_left,ghd-1108__20260505-left-5__20260505_185207.npz
all_left,ghd1108,left,ghd1108_0505_left,ghd-1108__20260505-left-5__20260505_185704.npz
all_left,ghd1108,left,ghd1108_0505_left,ghd-1108__20260505-left__20260505_150848.npz
all_left,ghd1108,left,ghd1108_0505_left,ghd-1108__20260505-left__20260505_151101.npz
all_left,ghd1108,left,ghd1108_0505_left,ghd-1108__20260505-left__20260505_151315.npz
all_left,ghd1108,left,ghd1108_0505_left,ghd-1108__20260505-left__20260505_151532.npz
all_left,ghd1108,left,ghd1108_0505_left,ghd-1108__20260505-left__20260505_151808.npz
all_left,ghd1108,left,ghd1108_0505_left,ghd-1108__20260505-left__20260505_152024.npz
all_left,ghd1108,left,ghd1108_0505_left,ghd-1108__20260505-left__20260505_152526.npz
all_left,ghd1108,left,ghd1108_0505_left,ghd-1108__20260505-left__20260505_152821.npz
all_left,ghd1108,left,ghd1108_0505_left,ghd-1108__20260505-left__20260505_153037.npz
all_left,ghd1108,left,ghd1108_0505_left,ghd-1108__20260505-left__20260505_153250.npz
all_left,ghd1108,left,ghd1108_0505_left,ghd-1108__20260505-left__20260505_153506.npz
all_left,ghd1108,left,ghd1108_0505_left,ghd-1108__20260505-left__20260505_153719.npz
all_left,ghd1108,left,ghd1108_0505_left,ghd-1108__20260505-left__20260505_153933.npz
all_left,ghd1108,left,ghd1108_0505_left,ghd-1108__20260505-left__20260505_154145.npz
all_left,ghd1108,left,ghd1108_0505_left,ghd-1108__20260505-left__20260505_154359.npz
all_left,hjj0914,left,hjj0914_0501_left,hjj-0914__20260501-left-2__20260501_141933.npz
all_left,hjj0914,left,hjj0914_0501_left,hjj-0914__20260501-left-2__20260501_142149.npz
all_left,hjj0914,left,hjj0914_0501_left,hjj-0914__20260501-left-2__20260501_142406.npz
all_left,hjj0914,left,hjj0914_0501_left,hjj-0914__20260501-left-2__20260501_142622.npz
all_left,hjj0914,left,hjj0914_0501_left,hjj-0914__20260501-left-2__20260501_142843.npz
all_left,hjj0914,left,hjj0914_0501_left,hjj-0914__20260501-left-2__20260501_143109.npz
all_left,hjj0914,left,hjj0914_0501_left,hjj-0914__20260501-left-2__20260501_143327.npz
all_left,hjj0914,left,hjj0914_0501_left,hjj-0914__20260501-left-3__20260501_141140.npz
all_left,hjj0914,left,hjj0914_0501_left,hjj-0914__20260501-left-3__20260501_141403.npz
all_left,hjj0914,left,hjj0914_0501_left,hjj-0914__20260501-left-3__20260501_141654.npz
all_left,hjj0914,left,hjj0914_0501_left,hjj-0914__20260501-left__20260501_141140.npz
all_left,hjj0914,left,hjj0914_0501_left,hjj-0914__20260501-left__20260501_141403.npz
all_left,hjj0914,left,hjj0914_0501_left,hjj-0914__20260501-left__20260501_141654.npz
all_left,hjj0914,left,hjj0914_0501_left,hjj-0914__20260501-left__20260501_153356.npz
all_left,hjj0914,left,hjj0914_0501_left,hjj-0914__20260501-left__20260501_153638.npz
all_left,hjj0914,left,hjj0914_0501_left,hjj-0914__20260501-left__20260501_153852.npz
all_left,hjj0914,left,hjj0914_0501_left,hjj-0914__20260501-left__20260501_154112.npz
all_left,hjj0914,left,hjj0914_0501_left,hjj-0914__20260501-left__20260501_154327.npz
all_left,hjj0914,left,hjj0914_0501_left,hjj-0914__20260501-left__20260501_154542.npz
all_left,hjj0914,left,hjj0914_0501_left,hjj-0914__20260501-left__20260501_154759.npz
all_left,hjj0914,left,hjj0914_0501_left,hjj-0914__20260501-left__20260501_155026.npz
all_left,hjj0914,left,hjj0914_0501_left,hjj-0914__20260501-left__20260501_155248.npz
all_left,hjj0914,left,hjj0914_0501_left,hjj-0914__20260501-left__20260501_155503.npz
all_left,hjj0914,left,hjj0914_0501_left,hjj-0914__20260501-left__20260501_155719.npz
all_left,hjj0914,left,hjj0914_0501_left,hjj-0914__20260501-left__20260501_155935.npz
all_left,hjj0914,left,hjj0914_0501_left,hjj-0914__20260501-left__20260501_160158.npz
all_left,hjj0914,left,hjj0914_0501_left,hjj-0914__20260501-left__20260501_160413.npz
all_left,hjj0914,left,hjj0914_0501_left,hjj-0914__20260501-left__20260501_160629.npz
all_left,hjj0914,left,hjj0914_0501_left,hjj-0914__20260501-left__20260501_160844.npz
all_left,hjj0914,left,hjj0914_0501_left,hjj-0914__20260501-left__20260501_161100.npz
all_left,hjj0914,left,hjj0914_0501_left,hjj-0914__20260501-left__20260501_161314.npz
all_left,hjj0914,left,hjj0914_0503_left,hjj-0914__20260503-left-2__20260503_181051.npz
all_left,hjj0914,left,hjj0914_0503_left,hjj-0914__20260503-left-2__20260503_181312.npz
all_left,hjj0914,left,hjj0914_0503_left,hjj-0914__20260503-left-2__20260503_181527.npz
all_left,hjj0914,left,hjj0914_0503_left,hjj-0914__20260503-left-2__20260503_181742.npz
all_left,hjj0914,left,hjj0914_0503_left,hjj-0914__20260503-left-2__20260503_182002.npz
all_left,hjj0914,left,hjj0914_0503_left,hjj-0914__20260503-left-2__20260503_182228.npz
all_left,hjj0914,left,hjj0914_0503_left,hjj-0914__20260503-left-2__20260503_182445.npz
all_left,hjj0914,left,hjj0914_0503_left,hjj-0914__20260503-left-2__20260503_182708.npz
all_left,hjj0914,left,hjj0914_0503_left,hjj-0914__20260503-left-2__20260503_182924.npz
all_left,hjj0914,left,hjj0914_0503_left,hjj-0914__20260503-left-2__20260503_183140.npz
all_left,hjj0914,left,hjj0914_0503_left,hjj-0914__20260503-left__20260503_161237.npz
all_left,hjj0914,left,hjj0914_0503_left,hjj-0914__20260503-left__20260503_161454.npz
all_left,hjj0914,left,hjj0914_0503_left,hjj-0914__20260503-left__20260503_161711.npz
all_left,hjj0914,left,hjj0914_0503_left,hjj-0914__20260503-left__20260503_161933.npz
all_left,hjj0914,left,hjj0914_0503_left,hjj-0914__20260503-left__20260503_162150.npz
all_left,hjj0914,left,hjj0914_0503_left,hjj-0914__20260503-left__20260503_162438.npz
all_left,hjj0914,left,hjj0914_0503_left,hjj-0914__20260503-left__20260503_162655.npz
all_left,hjj0914,left,hjj0914_0503_left,hjj-0914__20260503-left__20260503_162933.npz
all_left,hjj0914,left,hjj0914_0503_left,hjj-0914__20260503-left__20260503_163153.npz
all_left,hjj0914,left,hjj0914_0503_left,hjj-0914__20260503-left__20260503_163420.npz
all_left,hjj0914,left,hjj0914_0503_left,hjj-0914__20260503-left__20260503_163700.npz
all_left,hjj0914,left,hjj0914_0503_left,hjj-0914__20260503-left__20260503_163919.npz
all_left,hjj0914,left,hjj0914_0503_left,hjj-0914__20260503-left__20260503_164151.npz
all_left,hjj0914,left,hjj0914_0503_left,hjj-0914__20260503-left__20260503_164420.npz
all_left,hjj0914,left,hjj0914_0503_left,hjj-0914__20260503-left__20260503_164648.npz
all_left,hjj0914,left,hjj0914_0503_left,hjj-0914__20260503-left__20260503_164907.npz
all_left,hjj0914,left,hjj0914_0503_left,hjj-0914__20260503-left__20260503_165135.npz
all_left,hjj0914,left,hjj0914_0503_left,hjj-0914__20260503-left__20260503_165352.npz
all_left,hjj0914,left,hjj0914_0503_left,hjj-0914__20260503-left__20260503_165629.npz
all_left,hjj0914,left,hjj0914_0503_left,hjj-0914__20260503-left__20260503_165855.npz
all_left,hjj0914,left,hjj0914_0504_left,hjj-0914__20260504-left-2_v33__20260504_132331.npz
all_left,hjj0914,left,hjj0914_0504_left,hjj-0914__20260504-left-2_v33__20260504_132548.npz
all_left,hjj0914,left,hjj0914_0504_left,hjj-0914__20260504-left-2_v33__20260504_132806.npz
all_left,hjj0914,left,hjj0914_0504_left,hjj-0914__20260504-left-2_v33__20260504_133027.npz
all_left,hjj0914,left,hjj0914_0504_left,hjj-0914__20260504-left-2_v33__20260504_133244.npz
all_left,hjj0914,left,hjj0914_0504_left,hjj-0914__20260504-left-2_v33__20260504_133501.npz
all_left,hjj0914,left,hjj0914_0504_left,hjj-0914__20260504-left-2_v33__20260504_133916.npz
all_left,hjj0914,left,hjj0914_0504_left,hjj-0914__20260504-left-2_v33__20260504_134137.npz
all_left,hjj0914,left,hjj0914_0504_left,hjj-0914__20260504-left-2_v33__20260504_134355.npz
all_left,hjj0914,left,hjj0914_0504_left,hjj-0914__20260504-left-2_v33__20260504_134613.npz
all_left,hjj0914,left,hjj0914_0504_left,hjj-0914__20260504-left-2_v33__20260504_134831.npz
all_left,hjj0914,left,hjj0914_0504_left,hjj-0914__20260504-left-2_v33__20260504_135057.npz
all_left,hjj0914,left,hjj0914_0504_left,hjj-0914__20260504-left-2_v33__20260504_135314.npz
all_left,hjj0914,left,hjj0914_0504_left,hjj-0914__20260504-left-2_v33__20260504_135532.npz
all_left,hjj0914,left,hjj0914_0504_left,hjj-0914__20260504-left-2_v33__20260504_135755.npz
all_left,hjj0914,left,hjj0914_0504_left,hjj-0914__20260504-left-2_v33__20260504_140012.npz
all_left,hjj0914,left,hjj0914_0504_left,hjj-0914__20260504-left-2_v33__20260504_140242.npz
all_left,hjj0914,left,hjj0914_0504_left,hjj-0914__20260504-left-2_v33__20260504_140459.npz
all_left,hjj0914,left,hjj0914_0504_left,hjj-0914__20260504-left-2_v33__20260504_140721.npz
all_left,hjj0914,left,hjj0914_0504_left,hjj-0914__20260504-left-2_v33__20260504_140937.npz
all_left,hjj0914,left,hjj0914_0504_left,hjj-0914__20260504-left-2_v71__20260504_153326.npz
all_left,hjj0914,left,hjj0914_0504_left,hjj-0914__20260504-left-2_v71__20260504_153548.npz
all_left,hjj0914,left,hjj0914_0504_left,hjj-0914__20260504-left-2_v71__20260504_153809.npz
all_left,hjj0914,left,hjj0914_0504_left,hjj-0914__20260504-left-2_v71__20260504_154026.npz
all_left,hjj0914,left,hjj0914_0504_left,hjj-0914__20260504-left-2_v71__20260504_154243.npz
all_left,hjj0914,left,hjj0914_0504_left,hjj-0914__20260504-left-2_v71__20260504_154459.npz
all_left,hjj0914,left,hjj0914_0504_left,hjj-0914__20260504-left-2_v71__20260504_154719.npz
all_left,hjj0914,left,hjj0914_0504_left,hjj-0914__20260504-left-2_v71__20260504_154939.npz
all_left,hjj0914,left,hjj0914_0504_left,hjj-0914__20260504-left-2_v71__20260504_155207.npz
all_left,hjj0914,left,hjj0914_0504_left,hjj-0914__20260504-left-2_v71__20260504_155459.npz
all_left,hjj0914,left,hjj0914_0504_left,hjj-0914__20260504-left-3_v71__20260504_164557.npz
all_left,hjj0914,left,hjj0914_0504_left,hjj-0914__20260504-left-3_v71__20260504_164816.npz
all_left,hjj0914,left,hjj0914_0504_left,hjj-0914__20260504-left-3_v71__20260504_165045.npz
all_left,hjj0914,left,hjj0914_0504_left,hjj-0914__20260504-left-3_v71__20260504_165301.npz
all_left,hjj0914,left,hjj0914_0504_left,hjj-0914__20260504-left-3_v71__20260504_165542.npz
all_left,hjj0914,left,hjj0914_0504_left,hjj-0914__20260504-left-3_v71__20260504_165759.npz
all_left,hjj0914,left,hjj0914_0504_left,hjj-0914__20260504-left-3_v71__20260504_170016.npz
all_left,hjj0914,left,hjj0914_0504_left,hjj-0914__20260504-left-3_v71__20260504_170244.npz
all_left,hjj0914,left,hjj0914_0504_left,hjj-0914__20260504-left-3_v71__20260504_170502.npz
all_left,hjj0914,left,hjj0914_0504_left,hjj-0914__20260504-left-3_v71__20260504_170719.npz
all_left,hjj0914,left,hjj0914_0504_left,hjj-0914__20260504-left-4_v71__20260504_172629.npz
all_left,hjj0914,left,hjj0914_0504_left,hjj-0914__20260504-left-4_v71__20260504_172848.npz
all_left,hjj0914,left,hjj0914_0504_left,hjj-0914__20260504-left-4_v71__20260504_173106.npz
all_left,hjj0914,left,hjj0914_0504_left,hjj-0914__20260504-left-4_v71__20260504_173415.npz
all_left,hjj0914,left,hjj0914_0504_left,hjj-0914__20260504-left-4_v71__20260504_173633.npz
all_left,hjj0914,left,hjj0914_0504_left,hjj-0914__20260504-left-4_v71__20260504_173852.npz
all_left,hjj0914,left,hjj0914_0504_left,hjj-0914__20260504-left-4_v71__20260504_174114.npz
all_left,hjj0914,left,hjj0914_0504_left,hjj-0914__20260504-left-4_v71__20260504_174332.npz
all_left,hjj0914,left,hjj0914_0504_left,hjj-0914__20260504-left-4_v71__20260504_174552.npz
all_left,hjj0914,left,hjj0914_0504_left,hjj-0914__20260504-left-4_v71__20260504_174810.npz
all_left,hzy1217,left,hzy1217_0501_run1,hzy-1217__20260501-left-2__20260501_125849.npz
all_left,hzy1217,left,hzy1217_0501_run1,hzy-1217__20260501-left-2__20260501_130110.npz
all_left,hzy1217,left,hzy1217_0501_run1,hzy-1217__20260501-left-2__20260501_130328.npz
all_left,hzy1217,left,hzy1217_0501_run1,hzy-1217__20260501-left-2__20260501_130545.npz
all_left,hzy1217,left,hzy1217_0501_run1,hzy-1217__20260501-left-2__20260501_130805.npz
all_left,hzy1217,left,hzy1217_0501_run1,hzy-1217__20260501-left-2__20260501_131024.npz
all_left,hzy1217,left,hzy1217_0501_run1,hzy-1217__20260501-left-2__20260501_131245.npz
all_left,hzy1217,left,hzy1217_0501_run1,hzy-1217__20260501-left-2__20260501_131503.npz
all_left,hzy1217,left,hzy1217_0501_run1,hzy-1217__20260501-left-2__20260501_131719.npz
all_left,hzy1217,left,hzy1217_0501_run1,hzy-1217__20260501-left-2__20260501_131948.npz
all_left,hzy1217,left,hzy1217_0501_run1,hzy-1217__20260501-left-2__20260501_132211.npz
all_left,hzy1217,left,hzy1217_0501_run1,hzy-1217__20260501-left-2__20260501_132432.npz
all_left,hzy1217,left,hzy1217_0501_run1,hzy-1217__20260501-left-2__20260501_132652.npz
all_left,hzy1217,left,hzy1217_0501_run1,hzy-1217__20260501-left-2__20260501_132910.npz
all_left,hzy1217,left,hzy1217_0501_run1,hzy-1217__20260501-left-2__20260501_133127.npz
all_left,hzy1217,left,hzy1217_0501_run1,hzy-1217__20260501-left-2__20260501_133345.npz
all_left,hzy1217,left,hzy1217_0501_run1,hzy-1217__20260501-left-2__20260501_133607.npz
all_left,hzy1217,left,hzy1217_0501_run1,hzy-1217__20260501-left-2__20260501_133835.npz
all_left,hzy1217,left,hzy1217_0501_run1,hzy-1217__20260501-left-2__20260501_134053.npz
all_left,hzy1217,left,hzy1217_0501_run1,hzy-1217__20260501-left-2__20260501_134350.npz
all_left,hzy1217,left,hzy1217_0501_run1,hzy-1217__20260501-left-3__20260501_134749.npz
all_left,hzy1217,left,hzy1217_0501_run1,hzy-1217__20260501-left-3__20260501_135006.npz
all_left,hzy1217,left,hzy1217_0501_run1,hzy-1217__20260501-left-3__20260501_135223.npz
all_left,hzy1217,left,hzy1217_0501_run1,hzy-1217__20260501-left-3__20260501_135445.npz
all_left,hzy1217,left,hzy1217_0501_run1,hzy-1217__20260501-left-3__20260501_135700.npz
all_left,hzy1217,left,hzy1217_0501_run1,hzy-1217__20260501-left-3__20260501_135929.npz
all_left,hzy1217,left,hzy1217_0501_run1,hzy-1217__20260501-left-3__20260501_140149.npz
all_left,hzy1217,left,hzy1217_0501_run1,hzy-1217__20260501-left-3__20260501_140413.npz
all_left,hzy1217,left,hzy1217_0501_run1,hzy-1217__20260501-left-3__20260501_140631.npz
all_left,hzy1217,left,hzy1217_0501_run1,hzy-1217__20260501-left-3__20260501_140911.npz
all_left,hzy1217,left,hzy1217_0501_run1,hzy-1217__20260501-left-3__20260501_141134.npz
all_left,hzy1217,left,hzy1217_0501_run1,hzy-1217__20260501-left-3__20260501_141351.npz
all_left,hzy1217,left,hzy1217_0501_run1,hzy-1217__20260501-left-3__20260501_141614.npz
all_left,hzy1217,left,hzy1217_0501_run1,hzy-1217__20260501-left-3__20260501_141833.npz
all_left,hzy1217,left,hzy1217_0501_run1,hzy-1217__20260501-left-3__20260501_142053.npz
all_left,hzy1217,left,hzy1217_0501_run1,hzy-1217__20260501-left-3__20260501_142309.npz
all_left,hzy1217,left,hzy1217_0501_run1,hzy-1217__20260501-left-3__20260501_142543.npz
all_left,hzy1217,left,hzy1217_0501_run1,hzy-1217__20260501-left-3__20260501_142759.npz
all_left,hzy1217,left,hzy1217_0501_run1,hzy-1217__20260501-left-3__20260501_143014.npz
all_left,hzy1217,left,hzy1217_0501_run1,hzy-1217__20260501-left-3__20260501_143231.npz
all_left,hzy1217,left,hzy1217_0501_run1,hzy-1217__20260501-left-3__20260501_143445.npz
all_left,hzy1217,left,hzy1217_0501_run1,hzy-1217__20260501-left-3__20260501_143719.npz
all_left,hzy1217,left,hzy1217_0501_run1,hzy-1217__20260501-left-3__20260501_143934.npz
all_left,hzy1217,left,hzy1217_0501_run1,hzy-1217__20260501-left-3__20260501_144153.npz
all_left,hzy1217,left,hzy1217_0501_run1,hzy-1217__20260501-left-3__20260501_144408.npz
all_left,hzy1217,left,hzy1217_0501_run1,hzy-1217__20260501-left-3__20260501_144630.npz
all_left,hzy1217,left,hzy1217_0501_run1,hzy-1217__20260501-left-3__20260501_144845.npz
all_left,hzy1217,left,hzy1217_0501_run1,hzy-1217__20260501-left-3__20260501_145151.npz
all_left,hzy1217,left,hzy1217_0501_run1,hzy-1217__20260501-left-3__20260501_145425.npz
all_left,hzy1217,left,hzy1217_0501_run1,hzy-1217__20260501-left-3__20260501_145653.npz
all_left,hzy1217,left,hzy1217_0501_run1,hzy-1217__20260501-left-4__20260501_150329.npz
all_left,hzy1217,left,hzy1217_0501_run1,hzy-1217__20260501-left-4__20260501_150550.npz
all_left,hzy1217,left,hzy1217_0501_run1,hzy-1217__20260501-left-4__20260501_150829.npz
all_left,hzy1217,left,hzy1217_0501_run1,hzy-1217__20260501-left-4__20260501_151045.npz
all_left,hzy1217,left,hzy1217_0501_run1,hzy-1217__20260501-left-4__20260501_151301.npz
all_left,hzy1217,left,hzy1217_0501_run1,hzy-1217__20260501-left-4__20260501_151515.npz
all_left,hzy1217,left,hzy1217_0501_run1,hzy-1217__20260501-left-4__20260501_151730.npz
all_left,hzy1217,left,hzy1217_0501_run1,hzy-1217__20260501-left-4__20260501_151943.npz
all_left,hzy1217,left,hzy1217_0501_run1,hzy-1217__20260501-left-4__20260501_152157.npz
all_left,hzy1217,left,hzy1217_0501_run1,hzy-1217__20260501-left-4__20260501_152412.npz
all_left,hzy1217,left,hzy1217_0501_run1,hzy-1217__20260501-left-4__20260501_152633.npz
all_left,hzy1217,left,hzy1217_0501_run1,hzy-1217__20260501-left-4__20260501_152848.npz
all_left,hzy1217,left,hzy1217_0501_run1,hzy-1217__20260501-left-4__20260501_153106.npz
all_left,hzy1217,left,hzy1217_0501_run1,hzy-1217__20260501-left-4__20260501_153319.npz
all_left,hzy1217,left,hzy1217_0501_run1,hzy-1217__20260501-left-4__20260501_153533.npz
all_left,hzy1217,left,hzy1217_0501_run1,hzy-1217__20260501-left-4__20260501_153749.npz
all_left,hzy1217,left,hzy1217_0501_run1,hzy-1217__20260501-left-4__20260501_154009.npz
all_left,hzy1217,left,hzy1217_0501_run1,hzy-1217__20260501-left-4__20260501_154227.npz
all_left,hzy1217,left,hzy1217_0501_run1,hzy-1217__20260501-left-4__20260501_154454.npz
all_left,hzy1217,left,hzy1217_0501_run1,hzy-1217__20260501-left-4__20260501_154707.npz
all_left,hzy1217,left,hzy1217_0501_run1,hzy-1217__20260501-left-4__20260501_154920.npz
all_left,hzy1217,left,hzy1217_0501_run1,hzy-1217__20260501-left-4__20260501_155136.npz
all_left,hzy1217,left,hzy1217_0501_run1,hzy-1217__20260501-left-4__20260501_155351.npz
all_left,hzy1217,left,hzy1217_0501_run1,hzy-1217__20260501-left-4__20260501_155605.npz
all_left,hzy1217,left,hzy1217_0501_run1,hzy-1217__20260501-left-4__20260501_155840.npz
all_left,hzy1217,left,hzy1217_0501_run1,hzy-1217__20260501-left-4__20260501_160054.npz
all_left,hzy1217,left,hzy1217_0501_run1,hzy-1217__20260501-left-4__20260501_160308.npz
all_left,hzy1217,left,hzy1217_0501_run1,hzy-1217__20260501-left-4__20260501_160524.npz
all_left,hzy1217,left,hzy1217_0501_run1,hzy-1217__20260501-left-4__20260501_160743.npz
all_left,hzy1217,left,hzy1217_0501_run1,hzy-1217__20260501-left-4__20260501_160959.npz
all_left,hzy1217,left,hzy1217_0501_run1,hzy-1217__20260501-left-5__20260501_162716.npz
all_left,hzy1217,left,hzy1217_0501_run1,hzy-1217__20260501-left-5__20260501_162934.npz
all_left,hzy1217,left,hzy1217_0501_run1,hzy-1217__20260501-left-5__20260501_163150.npz
all_left,hzy1217,left,hzy1217_0501_run1,hzy-1217__20260501-left-5__20260501_163408.npz
all_left,hzy1217,left,hzy1217_0501_run1,hzy-1217__20260501-left-5__20260501_163625.npz
all_left,hzy1217,left,hzy1217_0501_run1,hzy-1217__20260501-left-5__20260501_163840.npz
all_left,hzy1217,left,hzy1217_0501_run1,hzy-1217__20260501-left-5__20260501_164054.npz
all_left,hzy1217,left,hzy1217_0501_run1,hzy-1217__20260501-left-5__20260501_164425.npz
all_left,hzy1217,left,hzy1217_0501_run1,hzy-1217__20260501-left-5__20260501_164640.npz
all_left,hzy1217,left,hzy1217_0501_run1,hzy-1217__20260501-left-5__20260501_164854.npz
all_left,hzy1217,left,hzy1217_0501_run1,hzy-1217__20260501-left-5__20260501_165115.npz
all_left,hzy1217,left,hzy1217_0501_run1,hzy-1217__20260501-left-5__20260501_165332.npz
all_left,hzy1217,left,hzy1217_0501_run1,hzy-1217__20260501-left-5__20260501_165551.npz
all_left,hzy1217,left,hzy1217_0501_run1,hzy-1217__20260501-left-5__20260501_165831.npz
all_left,hzy1217,left,hzy1217_0501_run1,hzy-1217__20260501-left-5__20260501_170123.npz
all_left,hzy1217,left,hzy1217_0501_run1,hzy-1217__20260501-left-5__20260501_170336.npz
all_left,hzy1217,left,hzy1217_0501_run1,hzy-1217__20260501-left-5__20260501_170550.npz
all_left,hzy1217,left,hzy1217_0501_run1,hzy-1217__20260501-left-5__20260501_170826.npz
all_left,hzy1217,left,hzy1217_0501_run1,hzy-1217__20260501-left-5__20260501_171041.npz
all_left,hzy1217,left,hzy1217_0501_run1,hzy-1217__20260501-left-5__20260501_171256.npz
all_left,hzy1217,left,hzy1217_0501_run1,hzy-1217__20260501-left-6__20260501_171558.npz
all_left,hzy1217,left,hzy1217_0501_run1,hzy-1217__20260501-left-6__20260501_171813.npz
all_left,hzy1217,left,hzy1217_0501_run1,hzy-1217__20260501-left-6__20260501_172028.npz
all_left,hzy1217,left,hzy1217_0501_run1,hzy-1217__20260501-left-6__20260501_172246.npz
all_left,hzy1217,left,hzy1217_0501_run1,hzy-1217__20260501-left-6__20260501_172501.npz
all_left,hzy1217,left,hzy1217_0501_run1,hzy-1217__20260501-left-6__20260501_172718.npz
all_left,hzy1217,left,hzy1217_0501_run1,hzy-1217__20260501-left-6__20260501_172933.npz
all_left,hzy1217,left,hzy1217_0501_run1,hzy-1217__20260501-left-6__20260501_173147.npz
all_left,hzy1217,left,hzy1217_0501_run1,hzy-1217__20260501-left-6__20260501_173413.npz
all_left,hzy1217,left,hzy1217_0501_run1,hzy-1217__20260501-left-6__20260501_173641.npz
all_left,hzy1217,left,hzy1217_0501_run1,hzy-1217__20260501-left__20260501_114604.npz
all_left,hzy1217,left,hzy1217_0501_run1,hzy-1217__20260501-left__20260501_114832.npz
all_left,hzy1217,left,hzy1217_0501_run1,hzy-1217__20260501-left__20260501_115050.npz
all_left,hzy1217,left,hzy1217_0501_run1,hzy-1217__20260501-left__20260501_115312.npz
all_left,hzy1217,left,hzy1217_0501_run1,hzy-1217__20260501-left__20260501_115539.npz
all_left,hzy1217,left,hzy1217_0501_run1,hzy-1217__20260501-left__20260501_115804.npz
all_left,hzy1217,left,hzy1217_0501_run1,hzy-1217__20260501-left__20260501_120033.npz
all_left,hzy1217,left,hzy1217_0501_run1,hzy-1217__20260501-left__20260501_120247.npz
all_left,hzy1217,left,hzy1217_0501_run1,hzy-1217__20260501-left__20260501_120526.npz
all_left,hzy1217,left,hzy1217_0501_run1,hzy-1217__20260501-left__20260501_120743.npz
all_left,hzy1217,left,hzy1217_0503_left,hzy-1217__20260503-left-2__20260503_130952.npz
all_left,hzy1217,left,hzy1217_0503_left,hzy-1217__20260503-left-2__20260503_131221.npz
all_left,hzy1217,left,hzy1217_0503_left,hzy-1217__20260503-left-2__20260503_131454.npz
all_left,hzy1217,left,hzy1217_0503_left,hzy-1217__20260503-left-2__20260503_131825.npz
all_left,hzy1217,left,hzy1217_0503_left,hzy-1217__20260503-left-2__20260503_132039.npz
all_left,hzy1217,left,hzy1217_0503_left,hzy-1217__20260503-left-2__20260503_132253.npz
all_left,hzy1217,left,hzy1217_0503_left,hzy-1217__20260503-left-2__20260503_132523.npz
all_left,hzy1217,left,hzy1217_0503_left,hzy-1217__20260503-left-2__20260503_132754.npz
all_left,hzy1217,left,hzy1217_0503_left,hzy-1217__20260503-left-2__20260503_133025.npz
all_left,hzy1217,left,hzy1217_0503_left,hzy-1217__20260503-left-2__20260503_133239.npz
all_left,hzy1217,left,hzy1217_0503_left,hzy-1217__20260503-left-2__20260503_133457.npz
all_left,hzy1217,left,hzy1217_0503_left,hzy-1217__20260503-left-2__20260503_133710.npz
all_left,hzy1217,left,hzy1217_0503_left,hzy-1217__20260503-left-2__20260503_133926.npz
all_left,hzy1217,left,hzy1217_0503_left,hzy-1217__20260503-left-2__20260503_134154.npz
all_left,hzy1217,left,hzy1217_0503_left,hzy-1217__20260503-left-2__20260503_134410.npz
all_left,hzy1217,left,hzy1217_0503_left,hzy-1217__20260503-left-2__20260503_134623.npz
all_left,hzy1217,left,hzy1217_0503_left,hzy-1217__20260503-left-2__20260503_134837.npz
all_left,hzy1217,left,hzy1217_0503_left,hzy-1217__20260503-left-2__20260503_135058.npz
all_left,hzy1217,left,hzy1217_0503_left,hzy-1217__20260503-left-2__20260503_135323.npz
all_left,hzy1217,left,hzy1217_0503_left,hzy-1217__20260503-left-2__20260503_135537.npz
all_left,hzy1217,left,hzy1217_0503_left,hzy-1217__20260503-left-3__20260503_141759.npz
all_left,hzy1217,left,hzy1217_0503_left,hzy-1217__20260503-left-3__20260503_142012.npz
all_left,hzy1217,left,hzy1217_0503_left,hzy-1217__20260503-left-3__20260503_142227.npz
all_left,hzy1217,left,hzy1217_0503_left,hzy-1217__20260503-left-3__20260503_142445.npz
all_left,hzy1217,left,hzy1217_0503_left,hzy-1217__20260503-left-3__20260503_142710.npz
all_left,hzy1217,left,hzy1217_0503_left,hzy-1217__20260503-left-3__20260503_142934.npz
all_left,hzy1217,left,hzy1217_0503_left,hzy-1217__20260503-left-3__20260503_143150.npz
all_left,hzy1217,left,hzy1217_0503_left,hzy-1217__20260503-left-3__20260503_143414.npz
all_left,hzy1217,left,hzy1217_0503_left,hzy-1217__20260503-left-3__20260503_143641.npz
all_left,hzy1217,left,hzy1217_0503_left,hzy-1217__20260503-left-3__20260503_143857.npz
all_left,hzy1217,left,hzy1217_0503_left,hzy-1217__20260503-left-3__20260503_144144.npz
all_left,hzy1217,left,hzy1217_0503_left,hzy-1217__20260503-left-3__20260503_144405.npz
all_left,hzy1217,left,hzy1217_0503_left,hzy-1217__20260503-left-3__20260503_144653.npz
all_left,hzy1217,left,hzy1217_0503_left,hzy-1217__20260503-left-3__20260503_144928.npz
all_left,hzy1217,left,hzy1217_0503_left,hzy-1217__20260503-left-3__20260503_145153.npz
all_left,hzy1217,left,hzy1217_0503_left,hzy-1217__20260503-left-3__20260503_145407.npz
all_left,hzy1217,left,hzy1217_0503_left,hzy-1217__20260503-left-3__20260503_145619.npz
all_left,hzy1217,left,hzy1217_0503_left,hzy-1217__20260503-left-3__20260503_145832.npz
all_left,hzy1217,left,hzy1217_0503_left,hzy-1217__20260503-left-3__20260503_150114.npz
all_left,hzy1217,left,hzy1217_0503_left,hzy-1217__20260503-left-3__20260503_150334.npz
all_left,hzy1217,left,hzy1217_0503_left,hzy-1217__20260503-left-4__20260503_150954.npz
all_left,hzy1217,left,hzy1217_0503_left,hzy-1217__20260503-left-4__20260503_151207.npz
all_left,hzy1217,left,hzy1217_0503_left,hzy-1217__20260503-left-4__20260503_151448.npz
all_left,hzy1217,left,hzy1217_0503_left,hzy-1217__20260503-left-4__20260503_151708.npz
all_left,hzy1217,left,hzy1217_0503_left,hzy-1217__20260503-left-4__20260503_151925.npz
all_left,hzy1217,left,hzy1217_0503_left,hzy-1217__20260503-left-4__20260503_152137.npz
all_left,hzy1217,left,hzy1217_0503_left,hzy-1217__20260503-left-4__20260503_152351.npz
all_left,hzy1217,left,hzy1217_0503_left,hzy-1217__20260503-left-4__20260503_152603.npz
all_left,hzy1217,left,hzy1217_0503_left,hzy-1217__20260503-left-4__20260503_152821.npz
all_left,hzy1217,left,hzy1217_0503_left,hzy-1217__20260503-left-4__20260503_153113.npz
all_left,hzy1217,left,hzy1217_0503_left,hzy-1217__20260503-left-4__20260503_153330.npz
all_left,hzy1217,left,hzy1217_0503_left,hzy-1217__20260503-left-4__20260503_153603.npz
all_left,hzy1217,left,hzy1217_0503_left,hzy-1217__20260503-left-5__20260503_160401.npz
all_left,hzy1217,left,hzy1217_0503_left,hzy-1217__20260503-left-5__20260503_160641.npz
all_left,hzy1217,left,hzy1217_0503_left,hzy-1217__20260503-left-5__20260503_160915.npz
all_left,hzy1217,left,hzy1217_0503_left,hzy-1217__20260503-left-5__20260503_161130.npz
all_left,hzy1217,left,hzy1217_0503_left,hzy-1217__20260503-left-5__20260503_161344.npz
all_left,hzy1217,left,hzy1217_0503_left,hzy-1217__20260503-left-5__20260503_161557.npz
all_left,hzy1217,left,hzy1217_0503_left,hzy-1217__20260503-left-5__20260503_161811.npz
all_left,hzy1217,left,hzy1217_0503_left,hzy-1217__20260503-left-5__20260503_162026.npz
all_left,hzy1217,left,hzy1217_0503_left,hzy-1217__20260503-left-5__20260503_162239.npz
all_left,hzy1217,left,hzy1217_0503_left,hzy-1217__20260503-left-5__20260503_162451.npz
all_left,hzy1217,left,hzy1217_0503_left,hzy-1217__20260503-left-5__20260503_162705.npz
all_left,hzy1217,left,hzy1217_0503_left,hzy-1217__20260503-left-5__20260503_162919.npz
all_left,hzy1217,left,hzy1217_0503_left,hzy-1217__20260503-left-5__20260503_163133.npz
all_left,hzy1217,left,hzy1217_0503_left,hzy-1217__20260503-left-5__20260503_163349.npz
all_left,hzy1217,left,hzy1217_0503_left,hzy-1217__20260503-left-5__20260503_163605.npz
all_left,hzy1217,left,hzy1217_0503_left,hzy-1217__20260503-left-5__20260503_163818.npz
all_left,hzy1217,left,hzy1217_0503_left,hzy-1217__20260503-left-6__20260503_165637.npz
all_left,hzy1217,left,hzy1217_0503_left,hzy-1217__20260503-left-6__20260503_165851.npz
all_left,hzy1217,left,hzy1217_0503_left,hzy-1217__20260503-left-6__20260503_170106.npz
all_left,hzy1217,left,hzy1217_0503_left,hzy-1217__20260503-left-6__20260503_170328.npz
all_left,hzy1217,left,hzy1217_0503_left,hzy-1217__20260503-left-6__20260503_170542.npz
all_left,hzy1217,left,hzy1217_0503_left,hzy-1217__20260503-left-6__20260503_171034.npz
all_left,hzy1217,left,hzy1217_0503_left,hzy-1217__20260503-left-6__20260503_171359.npz
all_left,hzy1217,left,hzy1217_0503_left,hzy-1217__20260503-left-6__20260503_171613.npz
all_left,hzy1217,left,hzy1217_0503_left,hzy-1217__20260503-left-6__20260503_171829.npz
all_left,hzy1217,left,hzy1217_0503_left,hzy-1217__20260503-left-6__20260503_172047.npz
all_left,hzy1217,left,hzy1217_0503_left,hzy-1217__20260503-left-6__20260503_172323.npz
all_left,hzy1217,left,hzy1217_0503_left,hzy-1217__20260503-left-6__20260503_172537.npz
all_left,hzy1217,left,hzy1217_0503_left,hzy-1217__20260503-left-6__20260503_172752.npz
all_left,hzy1217,left,hzy1217_0503_left,hzy-1217__20260503-left-6__20260503_173005.npz
all_left,hzy1217,left,hzy1217_0503_left,hzy-1217__20260503-left-6__20260503_173218.npz
all_left,hzy1217,left,hzy1217_0503_left,hzy-1217__20260503-left-6__20260503_173441.npz
all_left,hzy1217,left,hzy1217_0503_left,hzy-1217__20260503-left-7__20260503_175326.npz
all_left,hzy1217,left,hzy1217_0503_left,hzy-1217__20260503-left-7__20260503_175539.npz
all_left,hzy1217,left,hzy1217_0503_left,hzy-1217__20260503-left-7__20260503_175755.npz
all_left,hzy1217,left,hzy1217_0503_left,hzy-1217__20260503-left-8__20260503_180237.npz
all_left,hzy1217,left,hzy1217_0503_left,hzy-1217__20260503-left-8__20260503_180449.npz
all_left,hzy1217,left,hzy1217_0503_left,hzy-1217__20260503-left-8__20260503_180742.npz
all_left,hzy1217,left,hzy1217_0503_left,hzy-1217__20260503-left-8__20260503_180955.npz
all_left,hzy1217,left,hzy1217_0503_left,hzy-1217__20260503-left-8__20260503_181207.npz
all_left,hzy1217,left,hzy1217_0503_left,hzy-1217__20260503-left-8__20260503_181421.npz
all_left,hzy1217,left,hzy1217_0503_left,hzy-1217__20260503-left-8__20260503_181636.npz
all_left,hzy1217,left,hzy1217_0503_left,hzy-1217__20260503-left-8__20260503_181847.npz
all_left,hzy1217,left,hzy1217_0503_left,hzy-1217__20260503-left-8__20260503_182100.npz
all_left,hzy1217,left,hzy1217_0503_left,hzy-1217__20260503-left-8__20260503_182314.npz
all_left,hzy1217,left,hzy1217_0503_left,hzy-1217__20260503-left-8__20260503_182527.npz
all_left,hzy1217,left,hzy1217_0503_left,hzy-1217__20260503-left-8__20260503_182754.npz
all_left,hzy1217,left,hzy1217_0503_left,hzy-1217__20260503-left-8__20260503_183008.npz
all_left,hzy1217,left,hzy1217_0503_left,hzy-1217__20260503-left__20260503_104553.npz
all_left,hzy1217,left,hzy1217_0503_left,hzy-1217__20260503-left__20260503_104842.npz
all_left,hzy1217,left,hzy1217_0503_left,hzy-1217__20260503-left__20260503_105104.npz
all_left,hzy1217,left,hzy1217_0503_left,hzy-1217__20260503-left__20260503_105346.npz
all_left,hzy1217,left,hzy1217_0503_left,hzy-1217__20260503-left__20260503_105609.npz
all_left,hzy1217,left,hzy1217_0503_left,hzy-1217__20260503-left__20260503_105917.npz
all_left,hzy1217,left,hzy1217_0503_left,hzy-1217__20260503-left__20260503_110146.npz
all_left,hzy1217,left,hzy1217_0503_left,hzy-1217__20260503-left__20260503_110425.npz
all_left,hzy1217,left,hzy1217_0503_left,hzy-1217__20260503-left__20260503_110645.npz
all_left,hzy1217,left,hzy1217_0503_left,hzy-1217__20260503-left__20260503_110901.npz
all_left,hzy1217,left,hzy1217_0503_left,hzy-1217__20260503-left__20260503_111120.npz
all_left,hzy1217,left,hzy1217_0503_left,hzy-1217__20260503-left__20260503_111340.npz
all_left,hzy1217,left,hzy1217_0503_left,hzy-1217__20260503-left__20260503_111618.npz
all_left,hzy1217,left,hzy1217_0503_left,hzy-1217__20260503-left__20260503_111921.npz
all_left,hzy1217,left,hzy1217_0503_left,hzy-1217__20260503-left__20260503_112144.npz
all_left,hzy1217,left,hzy1217_0503_left,hzy-1217__20260503-left__20260503_112404.npz
all_left,hzy1217,left,hzy1217_0503_left,hzy-1217__20260503-left__20260503_112804.npz
all_left,hzy1217,left,hzy1217_0503_left,hzy-1217__20260503-left__20260503_113033.npz
all_left,hzy1217,left,hzy1217_0503_left,hzy-1217__20260503-left__20260503_113246.npz
all_left,hzy1217,left,hzy1217_0503_left,hzy-1217__20260503-left__20260503_113501.npz
all_left,lql0125,left,lql0125_0501_run1,lql-0125__20260501-left__20260501_165641.npz
all_left,lql0125,left,lql0125_0501_run1,lql-0125__20260501-left__20260501_165943.npz
all_left,lql0125,left,lql0125_0501_run1,lql-0125__20260501-left__20260501_170250.npz
all_left,lql0125,left,lql0125_0501_run1,lql-0125__20260501-left__20260501_170513.npz
all_left,lql0125,left,lql0125_0501_run1,lql-0125__20260501-left__20260501_170739.npz
all_left,lql0125,left,lql0125_0501_run1,lql-0125__20260501-left__20260501_171021.npz
all_left,lql0125,left,lql0125_0501_run1,lql-0125__20260501-left__20260501_171245.npz
all_left,lql0125,left,lql0125_0501_run1,lql-0125__20260501-left__20260501_171505.npz
all_left,lql0125,left,lql0125_0501_run1,lql-0125__20260501-left__20260501_171724.npz
all_left,lql0125,left,lql0125_0501_run1,lql-0125__20260501-left__20260501_171947.npz
all_left,lql0125,left,lql0125_0502_left,lql-0125__20260502-left__20260502_180447.npz
all_left,lql0125,left,lql0125_0502_left,lql-0125__20260502-left__20260502_180705.npz
all_left,lql0125,left,lql0125_0502_left,lql-0125__20260502-left__20260502_180921.npz
all_left,lql0125,left,lql0125_0502_left,lql-0125__20260502-left__20260502_181143.npz
all_left,lql0125,left,lql0125_0502_left,lql-0125__20260502-left__20260502_181359.npz
all_left,lql0125,left,lql0125_0502_left,lql-0125__20260502-left__20260502_181618.npz
all_left,lql0125,left,lql0125_0502_left,lql-0125__20260502-left__20260502_181836.npz
all_left,lsh0126,left,lsh0126_0501_run1,lsh-0126__20260501-left__20260501_172508.npz
all_left,lsh0126,left,lsh0126_0501_run1,lsh-0126__20260501-left__20260501_172725.npz
all_left,lsh0126,left,lsh0126_0501_run1,lsh-0126__20260501-left__20260501_172942.npz
all_left,lsh0126,left,lsh0126_0501_run1,lsh-0126__20260501-left__20260501_173159.npz
all_left,lsh0126,left,lsh0126_0501_run1,lsh-0126__20260501-left__20260501_173416.npz
all_left,lsh0126,left,lsh0126_0501_run1,lsh-0126__20260501-left__20260501_173631.npz
all_left,lsh0126,left,lsh0126_0501_run1,lsh-0126__20260501-left__20260501_173849.npz
all_left,lsh0126,left,lsh0126_0501_run1,lsh-0126__20260501-left__20260501_174137.npz
all_left,lsh0126,left,lsh0126_0501_run1,lsh-0126__20260501-left__20260501_174354.npz
all_left,lsh0126,left,lsh0126_0501_run1,lsh-0126__20260501-left__20260501_174611.npz
all_left,lsh0126,left,lsh0126_0502_left,lsh-0126__20260502-left-2__20260502_142141.npz
all_left,lsh0126,left,lsh0126_0502_left,lsh-0126__20260502-left-3__20260502_161422.npz
all_left,lsh0126,left,lsh0126_0502_left,lsh-0126__20260502-left-3__20260502_161642.npz
all_left,lsh0126,left,lsh0126_0502_left,lsh-0126__20260502-left-3__20260502_161914.npz
all_left,lsh0126,left,lsh0126_0502_left,lsh-0126__20260502-left-3__20260502_162155.npz
all_left,lsh0126,left,lsh0126_0502_left,lsh-0126__20260502-left-3__20260502_162413.npz
all_left,lsh0126,left,lsh0126_0502_left,lsh-0126__20260502-left__20260502_131448.npz
all_left,lsh0126,left,lsh0126_0502_left,lsh-0126__20260502-left__20260502_131728.npz
all_left,lsh0126,left,lsh0126_0502_left,lsh-0126__20260502-left__20260502_132002.npz
all_left,lsh0126,left,lsh0126_0502_left,lsh-0126__20260502-left__20260502_132245.npz
all_left,lsh0126,left,lsh0126_0502_left,lsh-0126__20260502-left__20260502_132510.npz
all_left,lsh0126,left,lsh0126_0502_left,lsh-0126__20260502-left__20260502_132731.npz
all_left,lsh0126,left,lsh0126_0502_left,lsh-0126__20260502-left__20260502_133040.npz
all_left,lsh0126,left,lsh0126_0503_left,lsh-0126__20260503-left-2__20260503_112313.npz
all_left,lsh0126,left,lsh0126_0503_left,lsh-0126__20260503-left-2__20260503_112532.npz
all_left,lsh0126,left,lsh0126_0503_left,lsh-0126__20260503-left-2__20260503_112753.npz
all_left,lsh0126,left,lsh0126_0503_left,lsh-0126__20260503-left-2__20260503_113218.npz
all_left,lsh0126,left,lsh0126_0503_left,lsh-0126__20260503-left-2__20260503_113441.npz
all_left,lsh0126,left,lsh0126_0503_left,lsh-0126__20260503-left-2__20260503_113706.npz
all_left,lsh0126,left,lsh0126_0503_left,lsh-0126__20260503-left-2__20260503_113953.npz
all_left,lsh0126,left,lsh0126_0503_left,lsh-0126__20260503-left-2__20260503_114211.npz
all_left,lsh0126,left,lsh0126_0503_left,lsh-0126__20260503-left-2__20260503_114426.npz
all_left,lsh0126,left,lsh0126_0503_left,lsh-0126__20260503-left-2__20260503_114647.npz
all_left,lsh0126,left,lsh0126_0503_left,lsh-0126__20260503-left-2__20260503_114948.npz
all_left,lsh0126,left,lsh0126_0503_left,lsh-0126__20260503-left-3__20260503_120023.npz
all_left,lsh0126,left,lsh0126_0503_left,lsh-0126__20260503-left-4__20260503_130821.npz
all_left,lsh0126,left,lsh0126_0503_left,lsh-0126__20260503-left-4__20260503_131144.npz
all_left,lsh0126,left,lsh0126_0503_left,lsh-0126__20260503-left-4__20260503_131403.npz
all_left,lsh0126,left,lsh0126_0503_left,lsh-0126__20260503-left-4__20260503_131621.npz
all_left,lsh0126,left,lsh0126_0503_left,lsh-0126__20260503-left-4__20260503_131848.npz
all_left,lsh0126,left,lsh0126_0503_left,lsh-0126__20260503-left-4__20260503_132110.npz
all_left,lsh0126,left,lsh0126_0503_left,lsh-0126__20260503-left-4__20260503_132428.npz
all_left,lsh0126,left,lsh0126_0503_left,lsh-0126__20260503-left-4__20260503_132645.npz
all_left,lsh0126,left,lsh0126_0503_left,lsh-0126__20260503-left-4__20260503_132909.npz
all_left,lsh0126,left,lsh0126_0503_left,lsh-0126__20260503-left-4__20260503_133129.npz
all_left,lsh0126,left,lsh0126_0503_left,lsh-0126__20260503-left-4__20260503_133350.npz
all_left,lsh0126,left,lsh0126_0503_left,lsh-0126__20260503-left-4__20260503_133607.npz
all_left,lsh0126,left,lsh0126_0503_left,lsh-0126__20260503-left-4__20260503_133930.npz
all_left,lsh0126,left,lsh0126_0503_left,lsh-0126__20260503-left-5__20260503_134457.npz
all_left,lsh0126,left,lsh0126_0503_left,lsh-0126__20260503-left-5__20260503_134802.npz
all_left,lsh0126,left,lsh0126_0503_left,lsh-0126__20260503-left-5__20260503_135037.npz
all_left,lsh0126,left,lsh0126_0503_left,lsh-0126__20260503-left-5__20260503_135255.npz
all_left,lsh0126,left,lsh0126_0503_left,lsh-0126__20260503-left-6__20260503_142007.npz
all_left,lsh0126,left,lsh0126_0503_left,lsh-0126__20260503-left-6__20260503_142423.npz
all_left,lsh0126,left,lsh0126_0503_left,lsh-0126__20260503-left-6__20260503_142641.npz
all_left,lsh0126,left,lsh0126_0503_left,lsh-0126__20260503-left-6__20260503_142918.npz
all_left,lsh0126,left,lsh0126_0503_left,lsh-0126__20260503-left-6__20260503_143136.npz
all_left,lsh0126,left,lsh0126_0503_left,lsh-0126__20260503-left-6__20260503_143506.npz
all_left,lsh0126,left,lsh0126_0503_left,lsh-0126__20260503-left-6__20260503_143725.npz
all_left,lsh0126,left,lsh0126_0503_left,lsh-0126__20260503-left-6__20260503_143944.npz
all_left,lsh0126,left,lsh0126_0503_left,lsh-0126__20260503-left-6__20260503_144216.npz
all_left,lsh0126,left,lsh0126_0503_left,lsh-0126__20260503-left-6__20260503_144434.npz
all_left,lsh0126,left,lsh0126_0503_left,lsh-0126__20260503-left-6__20260503_144700.npz
all_left,lsh0126,left,lsh0126_0503_left,lsh-0126__20260503-left-6__20260503_144917.npz
all_left,lsh0126,left,lsh0126_0503_left,lsh-0126__20260503-left-6__20260503_145151.npz
all_left,lsh0126,left,lsh0126_0503_left,lsh-0126__20260503-left-6__20260503_145411.npz
all_left,lsh0126,left,lsh0126_0503_left,lsh-0126__20260503-left-6__20260503_145645.npz
all_left,lsh0126,left,lsh0126_0503_left,lsh-0126__20260503-left-6__20260503_150025.npz
all_left,lsh0126,left,lsh0126_0503_left,lsh-0126__20260503-left-6__20260503_150253.npz
all_left,lsh0126,left,lsh0126_0503_left,lsh-0126__20260503-left-6__20260503_150510.npz
all_left,lsh0126,left,lsh0126_0503_left,lsh-0126__20260503-left-6__20260503_150728.npz
all_left,lsh0126,left,lsh0126_0503_left,lsh-0126__20260503-left-6__20260503_151005.npz
all_left,lsh0126,left,lsh0126_0503_left,lsh-0126__20260503-left-6__20260503_151326.npz
all_left,lsh0126,left,lsh0126_0503_left,lsh-0126__20260503-left-6__20260503_151720.npz
all_left,lsh0126,left,lsh0126_0503_left,lsh-0126__20260503-left-6__20260503_152050.npz
all_left,lsh0126,left,lsh0126_0503_left,lsh-0126__20260503-left-6__20260503_152426.npz
all_left,lsh0126,left,lsh0126_0503_left,lsh-0126__20260503-left-6__20260503_152714.npz
all_left,lsh0126,left,lsh0126_0503_left,lsh-0126__20260503-left-6__20260503_153015.npz
all_left,lsh0126,left,lsh0126_0503_left,lsh-0126__20260503-left-7__20260503_154531.npz
all_left,lsh0126,left,lsh0126_0503_left,lsh-0126__20260503-left-7__20260503_154749.npz
all_left,lsh0126,left,lsh0126_0503_left,lsh-0126__20260503-left-7__20260503_155010.npz
all_left,lsh0126,left,lsh0126_0503_left,lsh-0126__20260503-left-7__20260503_155238.npz
all_left,lsh0126,left,lsh0126_0503_left,lsh-0126__20260503-left-7__20260503_155500.npz
all_left,lsh0126,left,lsh0126_0503_left,lsh-0126__20260503-left-7__20260503_155731.npz
all_left,lsh0126,left,lsh0126_0503_left,lsh-0126__20260503-left-7__20260503_155953.npz
all_left,lsh0126,left,lsh0126_0503_left,lsh-0126__20260503-left-7__20260503_160213.npz
all_left,lsh0126,left,lsh0126_0503_left,lsh-0126__20260503-left-8__20260503_163939.npz
all_left,lsh0126,left,lsh0126_0503_left,lsh-0126__20260503-left-8__20260503_164157.npz
all_left,lsh0126,left,lsh0126_0503_left,lsh-0126__20260503-left-8__20260503_164414.npz
all_left,lsh0126,left,lsh0126_0503_left,lsh-0126__20260503-left-8__20260503_164632.npz
all_left,lsh0126,left,lsh0126_0503_left,lsh-0126__20260503-left-8__20260503_164851.npz
all_left,lsh0126,left,lsh0126_0503_left,lsh-0126__20260503-left-8__20260503_165110.npz
all_left,lsh0126,left,lsh0126_0503_left,lsh-0126__20260503-left-8__20260503_165413.npz
all_left,lsh0126,left,lsh0126_0503_left,lsh-0126__20260503-left-8__20260503_165632.npz
all_left,lsh0126,left,lsh0126_0503_left,lsh-0126__20260503-left-8__20260503_165853.npz
all_left,lsh0126,left,lsh0126_0503_left,lsh-0126__20260503-left-8__20260503_170115.npz
all_left,lsh0126,left,lsh0126_0503_left,lsh-0126__20260503-left-8__20260503_170338.npz
all_left,lsh0126,left,lsh0126_0503_left,lsh-0126__20260503-left-8__20260503_170558.npz
all_left,lsh0126,left,lsh0126_0503_left,lsh-0126__20260503-left-8__20260503_170817.npz
all_left,lsh0126,left,lsh0126_0503_left,lsh-0126__20260503-left-8__20260503_171036.npz
all_left,lsh0126,left,lsh0126_0503_left,lsh-0126__20260503-left-8__20260503_171257.npz
all_left,lsh0126,left,lsh0126_0503_left,lsh-0126__20260503-left-8__20260503_171554.npz
all_left,lsh0126,left,lsh0126_0503_left,lsh-0126__20260503-left-8__20260503_172047.npz
all_left,lsh0126,left,lsh0126_0503_left,lsh-0126__20260503-left-8__20260503_172517.npz
all_left,lsh0126,left,lsh0126_0503_left,lsh-0126__20260503-left-8__20260503_172740.npz
all_left,lsh0126,left,lsh0126_0503_left,lsh-0126__20260503-left-9__20260503_181123.npz
all_left,lsh0126,left,lsh0126_0503_left,lsh-0126__20260503-left-9__20260503_181348.npz
all_left,lsh0126,left,lsh0126_0503_left,lsh-0126__20260503-left-9__20260503_181621.npz
all_left,lsh0126,left,lsh0126_0503_left,lsh-0126__20260503-left-9__20260503_181846.npz
all_left,lsh0126,left,lsh0126_0503_left,lsh-0126__20260503-left-9__20260503_182123.npz
all_left,lsh0126,left,lsh0126_0503_left,lsh-0126__20260503-left__20260503_103026.npz
all_left,lsh0126,left,lsh0126_0503_left,lsh-0126__20260503-left__20260503_103248.npz
all_left,lsh0126,left,lsh0126_0503_left,lsh-0126__20260503-left__20260503_103521.npz
all_left,lsh0126,left,lsh0126_0503_left,lsh-0126__20260503-left__20260503_103751.npz
all_left,lsh0126,left,lsh0126_0503_left,lsh-0126__20260503-left__20260503_104048.npz
all_left,lsh0126,left,lsh0126_0503_left,lsh-0126__20260503-left__20260503_104315.npz
all_left,lsh0126,left,lsh0126_0503_left,lsh-0126__20260503-left__20260503_104534.npz
all_left,lsh0126,left,lsh0126_0503_left,lsh-0126__20260503-left__20260503_104758.npz
all_left,lsh0126,left,lsh0126_0503_left,lsh-0126__20260503-left__20260503_105053.npz
all_left,lsh0126,left,lsh0126_0503_left,lsh-0126__20260503-left__20260503_105313.npz
all_left,lsh0126,left,lsh0126_0503_left,lsh-0126__20260503-left__20260503_105538.npz
all_left,lsh0126,left,lsh0126_0503_left,lsh-0126__20260503-left__20260503_105924.npz
all_left,lsh0126,left,lsh0126_0505_left,lsh-0126__20260505-left-2__20260505_132114.npz
all_left,lsh0126,left,lsh0126_0505_left,lsh-0126__20260505-left-2__20260505_132352.npz
all_left,lsh0126,left,lsh0126_0505_left,lsh-0126__20260505-left-2__20260505_132720.npz
all_left,lsh0126,left,lsh0126_0505_left,lsh-0126__20260505-left-2__20260505_133755.npz
all_left,lsh0126,left,lsh0126_0505_left,lsh-0126__20260505-left-2__20260505_134019.npz
all_left,lsh0126,left,lsh0126_0505_left,lsh-0126__20260505-left-2__20260505_134258.npz
all_left,lsh0126,left,lsh0126_0505_left,lsh-0126__20260505-left-2__20260505_134516.npz
all_left,lsh0126,left,lsh0126_0505_left,lsh-0126__20260505-left-2__20260505_134733.npz
all_left,lsh0126,left,lsh0126_0505_left,lsh-0126__20260505-left-2__20260505_134952.npz
all_left,lsh0126,left,lsh0126_0505_left,lsh-0126__20260505-left-2__20260505_135209.npz
all_left,lsh0126,left,lsh0126_0505_left,lsh-0126__20260505-left-2__20260505_135501.npz
all_left,lsh0126,left,lsh0126_0505_left,lsh-0126__20260505-left-2__20260505_140056.npz
all_left,lsh0126,left,lsh0126_0505_left,lsh-0126__20260505-left-2__20260505_140313.npz
all_left,lsh0126,left,lsh0126_0505_left,lsh-0126__20260505-left-2__20260505_140532.npz
all_left,lsh0126,left,lsh0126_0505_left,lsh-0126__20260505-left-2__20260505_140838.npz
all_left,lsh0126,left,lsh0126_0505_left,lsh-0126__20260505-left-3__20260505_141357.npz
all_left,lsh0126,left,lsh0126_0505_left,lsh-0126__20260505-left-3__20260505_141633.npz
all_left,lsh0126,left,lsh0126_0505_left,lsh-0126__20260505-left-3__20260505_141853.npz
all_left,lsh0126,left,lsh0126_0505_left,lsh-0126__20260505-left-3__20260505_142121.npz
all_left,lsh0126,left,lsh0126_0505_left,lsh-0126__20260505-left-3__20260505_142340.npz
all_left,lsh0126,left,lsh0126_0505_left,lsh-0126__20260505-left-4__20260505_144528.npz
all_left,lsh0126,left,lsh0126_0505_left,lsh-0126__20260505-left-4__20260505_144745.npz
all_left,lsh0126,left,lsh0126_0505_left,lsh-0126__20260505-left-4__20260505_145002.npz
all_left,lsh0126,left,lsh0126_0505_left,lsh-0126__20260505-left-5__20260505_150841.npz
all_left,lsh0126,left,lsh0126_0505_left,lsh-0126__20260505-left-5__20260505_151128.npz
all_left,lsh0126,left,lsh0126_0505_left,lsh-0126__20260505-left-5__20260505_151346.npz
all_left,lsh0126,left,lsh0126_0505_left,lsh-0126__20260505-left-5__20260505_151605.npz
all_left,lsh0126,left,lsh0126_0505_left,lsh-0126__20260505-left-5__20260505_151842.npz
all_left,lsh0126,left,lsh0126_0505_left,lsh-0126__20260505-left-5__20260505_152059.npz
all_left,lsh0126,left,lsh0126_0505_left,lsh-0126__20260505-left-5__20260505_152317.npz
all_left,lsh0126,left,lsh0126_0505_left,lsh-0126__20260505-left-5__20260505_152549.npz
all_left,lsh0126,left,lsh0126_0505_left,lsh-0126__20260505-left-5__20260505_152808.npz
all_left,lsh0126,left,lsh0126_0505_left,lsh-0126__20260505-left-5__20260505_153029.npz
all_left,lsh0126,left,lsh0126_0505_left,lsh-0126__20260505-left-5__20260505_153259.npz
all_left,lsh0126,left,lsh0126_0505_left,lsh-0126__20260505-left-5__20260505_153610.npz
all_left,lsh0126,left,lsh0126_0505_left,lsh-0126__20260505-left-6__20260505_154421.npz
all_left,lsh0126,left,lsh0126_0505_left,lsh-0126__20260505-left-6__20260505_154646.npz
all_left,lsh0126,left,lsh0126_0505_left,lsh-0126__20260505-left-6__20260505_154908.npz
all_left,lsh0126,left,lsh0126_0505_left,lsh-0126__20260505-left-6__20260505_155127.npz
all_left,lsh0126,left,lsh0126_0505_left,lsh-0126__20260505-left-6__20260505_155343.npz
all_left,lsh0126,left,lsh0126_0505_left,lsh-0126__20260505-left-6__20260505_155600.npz
all_left,lsh0126,left,lsh0126_0505_left,lsh-0126__20260505-left-6__20260505_155818.npz
all_left,lsh0126,left,lsh0126_0505_left,lsh-0126__20260505-left-6__20260505_160144.npz
all_left,lsh0126,left,lsh0126_0505_left,lsh-0126__20260505-left-6__20260505_160401.npz
all_left,lsh0126,left,lsh0126_0505_left,lsh-0126__20260505-left-6__20260505_160630.npz
all_left,lsh0126,left,lsh0126_0505_left,lsh-0126__20260505-left-6__20260505_161042.npz
all_left,lsh0126,left,lsh0126_0505_left,lsh-0126__20260505-left-6__20260505_161300.npz
all_left,lsh0126,left,lsh0126_0505_left,lsh-0126__20260505-left-6__20260505_161518.npz
all_left,lsh0126,left,lsh0126_0505_left,lsh-0126__20260505-left-6__20260505_161737.npz
all_left,lsh0126,left,lsh0126_0505_left,lsh-0126__20260505-left-6__20260505_162008.npz
all_left,lsh0126,left,lsh0126_0505_left,lsh-0126__20260505-left-6__20260505_162323.npz
all_left,lsh0126,left,lsh0126_0505_left,lsh-0126__20260505-left-6__20260505_162555.npz
all_left,lsh0126,left,lsh0126_0505_left,lsh-0126__20260505-left-6__20260505_162918.npz
all_left,lsh0126,left,lsh0126_0505_left,lsh-0126__20260505-left-6__20260505_163144.npz
all_left,lsh0126,left,lsh0126_0505_left,lsh-0126__20260505-left-6__20260505_163430.npz
all_left,lsh0126,left,lsh0126_0505_left,lsh-0126__20260505-left-6__20260505_163717.npz
all_left,lsh0126,left,lsh0126_0505_left,lsh-0126__20260505-left-6__20260505_164017.npz
all_left,lsh0126,left,lsh0126_0505_left,lsh-0126__20260505-left-7__20260505_165953.npz
all_left,lsh0126,left,lsh0126_0505_left,lsh-0126__20260505-left-7__20260505_170230.npz
all_left,lsh0126,left,lsh0126_0505_left,lsh-0126__20260505-left-7__20260505_170525.npz
all_left,lsh0126,left,lsh0126_0505_left,lsh-0126__20260505-left-7__20260505_170748.npz
all_left,lsh0126,left,lsh0126_0505_left,lsh-0126__20260505-left-7__20260505_171010.npz
all_left,lsh0126,left,lsh0126_0505_left,lsh-0126__20260505-left-7__20260505_171230.npz
all_left,lsh0126,left,lsh0126_0505_left,lsh-0126__20260505-left-7__20260505_171450.npz
all_left,lsh0126,left,lsh0126_0505_left,lsh-0126__20260505-left-7__20260505_171709.npz
all_left,lsh0126,left,lsh0126_0505_left,lsh-0126__20260505-left-7__20260505_171954.npz
all_left,lsh0126,left,lsh0126_0505_left,lsh-0126__20260505-left-7__20260505_172237.npz
all_left,lsh0126,left,lsh0126_0505_left,lsh-0126__20260505-left-7__20260505_172523.npz
all_left,lsh0126,left,lsh0126_0505_left,lsh-0126__20260505-left-7__20260505_172759.npz
all_left,lsh0126,left,lsh0126_0505_left,lsh-0126__20260505-left-7__20260505_173020.npz
all_left,lsh0126,left,lsh0126_0505_left,lsh-0126__20260505-left-7__20260505_173240.npz
all_left,lsh0126,left,lsh0126_0505_left,lsh-0126__20260505-left-7__20260505_173502.npz
all_left,lsh0126,left,lsh0126_0505_left,lsh-0126__20260505-left-7__20260505_173742.npz
all_left,lsh0126,left,lsh0126_0505_left,lsh-0126__20260505-left-7__20260505_174015.npz
all_left,lsh0126,left,lsh0126_0505_left,lsh-0126__20260505-left-7__20260505_174237.npz
all_left,lsh0126,left,lsh0126_0505_left,lsh-0126__20260505-left-7__20260505_174455.npz
all_left,lsh0126,left,lsh0126_0505_left,lsh-0126__20260505-left-7__20260505_174711.npz
all_left,lsh0126,left,lsh0126_0505_left,lsh-0126__20260505-left-7__20260505_174927.npz
all_left,lsh0126,left,lsh0126_0505_left,lsh-0126__20260505-left-7__20260505_175145.npz
all_left,lsh0126,left,lsh0126_0505_left,lsh-0126__20260505-left-7__20260505_175403.npz
all_left,lsh0126,left,lsh0126_0505_left,lsh-0126__20260505-left__20260505_103548.npz
all_left,lsh0126,left,lsh0126_0505_left,lsh-0126__20260505-left__20260505_103811.npz
all_left,lsh0126,left,lsh0126_0505_left,lsh-0126__20260505-left__20260505_104034.npz
all_left,lsh0126,left,lsh0126_0505_left,lsh-0126__20260505-left__20260505_104257.npz
all_left,lsh0126,left,lsh0126_0505_left,lsh-0126__20260505-left__20260505_104519.npz
all_left,lsh0126,left,lsh0126_0505_left,lsh-0126__20260505-left__20260505_104739.npz
all_left,lsh0126,left,lsh0126_0505_left,lsh-0126__20260505-left__20260505_105036.npz
all_left,lsh0126,left,lsh0126_0505_left,lsh-0126__20260505-left__20260505_105258.npz
all_left,lsh0126,left,lsh0126_0505_left,lsh-0126__20260505-left__20260505_105604.npz
all_left,lsh0126,left,lsh0126_0505_left,lsh-0126__20260505-left__20260505_105824.npz
all_left,mlj0303,left,mlj0303_0502_left,mlj-0303__20260502-left__20260502_164540.npz
all_left,mlj0303,left,mlj0303_0502_left,mlj-0303__20260502-left__20260502_164824.npz
all_left,mlj0303,left,mlj0303_0502_left,mlj-0303__20260502-left__20260502_165043.npz
all_left,mlj0303,left,mlj0303_0502_left,mlj-0303__20260502-left__20260502_165311.npz
all_left,mlj0303,left,mlj0303_0502_left,mlj-0303__20260502-left__20260502_165529.npz
all_left,mlj0303,left,mlj0303_0502_left,mlj-0303__20260502-left__20260502_165750.npz
all_left,mlj0303,left,mlj0303_0502_left,mlj-0303__20260502-left__20260502_170632.npz
all_left,mlj0303,left,mlj0303_0502_left,mlj-0303__20260502-left__20260502_170905.npz
all_left,mlj0303,left,mlj0303_0502_left,mlj-0303__20260502-left__20260502_171508.npz
all_left,mlj0303,left,mlj0303_0502_left,mlj-0303__20260502-left__20260502_172234.npz
all_left,mlj0303,left,mlj0303_0502_left,mlj-0303__20260502-left__20260502_172454.npz
all_left,mlj0303,left,mlj0303_0502_left,mlj-0303__20260502-left__20260502_172712.npz
all_left,mlj0303,left,mlj0303_0502_left,mlj-0303__20260502-left__20260502_172936.npz
all_left,mlj0303,left,mlj0303_0505_left,mlj-0303__20260505-left-2__20260505_120523.npz
all_left,mlj0303,left,mlj0303_0505_left,mlj-0303__20260505-left-3__20260505_132115.npz
all_left,mlj0303,left,mlj0303_0505_left,mlj-0303__20260505-left-3__20260505_132343.npz
all_left,mlj0303,left,mlj0303_0505_left,mlj-0303__20260505-left-3__20260505_132600.npz
all_left,mlj0303,left,mlj0303_0505_left,mlj-0303__20260505-left-3__20260505_132816.npz
all_left,mlj0303,left,mlj0303_0505_left,mlj-0303__20260505-left-3__20260505_133128.npz
all_left,mlj0303,left,mlj0303_0505_left,mlj-0303__20260505-left-3__20260505_133355.npz
all_left,mlj0303,left,mlj0303_0505_left,mlj-0303__20260505-left-3__20260505_133609.npz
all_left,mlj0303,left,mlj0303_0505_left,mlj-0303__20260505-left-3__20260505_133828.npz
all_left,mlj0303,left,mlj0303_0505_left,mlj-0303__20260505-left-3__20260505_134046.npz
all_left,mlj0303,left,mlj0303_0505_left,mlj-0303__20260505-left-3__20260505_134333.npz
all_left,mlj0303,left,mlj0303_0505_left,mlj-0303__20260505-left-3__20260505_134550.npz
all_left,mlj0303,left,mlj0303_0505_left,mlj-0303__20260505-left-3__20260505_134809.npz
all_left,mlj0303,left,mlj0303_0505_left,mlj-0303__20260505-left-3__20260505_135024.npz
all_left,mlj0303,left,mlj0303_0505_left,mlj-0303__20260505-left-3__20260505_135239.npz
all_left,mlj0303,left,mlj0303_0505_left,mlj-0303__20260505-left-3__20260505_135455.npz
all_left,mlj0303,left,mlj0303_0505_left,mlj-0303__20260505-left-3__20260505_135728.npz
all_left,mlj0303,left,mlj0303_0505_left,mlj-0303__20260505-left-3__20260505_140000.npz
all_left,mlj0303,left,mlj0303_0505_left,mlj-0303__20260505-left-3__20260505_140216.npz
all_left,mlj0303,left,mlj0303_0505_left,mlj-0303__20260505-left-3__20260505_140441.npz
all_left,mlj0303,left,mlj0303_0505_left,mlj-0303__20260505-left-3__20260505_140732.npz
all_left,mlj0303,left,mlj0303_0505_left,mlj-0303__20260505-left-3__20260505_140948.npz
all_left,mlj0303,left,mlj0303_0505_left,mlj-0303__20260505-left-3__20260505_141206.npz
all_left,mlj0303,left,mlj0303_0505_left,mlj-0303__20260505-left-4__20260505_160653.npz
all_left,mlj0303,left,mlj0303_0505_left,mlj-0303__20260505-left-4__20260505_160913.npz
all_left,mlj0303,left,mlj0303_0505_left,mlj-0303__20260505-left-4__20260505_161131.npz
all_left,mlj0303,left,mlj0303_0505_left,mlj-0303__20260505-left-4__20260505_161348.npz
all_left,mlj0303,left,mlj0303_0505_left,mlj-0303__20260505-left-4__20260505_161604.npz
all_left,mlj0303,left,mlj0303_0505_left,mlj-0303__20260505-left-4__20260505_161823.npz
all_left,mlj0303,left,mlj0303_0505_left,mlj-0303__20260505-left-4__20260505_162037.npz
all_left,mlj0303,left,mlj0303_0505_left,mlj-0303__20260505-left-4__20260505_162255.npz
all_left,mlj0303,left,mlj0303_0505_left,mlj-0303__20260505-left-4__20260505_162512.npz
all_left,mlj0303,left,mlj0303_0505_left,mlj-0303__20260505-left-4__20260505_162731.npz
all_left,mlj0303,left,mlj0303_0505_left,mlj-0303__20260505-left-4__20260505_163113.npz
all_left,mlj0303,left,mlj0303_0505_left,mlj-0303__20260505-left-4__20260505_163333.npz
all_left,mlj0303,left,mlj0303_0505_left,mlj-0303__20260505-left-4__20260505_163554.npz
all_left,mlj0303,left,mlj0303_0505_left,mlj-0303__20260505-left-4__20260505_163817.npz
all_left,mlj0303,left,mlj0303_0505_left,mlj-0303__20260505-left-4__20260505_164034.npz
all_left,mlj0303,left,mlj0303_0505_left,mlj-0303__20260505-left__20260505_102448.npz
all_left,mlj0303,left,mlj0303_0505_left,mlj-0303__20260505-left__20260505_102727.npz
all_left,mlj0303,left,mlj0303_0505_left,mlj-0303__20260505-left__20260505_102947.npz
all_left,mlj0303,left,mlj0303_0505_left,mlj-0303__20260505-left__20260505_103204.npz
all_left,mlj0303,left,mlj0303_0505_left,mlj-0303__20260505-left__20260505_103425.npz
all_left,mlj0303,left,mlj0303_0505_left,mlj-0303__20260505-left__20260505_103642.npz
all_left,mlj0303,left,mlj0303_0505_left,mlj-0303__20260505-left__20260505_103902.npz
all_left,mlj0303,left,mlj0303_0505_left,mlj-0303__20260505-left__20260505_104212.npz
all_left,mlj0303,left,mlj0303_0505_left,mlj-0303__20260505-left__20260505_104440.npz
all_left,mlj0303,left,mlj0303_0505_left,mlj-0303__20260505-left__20260505_104702.npz
all_left,mlj0303,left,mlj0303_0505_left,mlj-0303__20260505-left__20260505_104920.npz
all_left,mlj0303,left,mlj0303_0505_left,mlj-0303__20260505-left__20260505_105316.npz
all_left,mlj0303,left,mlj0303_0505_left,mlj-0303__20260505-left__20260505_105533.npz
all_left,mlj0303,left,mlj0303_0505_left,mlj-0303__20260505-left__20260505_105749.npz
all_left,mlj0303,left,mlj0303_0505_left,mlj-0303__20260505-left__20260505_110017.npz
all_left,mlj0303,left,mlj0303_0505_left,mlj-0303__20260505-left__20260505_110234.npz
all_left,mlj0303,left,mlj0303_0505_left,mlj-0303__20260505-left__20260505_110453.npz
all_left,mlj0303,left,mlj0303_0505_left,mlj-0303__20260505-left__20260505_110858.npz
all_left,mlj0303,left,mlj0303_0505_left,mlj-0303__20260505-left__20260505_111116.npz
all_left,mlj0303,left,mlj0303_0505_left,mlj-0303__20260505-left__20260505_111334.npz
all_left,myy0129,left,myy0129_0501_left,myy-0129__20260501-left-2__20260501_141031.npz
all_left,myy0129,left,myy0129_0501_left,myy-0129__20260501-left-2__20260501_141301.npz
all_left,myy0129,left,myy0129_0501_left,myy-0129__20260501-left-2__20260501_141611.npz
all_left,myy0129,left,myy0129_0501_left,myy-0129__20260501-left-2__20260501_141844.npz
all_left,myy0129,left,myy0129_0501_left,myy-0129__20260501-left-2__20260501_142109.npz
all_left,myy0129,left,myy0129_0501_left,myy-0129__20260501-left-2__20260501_142334.npz
all_left,myy0129,left,myy0129_0501_left,myy-0129__20260501-left-2__20260501_142558.npz
all_left,myy0129,left,myy0129_0501_left,myy-0129__20260501-left-2__20260501_142820.npz
all_left,myy0129,left,myy0129_0501_left,myy-0129__20260501-left-2__20260501_143043.npz
all_left,myy0129,left,myy0129_0501_left,myy-0129__20260501-left-2__20260501_143313.npz
all_left,myy0129,left,myy0129_0501_left,myy-0129__20260501-left-2__20260501_143534.npz
all_left,myy0129,left,myy0129_0501_left,myy-0129__20260501-left-2__20260501_143852.npz
all_left,myy0129,left,myy0129_0501_left,myy-0129__20260501-left-2__20260501_144109.npz
all_left,myy0129,left,myy0129_0501_left,myy-0129__20260501-left-2__20260501_144349.npz
all_left,myy0129,left,myy0129_0501_left,myy-0129__20260501-left-2__20260501_144613.npz
all_left,myy0129,left,myy0129_0501_left,myy-0129__20260501-left-2__20260501_144855.npz
all_left,myy0129,left,myy0129_0501_left,myy-0129__20260501-left-2__20260501_145115.npz
all_left,myy0129,left,myy0129_0501_left,myy-0129__20260501-left-2__20260501_145341.npz
all_left,myy0129,left,myy0129_0501_left,myy-0129__20260501-left-2__20260501_145609.npz
all_left,myy0129,left,myy0129_0501_left,myy-0129__20260501-left-2__20260501_145830.npz
all_left,myy0129,left,myy0129_0501_left,myy-0129__20260501-left-2__20260501_150101.npz
all_left,myy0129,left,myy0129_0501_left,myy-0129__20260501-left-2__20260501_150327.npz
all_left,myy0129,left,myy0129_0501_left,myy-0129__20260501-left-2__20260501_150601.npz
all_left,myy0129,left,myy0129_0501_left,myy-0129__20260501-left-2__20260501_150821.npz
all_left,myy0129,left,myy0129_0501_left,myy-0129__20260501-left-2__20260501_151043.npz
all_left,myy0129,left,myy0129_0501_left,myy-0129__20260501-left-2__20260501_151307.npz
all_left,myy0129,left,myy0129_0501_left,myy-0129__20260501-left-2__20260501_151528.npz
all_left,myy0129,left,myy0129_0501_left,myy-0129__20260501-left-2__20260501_151750.npz
all_left,myy0129,left,myy0129_0501_left,myy-0129__20260501-left-2__20260501_152016.npz
all_left,myy0129,left,myy0129_0501_left,myy-0129__20260501-left-2__20260501_152236.npz
all_left,myy0129,left,myy0129_0501_left,myy-0129__20260501-left-3__20260501_155506.npz
all_left,myy0129,left,myy0129_0501_left,myy-0129__20260501-left-3__20260501_155728.npz
all_left,myy0129,left,myy0129_0501_left,myy-0129__20260501-left-3__20260501_155949.npz
all_left,myy0129,left,myy0129_0501_left,myy-0129__20260501-left-3__20260501_160229.npz
all_left,myy0129,left,myy0129_0501_left,myy-0129__20260501-left-3__20260501_160522.npz
all_left,myy0129,left,myy0129_0501_left,myy-0129__20260501-left-3__20260501_160813.npz
all_left,myy0129,left,myy0129_0501_left,myy-0129__20260501-left-3__20260501_161039.npz
all_left,myy0129,left,myy0129_0501_left,myy-0129__20260501-left-3__20260501_161258.npz
all_left,myy0129,left,myy0129_0501_left,myy-0129__20260501-left-3__20260501_161521.npz
all_left,myy0129,left,myy0129_0501_left,myy-0129__20260501-left-3__20260501_161751.npz
all_left,myy0129,left,myy0129_0501_left,myy-0129__20260501-left-3__20260501_162013.npz
all_left,myy0129,left,myy0129_0501_left,myy-0129__20260501-left-3__20260501_162237.npz
all_left,myy0129,left,myy0129_0501_left,myy-0129__20260501-left-3__20260501_162500.npz
all_left,myy0129,left,myy0129_0501_left,myy-0129__20260501-left-3__20260501_162724.npz
all_left,myy0129,left,myy0129_0501_left,myy-0129__20260501-left-3__20260501_162945.npz
all_left,myy0129,left,myy0129_0501_left,myy-0129__20260501-left-3__20260501_163227.npz
all_left,myy0129,left,myy0129_0501_left,myy-0129__20260501-left-3__20260501_163455.npz
all_left,myy0129,left,myy0129_0501_left,myy-0129__20260501-left-3__20260501_163714.npz
all_left,myy0129,left,myy0129_0501_left,myy-0129__20260501-left-3__20260501_163933.npz
all_left,myy0129,left,myy0129_0501_left,myy-0129__20260501-left-3__20260501_164150.npz
all_left,myy0129,left,myy0129_0501_left,myy-0129__20260501-left-3__20260501_164450.npz
all_left,myy0129,left,myy0129_0501_left,myy-0129__20260501-left-3__20260501_164728.npz
all_left,myy0129,left,myy0129_0501_left,myy-0129__20260501-left-3__20260501_165003.npz
all_left,myy0129,left,myy0129_0501_left,myy-0129__20260501-left-3__20260501_165228.npz
all_left,myy0129,left,myy0129_0501_left,myy-0129__20260501-left-3__20260501_165455.npz
all_left,myy0129,left,myy0129_0501_left,myy-0129__20260501-left-3__20260501_165724.npz
all_left,myy0129,left,myy0129_0501_left,myy-0129__20260501-left-4__20260501_170915.npz
all_left,myy0129,left,myy0129_0501_left,myy-0129__20260501-left-4__20260501_171137.npz
all_left,myy0129,left,myy0129_0501_left,myy-0129__20260501-left-4__20260501_171354.npz
all_left,myy0129,left,myy0129_0501_left,myy-0129__20260501-left-4__20260501_171612.npz
all_left,myy0129,left,myy0129_0501_left,myy-0129__20260501-left-4__20260501_171833.npz
all_left,myy0129,left,myy0129_0501_left,myy-0129__20260501-left-4__20260501_172052.npz
all_left,myy0129,left,myy0129_0501_left,myy-0129__20260501-left-4__20260501_172307.npz
all_left,myy0129,left,myy0129_0501_left,myy-0129__20260501-left-4__20260501_172534.npz
all_left,myy0129,left,myy0129_0501_left,myy-0129__20260501-left-4__20260501_172752.npz
all_left,myy0129,left,myy0129_0501_left,myy-0129__20260501-left-4__20260501_173008.npz
all_left,myy0129,left,myy0129_0501_left,myy-0129__20260501-left-4__20260501_173223.npz
all_left,myy0129,left,myy0129_0501_left,myy-0129__20260501-left-4__20260501_173440.npz
all_left,myy0129,left,myy0129_0501_left,myy-0129__20260501-left-4__20260501_173713.npz
all_left,myy0129,left,myy0129_0501_left,myy-0129__20260501-left-4__20260501_173934.npz
all_left,myy0129,left,myy0129_0501_left,myy-0129__20260501-left-5__20260501_174842.npz
all_left,myy0129,left,myy0129_0501_left,myy-0129__20260501-left-6__20260501_175320.npz
all_left,myy0129,left,myy0129_0501_left,myy-0129__20260501-left-6__20260501_175541.npz
all_left,myy0129,left,myy0129_0501_left,myy-0129__20260501-left-6__20260501_175804.npz
all_left,myy0129,left,myy0129_0501_left,myy-0129__20260501-left-6__20260501_180041.npz
all_left,myy0129,left,myy0129_0501_left,myy-0129__20260501-left-6__20260501_180345.npz
all_left,myy0129,left,myy0129_0501_left,myy-0129__20260501-left-6__20260501_180722.npz
all_left,myy0129,left,myy0129_0501_left,myy-0129__20260501-left-6__20260501_180941.npz
all_left,myy0129,left,myy0129_0501_left,myy-0129__20260501-left-6__20260501_181206.npz
all_left,myy0129,left,myy0129_0501_left,myy-0129__20260501-left-6__20260501_181421.npz
all_left,myy0129,left,myy0129_0501_left,myy-0129__20260501-left-6__20260501_181641.npz
all_left,myy0129,left,myy0129_0501_left,myy-0129__20260501-left-6__20260501_181901.npz
all_left,myy0129,left,myy0129_0501_left,myy-0129__20260501-left-6__20260501_182117.npz
all_left,myy0129,left,myy0129_0501_left,myy-0129__20260501-left-6__20260501_182332.npz
all_left,myy0129,left,myy0129_0501_left,myy-0129__20260501-left-6__20260501_182548.npz
all_left,myy0129,left,myy0129_0501_left,myy-0129__20260501-left-6__20260501_182804.npz
all_left,myy0129,left,myy0129_0501_left,myy-0129__20260501-left-6__20260501_183026.npz
all_left,myy0129,left,myy0129_0501_left,myy-0129__20260501-left-6__20260501_183242.npz
all_left,myy0129,left,myy0129_0501_left,myy-0129__20260501-left-6__20260501_183458.npz
all_left,myy0129,left,myy0129_0501_left,myy-0129__20260501-left-6__20260501_183713.npz
all_left,myy0129,left,myy0129_0501_left,myy-0129__20260501-left-6__20260501_183933.npz
all_left,myy0129,left,myy0129_0501_left,myy-0129__20260501-left-6__20260501_184149.npz
all_left,myy0129,left,myy0129_0501_left,myy-0129__20260501-left-6__20260501_184406.npz
all_left,myy0129,left,myy0129_0501_left,myy-0129__20260501-left-6__20260501_184622.npz
all_left,myy0129,left,myy0129_0501_left,myy-0129__20260501-left-6__20260501_184838.npz
all_left,myy0129,left,myy0129_0501_left,myy-0129__20260501-left-6__20260501_185057.npz
all_left,myy0129,left,myy0129_0501_left,myy-0129__20260501-left-6__20260501_185314.npz
all_left,myy0129,left,myy0129_0501_left,myy-0129__20260501-left__20260501_131913.npz
all_left,myy0129,left,myy0129_0501_left,myy-0129__20260501-left__20260501_132133.npz
all_left,myy0129,left,myy0129_0501_left,myy-0129__20260501-left__20260501_132420.npz
all_left,myy0129,left,myy0129_0501_left,myy-0129__20260501-left__20260501_132637.npz
all_left,myy0129,left,myy0129_0501_left,myy-0129__20260501-left__20260501_132859.npz
all_left,myy0129,left,myy0129_0501_left,myy-0129__20260501-left__20260501_133125.npz
all_left,myy0129,left,myy0129_0501_left,myy-0129__20260501-left__20260501_133352.npz
all_left,myy0129,left,myy0129_0501_left,myy-0129__20260501-left__20260501_133617.npz
all_left,myy0129,left,myy0129_0501_left,myy-0129__20260501-left__20260501_133850.npz
all_left,myy0129,left,myy0129_0501_left,myy-0129__20260501-left__20260501_134128.npz
all_left,myy0129,left,myy0129_0501_left,myy-0129__20260501-left__20260501_134348.npz
all_left,myy0129,left,myy0129_0501_left,myy-0129__20260501-left__20260501_134610.npz
all_left,myy0129,left,myy0129_0501_left,myy-0129__20260501-left__20260501_134835.npz
all_left,myy0129,left,myy0129_0501_left,myy-0129__20260501-left__20260501_135058.npz
all_left,myy0129,left,myy0129_0501_left,myy-0129__20260501-left__20260501_135414.npz
all_left,myy0129,left,myy0129_0501_left,myy-0129__20260501-left__20260501_135645.npz
all_left,myy0129,left,myy0129_0501_left,myy-0129__20260501-left__20260501_135912.npz
all_left,myy0129,left,myy0129_0501_left,myy-0129__20260501-left__20260501_140133.npz
all_left,myy0129,left,myy0129_0501_left,myy-0129__20260501-left__20260501_140401.npz
all_left,myy0129,left,myy0129_0501_left,myy-0129__20260501-left__20260501_140642.npz
all_left,myy0129,left,myy0129_0503_left,myy-0129__20260503-left-2__20260503_111725.npz
all_left,myy0129,left,myy0129_0503_left,myy-0129__20260503-left-2__20260503_111941.npz
all_left,myy0129,left,myy0129_0503_left,myy-0129__20260503-left-2__20260503_112157.npz
all_left,myy0129,left,myy0129_0503_left,myy-0129__20260503-left-2__20260503_112413.npz
all_left,myy0129,left,myy0129_0503_left,myy-0129__20260503-left-2__20260503_112629.npz
all_left,myy0129,left,myy0129_0503_left,myy-0129__20260503-left-2__20260503_112846.npz
all_left,myy0129,left,myy0129_0503_left,myy-0129__20260503-left-2__20260503_113120.npz
all_left,myy0129,left,myy0129_0503_left,myy-0129__20260503-left-2__20260503_113338.npz
all_left,myy0129,left,myy0129_0503_left,myy-0129__20260503-left-2__20260503_113558.npz
all_left,myy0129,left,myy0129_0503_left,myy-0129__20260503-left-2__20260503_113814.npz
all_left,myy0129,left,myy0129_0503_left,myy-0129__20260503-left-2__20260503_114033.npz
all_left,myy0129,left,myy0129_0503_left,myy-0129__20260503-left-2__20260503_114250.npz
all_left,myy0129,left,myy0129_0503_left,myy-0129__20260503-left-2__20260503_114613.npz
all_left,myy0129,left,myy0129_0503_left,myy-0129__20260503-left-2__20260503_114827.npz
all_left,myy0129,left,myy0129_0503_left,myy-0129__20260503-left-2__20260503_115116.npz
all_left,myy0129,left,myy0129_0503_left,myy-0129__20260503-left-2__20260503_115341.npz
all_left,myy0129,left,myy0129_0503_left,myy-0129__20260503-left-2__20260503_115558.npz
all_left,myy0129,left,myy0129_0503_left,myy-0129__20260503-left-2__20260503_115816.npz
all_left,myy0129,left,myy0129_0503_left,myy-0129__20260503-left-3__20260503_130834.npz
all_left,myy0129,left,myy0129_0503_left,myy-0129__20260503-left-3__20260503_131048.npz
all_left,myy0129,left,myy0129_0503_left,myy-0129__20260503-left-3__20260503_131304.npz
all_left,myy0129,left,myy0129_0503_left,myy-0129__20260503-left-3__20260503_131519.npz
all_left,myy0129,left,myy0129_0503_left,myy-0129__20260503-left-3__20260503_131735.npz
all_left,myy0129,left,myy0129_0503_left,myy-0129__20260503-left-3__20260503_131958.npz
all_left,myy0129,left,myy0129_0503_left,myy-0129__20260503-left-3__20260503_132220.npz
all_left,myy0129,left,myy0129_0503_left,myy-0129__20260503-left-3__20260503_132437.npz
all_left,myy0129,left,myy0129_0503_left,myy-0129__20260503-left-3__20260503_132657.npz
all_left,myy0129,left,myy0129_0503_left,myy-0129__20260503-left-3__20260503_132915.npz
all_left,myy0129,left,myy0129_0503_left,myy-0129__20260503-left-3__20260503_133145.npz
all_left,myy0129,left,myy0129_0503_left,myy-0129__20260503-left-3__20260503_133426.npz
all_left,myy0129,left,myy0129_0503_left,myy-0129__20260503-left-3__20260503_133646.npz
all_left,myy0129,left,myy0129_0503_left,myy-0129__20260503-left-3__20260503_133912.npz
all_left,myy0129,left,myy0129_0503_left,myy-0129__20260503-left-3__20260503_134128.npz
all_left,myy0129,left,myy0129_0503_left,myy-0129__20260503-left-3__20260503_134345.npz
all_left,myy0129,left,myy0129_0503_left,myy-0129__20260503-left-3__20260503_134602.npz
all_left,myy0129,left,myy0129_0503_left,myy-0129__20260503-left-3__20260503_134821.npz
all_left,myy0129,left,myy0129_0503_left,myy-0129__20260503-left-3__20260503_135043.npz
all_left,myy0129,left,myy0129_0503_left,myy-0129__20260503-left-3__20260503_135300.npz
all_left,myy0129,left,myy0129_0503_left,myy-0129__20260503-left-4__20260503_143629.npz
all_left,myy0129,left,myy0129_0503_left,myy-0129__20260503-left-4__20260503_143847.npz
all_left,myy0129,left,myy0129_0503_left,myy-0129__20260503-left-4__20260503_144108.npz
all_left,myy0129,left,myy0129_0503_left,myy-0129__20260503-left-4__20260503_144401.npz
all_left,myy0129,left,myy0129_0503_left,myy-0129__20260503-left-4__20260503_144636.npz
all_left,myy0129,left,myy0129_0503_left,myy-0129__20260503-left-4__20260503_144855.npz
all_left,myy0129,left,myy0129_0503_left,myy-0129__20260503-left-4__20260503_145110.npz
all_left,myy0129,left,myy0129_0503_left,myy-0129__20260503-left-4__20260503_145327.npz
all_left,myy0129,left,myy0129_0503_left,myy-0129__20260503-left-4__20260503_145541.npz
all_left,myy0129,left,myy0129_0503_left,myy-0129__20260503-left-4__20260503_145808.npz
all_left,myy0129,left,myy0129_0503_left,myy-0129__20260503-left-4__20260503_150023.npz
all_left,myy0129,left,myy0129_0503_left,myy-0129__20260503-left-4__20260503_150246.npz
all_left,myy0129,left,myy0129_0503_left,myy-0129__20260503-left-4__20260503_150513.npz
all_left,myy0129,left,myy0129_0503_left,myy-0129__20260503-left-4__20260503_150732.npz
all_left,myy0129,left,myy0129_0503_left,myy-0129__20260503-left-4__20260503_150951.npz
all_left,myy0129,left,myy0129_0503_left,myy-0129__20260503-left-4__20260503_151208.npz
all_left,myy0129,left,myy0129_0503_left,myy-0129__20260503-left-4__20260503_151428.npz
all_left,myy0129,left,myy0129_0503_left,myy-0129__20260503-left-4__20260503_151647.npz
all_left,myy0129,left,myy0129_0503_left,myy-0129__20260503-left-4__20260503_151906.npz
all_left,myy0129,left,myy0129_0503_left,myy-0129__20260503-left-4__20260503_152120.npz
all_left,myy0129,left,myy0129_0503_left,myy-0129__20260503-left-5__20260503_154218.npz
all_left,myy0129,left,myy0129_0503_left,myy-0129__20260503-left-5__20260503_154432.npz
all_left,myy0129,left,myy0129_0503_left,myy-0129__20260503-left-5__20260503_154652.npz
all_left,myy0129,left,myy0129_0503_left,myy-0129__20260503-left-5__20260503_154907.npz
all_left,myy0129,left,myy0129_0503_left,myy-0129__20260503-left-5__20260503_155123.npz
all_left,myy0129,left,myy0129_0503_left,myy-0129__20260503-left-5__20260503_155341.npz
all_left,myy0129,left,myy0129_0503_left,myy-0129__20260503-left-5__20260503_155559.npz
all_left,myy0129,left,myy0129_0503_left,myy-0129__20260503-left-5__20260503_155816.npz
all_left,myy0129,left,myy0129_0503_left,myy-0129__20260503-left-5__20260503_160033.npz
all_left,myy0129,left,myy0129_0503_left,myy-0129__20260503-left-5__20260503_160248.npz
all_left,myy0129,left,myy0129_0503_left,myy-0129__20260503-left-5__20260503_160504.npz
all_left,myy0129,left,myy0129_0503_left,myy-0129__20260503-left-5__20260503_160728.npz
all_left,myy0129,left,myy0129_0503_left,myy-0129__20260503-left-5__20260503_160945.npz
all_left,myy0129,left,myy0129_0503_left,myy-0129__20260503-left-5__20260503_161201.npz
all_left,myy0129,left,myy0129_0503_left,myy-0129__20260503-left-6__20260503_163037.npz
all_left,myy0129,left,myy0129_0503_left,myy-0129__20260503-left-6__20260503_163256.npz
all_left,myy0129,left,myy0129_0503_left,myy-0129__20260503-left-6__20260503_163512.npz
all_left,myy0129,left,myy0129_0503_left,myy-0129__20260503-left-6__20260503_163729.npz
all_left,myy0129,left,myy0129_0503_left,myy-0129__20260503-left-6__20260503_163944.npz
all_left,myy0129,left,myy0129_0503_left,myy-0129__20260503-left-6__20260503_164159.npz
all_left,myy0129,left,myy0129_0503_left,myy-0129__20260503-left-6__20260503_164420.npz
all_left,myy0129,left,myy0129_0503_left,myy-0129__20260503-left-6__20260503_164637.npz
all_left,myy0129,left,myy0129_0503_left,myy-0129__20260503-left-6__20260503_164916.npz
all_left,myy0129,left,myy0129_0503_left,myy-0129__20260503-left-6__20260503_165136.npz
all_left,myy0129,left,myy0129_0503_left,myy-0129__20260503-left-6__20260503_165353.npz
all_left,myy0129,left,myy0129_0503_left,myy-0129__20260503-left-6__20260503_165608.npz
all_left,myy0129,left,myy0129_0503_left,myy-0129__20260503-left-6__20260503_165828.npz
all_left,myy0129,left,myy0129_0503_left,myy-0129__20260503-left-6__20260503_170043.npz
all_left,myy0129,left,myy0129_0503_left,myy-0129__20260503-left-6__20260503_170258.npz
all_left,myy0129,left,myy0129_0503_left,myy-0129__20260503-left-6__20260503_170516.npz
all_left,myy0129,left,myy0129_0503_left,myy-0129__20260503-left-7__20260503_171327.npz
all_left,myy0129,left,myy0129_0503_left,myy-0129__20260503-left-7__20260503_171549.npz
all_left,myy0129,left,myy0129_0503_left,myy-0129__20260503-left-7__20260503_171819.npz
all_left,myy0129,left,myy0129_0503_left,myy-0129__20260503-left-7__20260503_172036.npz
all_left,myy0129,left,myy0129_0503_left,myy-0129__20260503-left-7__20260503_172253.npz
all_left,myy0129,left,myy0129_0503_left,myy-0129__20260503-left-7__20260503_172508.npz
all_left,myy0129,left,myy0129_0503_left,myy-0129__20260503-left-7__20260503_172732.npz
all_left,myy0129,left,myy0129_0503_left,myy-0129__20260503-left-7__20260503_172948.npz
all_left,myy0129,left,myy0129_0503_left,myy-0129__20260503-left-7__20260503_173202.npz
all_left,myy0129,left,myy0129_0503_left,myy-0129__20260503-left-7__20260503_173419.npz
all_left,myy0129,left,myy0129_0503_left,myy-0129__20260503-left-7__20260503_173647.npz
all_left,myy0129,left,myy0129_0503_left,myy-0129__20260503-left-7__20260503_173908.npz
all_left,myy0129,left,myy0129_0503_left,myy-0129__20260503-left-7__20260503_174123.npz
all_left,myy0129,left,myy0129_0503_left,myy-0129__20260503-left-8__20260503_182149.npz
all_left,myy0129,left,myy0129_0503_left,myy-0129__20260503-left-8__20260503_182410.npz
all_left,myy0129,left,myy0129_0503_left,myy-0129__20260503-left-8__20260503_182626.npz
all_left,myy0129,left,myy0129_0503_left,myy-0129__20260503-left-8__20260503_182842.npz
all_left,myy0129,left,myy0129_0503_left,myy-0129__20260503-left-8__20260503_183059.npz
all_left,myy0129,left,myy0129_0503_left,myy-0129__20260503-left-8__20260503_183317.npz
all_left,myy0129,left,myy0129_0503_left,myy-0129__20260503-left-8__20260503_183532.npz
all_left,myy0129,left,myy0129_0503_left,myy-0129__20260503-left__20260503_103251.npz
all_left,myy0129,left,myy0129_0503_left,myy-0129__20260503-left__20260503_103515.npz
all_left,myy0129,left,myy0129_0503_left,myy-0129__20260503-left__20260503_103732.npz
all_left,myy0129,left,myy0129_0503_left,myy-0129__20260503-left__20260503_103956.npz
all_left,myy0129,left,myy0129_0503_left,myy-0129__20260503-left__20260503_104214.npz
all_left,myy0129,left,myy0129_0503_left,myy-0129__20260503-left__20260503_104436.npz
all_left,myy0129,left,myy0129_0503_left,myy-0129__20260503-left__20260503_104650.npz
all_left,myy0129,left,myy0129_0503_left,myy-0129__20260503-left__20260503_104908.npz
all_left,myy0129,left,myy0129_0503_left,myy-0129__20260503-left__20260503_105254.npz
all_left,myy0129,left,myy0129_0503_left,myy-0129__20260503-left__20260503_105522.npz
all_left,myy0129,left,myy0129_0503_left,myy-0129__20260503-left__20260503_105742.npz
all_left,myy0129,left,myy0129_0503_left,myy-0129__20260503-left__20260503_105956.npz
all_left,myy0129,left,myy0129_0504_left,myy-0129__20260504-left-2_v33__20260504_115000.npz
all_left,myy0129,left,myy0129_0504_left,myy-0129__20260504-left-2_v33__20260504_115224.npz
all_left,myy0129,left,myy0129_0504_left,myy-0129__20260504-left-2_v33__20260504_115448.npz
all_left,myy0129,left,myy0129_0504_left,myy-0129__20260504-left-2_v33__20260504_115704.npz
all_left,myy0129,left,myy0129_0504_left,myy-0129__20260504-left-2_v33__20260504_120122.npz
all_left,myy0129,left,myy0129_0504_left,myy-0129__20260504-left-2_v33__20260504_120425.npz
all_left,myy0129,left,myy0129_0504_left,myy-0129__20260504-left-2_v33__20260504_120650.npz
all_left,myy0129,left,myy0129_0504_left,myy-0129__20260504-left-2_v33__20260504_120921.npz
all_left,myy0129,left,myy0129_0504_left,myy-0129__20260504-left-2_v33__20260504_121145.npz
all_left,myy0129,left,myy0129_0504_left,myy-0129__20260504-left-2_v33__20260504_121429.npz
all_left,myy0129,left,myy0129_0504_left,myy-0129__20260504-left-2_v33__20260504_121701.npz
all_left,myy0129,left,myy0129_0504_left,myy-0129__20260504-left-2_v33__20260504_121924.npz
all_left,myy0129,left,myy0129_0504_left,myy-0129__20260504-left-2_v33__20260504_122217.npz
all_left,myy0129,left,myy0129_0504_left,myy-0129__20260504-left-2_v71__20260504_154430.npz
all_left,myy0129,left,myy0129_0504_left,myy-0129__20260504-left-2_v71__20260504_154648.npz
all_left,myy0129,left,myy0129_0504_left,myy-0129__20260504-left-2_v71__20260504_154908.npz
all_left,myy0129,left,myy0129_0504_left,myy-0129__20260504-left-2_v71__20260504_155124.npz
all_left,myy0129,left,myy0129_0504_left,myy-0129__20260504-left-2_v71__20260504_155340.npz
all_left,myy0129,left,myy0129_0504_left,myy-0129__20260504-left-2_v71__20260504_155602.npz
all_left,myy0129,left,myy0129_0504_left,myy-0129__20260504-left-2_v71__20260504_155826.npz
all_left,myy0129,left,myy0129_0504_left,myy-0129__20260504-left-2_v71__20260504_160102.npz
all_left,myy0129,left,myy0129_0504_left,myy-0129__20260504-left-3_v33__20260504_130807.npz
all_left,myy0129,left,myy0129_0504_left,myy-0129__20260504-left-3_v33__20260504_131023.npz
all_left,myy0129,left,myy0129_0504_left,myy-0129__20260504-left-3_v33__20260504_131241.npz
all_left,myy0129,left,myy0129_0504_left,myy-0129__20260504-left-3_v33__20260504_131459.npz
all_left,myy0129,left,myy0129_0504_left,myy-0129__20260504-left-3_v33__20260504_131719.npz
all_left,myy0129,left,myy0129_0504_left,myy-0129__20260504-left-3_v33__20260504_131939.npz
all_left,myy0129,left,myy0129_0504_left,myy-0129__20260504-left-3_v33__20260504_132203.npz
all_left,myy0129,left,myy0129_0504_left,myy-0129__20260504-left-3_v33__20260504_132422.npz
all_left,myy0129,left,myy0129_0504_left,myy-0129__20260504-left-3_v33__20260504_132642.npz
all_left,myy0129,left,myy0129_0504_left,myy-0129__20260504-left-3_v33__20260504_132900.npz
all_left,myy0129,left,myy0129_0504_left,myy-0129__20260504-left-3_v33__20260504_133134.npz
all_left,myy0129,left,myy0129_0504_left,myy-0129__20260504-left-3_v33__20260504_133353.npz
all_left,myy0129,left,myy0129_0504_left,myy-0129__20260504-left-3_v33__20260504_133610.npz
all_left,myy0129,left,myy0129_0504_left,myy-0129__20260504-left-3_v33__20260504_133843.npz
all_left,myy0129,left,myy0129_0504_left,myy-0129__20260504-left-3_v33__20260504_134100.npz
all_left,myy0129,left,myy0129_0504_left,myy-0129__20260504-left-3_v33__20260504_134318.npz
all_left,myy0129,left,myy0129_0504_left,myy-0129__20260504-left-3_v33__20260504_134536.npz
all_left,myy0129,left,myy0129_0504_left,myy-0129__20260504-left-3_v33__20260504_134802.npz
all_left,myy0129,left,myy0129_0504_left,myy-0129__20260504-left-3_v33__20260504_135021.npz
all_left,myy0129,left,myy0129_0504_left,myy-0129__20260504-left-3_v33__20260504_135240.npz
all_left,myy0129,left,myy0129_0504_left,myy-0129__20260504-left-3_v71__20260504_160539.npz
all_left,myy0129,left,myy0129_0504_left,myy-0129__20260504-left-3_v71__20260504_160807.npz
all_left,myy0129,left,myy0129_0504_left,myy-0129__20260504-left-3_v71__20260504_161026.npz
all_left,myy0129,left,myy0129_0504_left,myy-0129__20260504-left-3_v71__20260504_161242.npz
all_left,myy0129,left,myy0129_0504_left,myy-0129__20260504-left-3_v71__20260504_161511.npz
all_left,myy0129,left,myy0129_0504_left,myy-0129__20260504-left-3_v71__20260504_161734.npz
all_left,myy0129,left,myy0129_0504_left,myy-0129__20260504-left-3_v71__20260504_161958.npz
all_left,myy0129,left,myy0129_0504_left,myy-0129__20260504-left-4_v33__20260504_140924.npz
all_left,myy0129,left,myy0129_0504_left,myy-0129__20260504-left-4_v33__20260504_141212.npz
all_left,myy0129,left,myy0129_0504_left,myy-0129__20260504-left-4_v33__20260504_141445.npz
all_left,myy0129,left,myy0129_0504_left,myy-0129__20260504-left-4_v33__20260504_141707.npz
all_left,myy0129,left,myy0129_0504_left,myy-0129__20260504-left-4_v33__20260504_141930.npz
all_left,myy0129,left,myy0129_0504_left,myy-0129__20260504-left-4_v33__20260504_142157.npz
all_left,myy0129,left,myy0129_0504_left,myy-0129__20260504-left-4_v33__20260504_142415.npz
all_left,myy0129,left,myy0129_0504_left,myy-0129__20260504-left-4_v33__20260504_142651.npz
all_left,myy0129,left,myy0129_0504_left,myy-0129__20260504-left-4_v33__20260504_142909.npz
all_left,myy0129,left,myy0129_0504_left,myy-0129__20260504-left-4_v33__20260504_143125.npz
all_left,myy0129,left,myy0129_0504_left,myy-0129__20260504-left-4_v33__20260504_143343.npz
all_left,myy0129,left,myy0129_0504_left,myy-0129__20260504-left-4_v33__20260504_143559.npz
all_left,myy0129,left,myy0129_0504_left,myy-0129__20260504-left-4_v71__20260504_163533.npz
all_left,myy0129,left,myy0129_0504_left,myy-0129__20260504-left-4_v71__20260504_163813.npz
all_left,myy0129,left,myy0129_0504_left,myy-0129__20260504-left-4_v71__20260504_164102.npz
all_left,myy0129,left,myy0129_0504_left,myy-0129__20260504-left-4_v71__20260504_164323.npz
all_left,myy0129,left,myy0129_0504_left,myy-0129__20260504-left-4_v71__20260504_164543.npz
all_left,myy0129,left,myy0129_0504_left,myy-0129__20260504-left-4_v71__20260504_164808.npz
all_left,myy0129,left,myy0129_0504_left,myy-0129__20260504-left-4_v71__20260504_165029.npz
all_left,myy0129,left,myy0129_0504_left,myy-0129__20260504-left-4_v71__20260504_165301.npz
all_left,myy0129,left,myy0129_0504_left,myy-0129__20260504-left-4_v71__20260504_165600.npz
all_left,myy0129,left,myy0129_0504_left,myy-0129__20260504-left-5_v71__20260504_170053.npz
all_left,myy0129,left,myy0129_0504_left,myy-0129__20260504-left-5_v71__20260504_170320.npz
all_left,myy0129,left,myy0129_0504_left,myy-0129__20260504-left-5_v71__20260504_170536.npz
all_left,myy0129,left,myy0129_0504_left,myy-0129__20260504-left-5_v71__20260504_170754.npz
all_left,myy0129,left,myy0129_0504_left,myy-0129__20260504-left-5_v71__20260504_171012.npz
all_left,myy0129,left,myy0129_0504_left,myy-0129__20260504-left-5_v71__20260504_171232.npz
all_left,myy0129,left,myy0129_0504_left,myy-0129__20260504-left-5_v71__20260504_171450.npz
all_left,myy0129,left,myy0129_0504_left,myy-0129__20260504-left-5_v71__20260504_171709.npz
all_left,myy0129,left,myy0129_0504_left,myy-0129__20260504-left-6_v71__20260504_172328.npz
all_left,myy0129,left,myy0129_0504_left,myy-0129__20260504-left-6_v71__20260504_172550.npz
all_left,myy0129,left,myy0129_0504_left,myy-0129__20260504-left-6_v71__20260504_172807.npz
all_left,myy0129,left,myy0129_0504_left,myy-0129__20260504-left-6_v71__20260504_173024.npz
all_left,myy0129,left,myy0129_0504_left,myy-0129__20260504-left-6_v71__20260504_173241.npz
all_left,myy0129,left,myy0129_0504_left,myy-0129__20260504-left-6_v71__20260504_173501.npz
all_left,myy0129,left,myy0129_0504_left,myy-0129__20260504-left-6_v71__20260504_173720.npz
all_left,myy0129,left,myy0129_0504_left,myy-0129__20260504-left-6_v71__20260504_173944.npz
all_left,myy0129,left,myy0129_0504_left,myy-0129__20260504-left-6_v71__20260504_174232.npz
all_left,myy0129,left,myy0129_0504_left,myy-0129__20260504-left-6_v71__20260504_174455.npz
all_left,myy0129,left,myy0129_0504_left,myy-0129__20260504-left-7_v71__20260504_175246.npz
all_left,myy0129,left,myy0129_0504_left,myy-0129__20260504-left-7_v71__20260504_175503.npz
all_left,myy0129,left,myy0129_0504_left,myy-0129__20260504-left-7_v71__20260504_175743.npz
all_left,myy0129,left,myy0129_0504_left,myy-0129__20260504-left-7_v71__20260504_180012.npz
all_left,myy0129,left,myy0129_0504_left,myy-0129__20260504-left-8_v71__20260504_180933.npz
all_left,myy0129,left,myy0129_0504_left,myy-0129__20260504-left-8_v71__20260504_181152.npz
all_left,myy0129,left,myy0129_0504_left,myy-0129__20260504-left-8_v71__20260504_181416.npz
all_left,myy0129,left,myy0129_0504_left,myy-0129__20260504-left-8_v71__20260504_181655.npz
all_left,myy0129,left,myy0129_0504_left,myy-0129__20260504-left-8_v71__20260504_181912.npz
all_left,myy0129,left,myy0129_0504_left,myy-0129__20260504-left-8_v71__20260504_182129.npz
all_left,myy0129,left,myy0129_0505_left,myy-0129__20260505-left-2__20260505_111819.npz
all_left,myy0129,left,myy0129_0505_left,myy-0129__20260505-left-2__20260505_112036.npz
all_left,myy0129,left,myy0129_0505_left,myy-0129__20260505-left-2__20260505_112319.npz
all_left,myy0129,left,myy0129_0505_left,myy-0129__20260505-left-2__20260505_112535.npz
all_left,myy0129,left,myy0129_0505_left,myy-0129__20260505-left-2__20260505_113148.npz
all_left,myy0129,left,myy0129_0505_left,myy-0129__20260505-left-2__20260505_113403.npz
all_left,myy0129,left,myy0129_0505_left,myy-0129__20260505-left-2__20260505_113622.npz
all_left,myy0129,left,myy0129_0505_left,myy-0129__20260505-left-2__20260505_113847.npz
all_left,myy0129,left,myy0129_0505_left,myy-0129__20260505-left-2__20260505_114101.npz
all_left,myy0129,left,myy0129_0505_left,myy-0129__20260505-left-2__20260505_114326.npz
all_left,myy0129,left,myy0129_0505_left,myy-0129__20260505-left-2__20260505_114539.npz
all_left,myy0129,left,myy0129_0505_left,myy-0129__20260505-left-2__20260505_114806.npz
all_left,myy0129,left,myy0129_0505_left,myy-0129__20260505-left-2__20260505_115038.npz
all_left,myy0129,left,myy0129_0505_left,myy-0129__20260505-left-2__20260505_115251.npz
all_left,myy0129,left,myy0129_0505_left,myy-0129__20260505-left-2__20260505_115508.npz
all_left,myy0129,left,myy0129_0505_left,myy-0129__20260505-left-2__20260505_115722.npz
all_left,myy0129,left,myy0129_0505_left,myy-0129__20260505-left-2__20260505_115936.npz
all_left,myy0129,left,myy0129_0505_left,myy-0129__20260505-left-2__20260505_120148.npz
all_left,myy0129,left,myy0129_0505_left,myy-0129__20260505-left-2__20260505_120402.npz
all_left,myy0129,left,myy0129_0505_left,myy-0129__20260505-left-2__20260505_120616.npz
all_left,myy0129,left,myy0129_0505_left,myy-0129__20260505-left-3__20260505_132432.npz
all_left,myy0129,left,myy0129_0505_left,myy-0129__20260505-left-3__20260505_132648.npz
all_left,myy0129,left,myy0129_0505_left,myy-0129__20260505-left-3__20260505_132907.npz
all_left,myy0129,left,myy0129_0505_left,myy-0129__20260505-left-3__20260505_133121.npz
all_left,myy0129,left,myy0129_0505_left,myy-0129__20260505-left-3__20260505_133340.npz
all_left,myy0129,left,myy0129_0505_left,myy-0129__20260505-left-3__20260505_133556.npz
all_left,myy0129,left,myy0129_0505_left,myy-0129__20260505-left-3__20260505_133815.npz
all_left,myy0129,left,myy0129_0505_left,myy-0129__20260505-left-3__20260505_134030.npz
all_left,myy0129,left,myy0129_0505_left,myy-0129__20260505-left-3__20260505_134244.npz
all_left,myy0129,left,myy0129_0505_left,myy-0129__20260505-left-3__20260505_134459.npz
all_left,myy0129,left,myy0129_0505_left,myy-0129__20260505-left-3__20260505_134714.npz
all_left,myy0129,left,myy0129_0505_left,myy-0129__20260505-left-3__20260505_134930.npz
all_left,myy0129,left,myy0129_0505_left,myy-0129__20260505-left-3__20260505_135149.npz
all_left,myy0129,left,myy0129_0505_left,myy-0129__20260505-left-3__20260505_135407.npz
all_left,myy0129,left,myy0129_0505_left,myy-0129__20260505-left-3__20260505_135644.npz
all_left,myy0129,left,myy0129_0505_left,myy-0129__20260505-left-3__20260505_135902.npz
all_left,myy0129,left,myy0129_0505_left,myy-0129__20260505-left-3__20260505_140116.npz
all_left,myy0129,left,myy0129_0505_left,myy-0129__20260505-left-3__20260505_140331.npz
all_left,myy0129,left,myy0129_0505_left,myy-0129__20260505-left-3__20260505_140547.npz
all_left,myy0129,left,myy0129_0505_left,myy-0129__20260505-left-3__20260505_140802.npz
all_left,myy0129,left,myy0129_0505_left,myy-0129__20260505-left-4__20260505_141046.npz
all_left,myy0129,left,myy0129_0505_left,myy-0129__20260505-left-4__20260505_141304.npz
all_left,myy0129,left,myy0129_0505_left,myy-0129__20260505-left-4__20260505_141520.npz
all_left,myy0129,left,myy0129_0505_left,myy-0129__20260505-left-4__20260505_141735.npz
all_left,myy0129,left,myy0129_0505_left,myy-0129__20260505-left-4__20260505_141949.npz
all_left,myy0129,left,myy0129_0505_left,myy-0129__20260505-left-4__20260505_142206.npz
all_left,myy0129,left,myy0129_0505_left,myy-0129__20260505-left-4__20260505_142423.npz
all_left,myy0129,left,myy0129_0505_left,myy-0129__20260505-left-5__20260505_150703.npz
all_left,myy0129,left,myy0129_0505_left,myy-0129__20260505-left-5__20260505_150918.npz
all_left,myy0129,left,myy0129_0505_left,myy-0129__20260505-left-5__20260505_151133.npz
all_left,myy0129,left,myy0129_0505_left,myy-0129__20260505-left-5__20260505_151350.npz
all_left,myy0129,left,myy0129_0505_left,myy-0129__20260505-left-5__20260505_151604.npz
all_left,myy0129,left,myy0129_0505_left,myy-0129__20260505-left-5__20260505_151820.npz
all_left,myy0129,left,myy0129_0505_left,myy-0129__20260505-left-5__20260505_152034.npz
all_left,myy0129,left,myy0129_0505_left,myy-0129__20260505-left-5__20260505_152248.npz
all_left,myy0129,left,myy0129_0505_left,myy-0129__20260505-left-5__20260505_152519.npz
all_left,myy0129,left,myy0129_0505_left,myy-0129__20260505-left-5__20260505_152736.npz
all_left,myy0129,left,myy0129_0505_left,myy-0129__20260505-left-5__20260505_152952.npz
all_left,myy0129,left,myy0129_0505_left,myy-0129__20260505-left-5__20260505_153207.npz
all_left,myy0129,left,myy0129_0505_left,myy-0129__20260505-left-5__20260505_153421.npz
all_left,myy0129,left,myy0129_0505_left,myy-0129__20260505-left-6__20260505_153818.npz
all_left,myy0129,left,myy0129_0505_left,myy-0129__20260505-left-6__20260505_154035.npz
all_left,myy0129,left,myy0129_0505_left,myy-0129__20260505-left-6__20260505_154252.npz
all_left,myy0129,left,myy0129_0505_left,myy-0129__20260505-left-6__20260505_154508.npz
all_left,myy0129,left,myy0129_0505_left,myy-0129__20260505-left-6__20260505_154727.npz
all_left,myy0129,left,myy0129_0505_left,myy-0129__20260505-left-6__20260505_154941.npz
all_left,myy0129,left,myy0129_0505_left,myy-0129__20260505-left-6__20260505_155155.npz
all_left,myy0129,left,myy0129_0505_left,myy-0129__20260505-left-6__20260505_155418.npz
all_left,myy0129,left,myy0129_0505_left,myy-0129__20260505-left-6__20260505_155635.npz
all_left,myy0129,left,myy0129_0505_left,myy-0129__20260505-left-6__20260505_155851.npz
all_left,myy0129,left,myy0129_0505_left,myy-0129__20260505-left-6__20260505_160107.npz
all_left,myy0129,left,myy0129_0505_left,myy-0129__20260505-left-6__20260505_160324.npz
all_left,myy0129,left,myy0129_0505_left,myy-0129__20260505-left-6__20260505_160610.npz
all_left,myy0129,left,myy0129_0505_left,myy-0129__20260505-left-6__20260505_160828.npz
all_left,myy0129,left,myy0129_0505_left,myy-0129__20260505-left-6__20260505_161042.npz
all_left,myy0129,left,myy0129_0505_left,myy-0129__20260505-left-6__20260505_161300.npz
all_left,myy0129,left,myy0129_0505_left,myy-0129__20260505-left-6__20260505_161517.npz
all_left,myy0129,left,myy0129_0505_left,myy-0129__20260505-left-6__20260505_161732.npz
all_left,myy0129,left,myy0129_0505_left,myy-0129__20260505-left-6__20260505_161952.npz
all_left,myy0129,left,myy0129_0505_left,myy-0129__20260505-left-6__20260505_162209.npz
all_left,myy0129,left,myy0129_0505_left,myy-0129__20260505-left-7__20260505_172333.npz
all_left,myy0129,left,myy0129_0505_left,myy-0129__20260505-left-7__20260505_172548.npz
all_left,myy0129,left,myy0129_0505_left,myy-0129__20260505-left-7__20260505_172804.npz
all_left,myy0129,left,myy0129_0505_left,myy-0129__20260505-left-7__20260505_173029.npz
all_left,myy0129,left,myy0129_0505_left,myy-0129__20260505-left-7__20260505_173245.npz
all_left,myy0129,left,myy0129_0505_left,myy-0129__20260505-left-7__20260505_173500.npz
all_left,myy0129,left,myy0129_0505_left,myy-0129__20260505-left-7__20260505_173718.npz
all_left,myy0129,left,myy0129_0505_left,myy-0129__20260505-left-7__20260505_173949.npz
all_left,myy0129,left,myy0129_0505_left,myy-0129__20260505-left-7__20260505_174515.npz
all_left,myy0129,left,myy0129_0505_left,myy-0129__20260505-left-7__20260505_174737.npz
all_left,myy0129,left,myy0129_0505_left,myy-0129__20260505-left-7__20260505_175007.npz
all_left,myy0129,left,myy0129_0505_left,myy-0129__20260505-left-7__20260505_175223.npz
all_left,myy0129,left,myy0129_0505_left,myy-0129__20260505-left-7__20260505_175455.npz
all_left,myy0129,left,myy0129_0505_left,myy-0129__20260505-left-7__20260505_175742.npz
all_left,myy0129,left,myy0129_0505_left,myy-0129__20260505-left-7__20260505_175958.npz
all_left,myy0129,left,myy0129_0505_left,myy-0129__20260505-left-7__20260505_180213.npz
all_left,myy0129,left,myy0129_0505_left,myy-0129__20260505-left-7__20260505_180428.npz
all_left,myy0129,left,myy0129_0505_left,myy-0129__20260505-left-7__20260505_180642.npz
all_left,myy0129,left,myy0129_0505_left,myy-0129__20260505-left-7__20260505_180857.npz
all_left,myy0129,left,myy0129_0505_left,myy-0129__20260505-left-7__20260505_181113.npz
all_left,myy0129,left,myy0129_0505_left,myy-0129__20260505-left__20260505_101852.npz
all_left,myy0129,left,myy0129_0505_left,myy-0129__20260505-left__20260505_102107.npz
all_left,myy0129,left,myy0129_0505_left,myy-0129__20260505-left__20260505_102322.npz
all_left,myy0129,left,myy0129_0505_left,myy-0129__20260505-left__20260505_102538.npz
all_left,myy0129,left,myy0129_0505_left,myy-0129__20260505-left__20260505_102754.npz
all_left,myy0129,left,myy0129_0505_left,myy-0129__20260505-left__20260505_103012.npz
all_left,myy0129,left,myy0129_0505_left,myy-0129__20260505-left__20260505_103230.npz
all_left,myy0129,left,myy0129_0505_left,myy-0129__20260505-left__20260505_103445.npz
all_left,myy0129,left,myy0129_0505_left,myy-0129__20260505-left__20260505_103659.npz
all_left,myy0129,left,myy0129_0505_left,myy-0129__20260505-left__20260505_103913.npz
all_left,myy0129,left,myy0129_0505_left,myy-0129__20260505-left__20260505_104128.npz
all_left,myy0129,left,myy0129_0505_left,myy-0129__20260505-left__20260505_104342.npz
all_left,myy0129,left,myy0129_0505_left,myy-0129__20260505-left__20260505_104556.npz
all_left,myy0129,left,myy0129_0505_left,myy-0129__20260505-left__20260505_104811.npz
all_left,myy0129,left,myy0129_0505_left,myy-0129__20260505-left__20260505_105026.npz
all_left,myy0129,left,myy0129_0505_left,myy-0129__20260505-left__20260505_105240.npz
all_left,myy0129,left,myy0129_0505_left,myy-0129__20260505-left__20260505_105455.npz
all_left,myy0129,left,myy0129_0505_left,myy-0129__20260505-left__20260505_105710.npz
all_left,myy0129,left,myy0129_0505_left,myy-0129__20260505-left__20260505_105925.npz
all_left,myy0129,left,myy0129_0505_left,myy-0129__20260505-left__20260505_110140.npz
all_left,pkj0309,left,pkj0309_0502_left,pkj-0309__20260502-left-100__20260502_170808.npz
all_left,pkj0309,left,pkj0309_0502_left,pkj-0309__20260502-left-101__20260502_171030.npz
all_left,pkj0309,left,pkj0309_0502_left,pkj-0309__20260502-left-102__20260502_171248.npz
all_left,pkj0309,left,pkj0309_0502_left,pkj-0309__20260502-left-103__20260502_171506.npz
all_left,pkj0309,left,pkj0309_0502_left,pkj-0309__20260502-left-104__20260502_171731.npz
all_left,pkj0309,left,pkj0309_0502_left,pkj-0309__20260502-left-105__20260502_171950.npz
all_left,pkj0309,left,pkj0309_0502_left,pkj-0309__20260502-left-106__20260502_172207.npz
all_left,pkj0309,left,pkj0309_0502_left,pkj-0309__20260502-left-107__20260502_172426.npz
all_left,pkj0309,left,pkj0309_0502_left,pkj-0309__20260502-left-108__20260502_172642.npz
all_left,pkj0309,left,pkj0309_0502_left,pkj-0309__20260502-left-109__20260502_172859.npz
all_left,pkj0309,left,pkj0309_0502_left,pkj-0309__20260502-left-10__20260502_112039.npz
all_left,pkj0309,left,pkj0309_0502_left,pkj-0309__20260502-left-110__20260502_173116.npz
all_left,pkj0309,left,pkj0309_0502_left,pkj-0309__20260502-left-111__20260502_173337.npz
all_left,pkj0309,left,pkj0309_0502_left,pkj-0309__20260502-left-112__20260502_173558.npz
all_left,pkj0309,left,pkj0309_0502_left,pkj-0309__20260502-left-113__20260502_173821.npz
all_left,pkj0309,left,pkj0309_0502_left,pkj-0309__20260502-left-114__20260502_174039.npz
all_left,pkj0309,left,pkj0309_0502_left,pkj-0309__20260502-left-115__20260502_174257.npz
all_left,pkj0309,left,pkj0309_0502_left,pkj-0309__20260502-left-116__20260502_174513.npz
all_left,pkj0309,left,pkj0309_0502_left,pkj-0309__20260502-left-117__20260502_174733.npz
all_left,pkj0309,left,pkj0309_0502_left,pkj-0309__20260502-left-118__20260502_174951.npz
all_left,pkj0309,left,pkj0309_0502_left,pkj-0309__20260502-left-119__20260502_175208.npz
all_left,pkj0309,left,pkj0309_0502_left,pkj-0309__20260502-left-11__20260502_112309.npz
all_left,pkj0309,left,pkj0309_0502_left,pkj-0309__20260502-left-120__20260502_175427.npz
all_left,pkj0309,left,pkj0309_0502_left,pkj-0309__20260502-left-121__20260502_175720.npz
all_left,pkj0309,left,pkj0309_0502_left,pkj-0309__20260502-left-122__20260502_175941.npz
all_left,pkj0309,left,pkj0309_0502_left,pkj-0309__20260502-left-123__20260502_181546.npz
all_left,pkj0309,left,pkj0309_0502_left,pkj-0309__20260502-left-124__20260502_181808.npz
all_left,pkj0309,left,pkj0309_0502_left,pkj-0309__20260502-left-125__20260502_182143.npz
all_left,pkj0309,left,pkj0309_0502_left,pkj-0309__20260502-left-12__20260502_112531.npz
all_left,pkj0309,left,pkj0309_0502_left,pkj-0309__20260502-left-13__20260502_112755.npz
all_left,pkj0309,left,pkj0309_0502_left,pkj-0309__20260502-left-14__20260502_113017.npz
all_left,pkj0309,left,pkj0309_0502_left,pkj-0309__20260502-left-15__20260502_113237.npz
all_left,pkj0309,left,pkj0309_0502_left,pkj-0309__20260502-left-16__20260502_113458.npz
all_left,pkj0309,left,pkj0309_0502_left,pkj-0309__20260502-left-17__20260502_113719.npz
all_left,pkj0309,left,pkj0309_0502_left,pkj-0309__20260502-left-18__20260502_113944.npz
all_left,pkj0309,left,pkj0309_0502_left,pkj-0309__20260502-left-19__20260502_114203.npz
all_left,pkj0309,left,pkj0309_0502_left,pkj-0309__20260502-left-20__20260502_114423.npz
all_left,pkj0309,left,pkj0309_0502_left,pkj-0309__20260502-left-21__20260502_114646.npz
all_left,pkj0309,left,pkj0309_0502_left,pkj-0309__20260502-left-22__20260502_114908.npz
all_left,pkj0309,left,pkj0309_0502_left,pkj-0309__20260502-left-23__20260502_115132.npz
all_left,pkj0309,left,pkj0309_0502_left,pkj-0309__20260502-left-24__20260502_115353.npz
all_left,pkj0309,left,pkj0309_0502_left,pkj-0309__20260502-left-25__20260502_115613.npz
all_left,pkj0309,left,pkj0309_0502_left,pkj-0309__20260502-left-26__20260502_115831.npz
all_left,pkj0309,left,pkj0309_0502_left,pkj-0309__20260502-left-27__20260502_120055.npz
all_left,pkj0309,left,pkj0309_0502_left,pkj-0309__20260502-left-28__20260502_132232.npz
all_left,pkj0309,left,pkj0309_0502_left,pkj-0309__20260502-left-29__20260502_132452.npz
all_left,pkj0309,left,pkj0309_0502_left,pkj-0309__20260502-left-2__20260502_105138.npz
all_left,pkj0309,left,pkj0309_0502_left,pkj-0309__20260502-left-30__20260502_132721.npz
all_left,pkj0309,left,pkj0309_0502_left,pkj-0309__20260502-left-31__20260502_132943.npz
all_left,pkj0309,left,pkj0309_0502_left,pkj-0309__20260502-left-32__20260502_133205.npz
all_left,pkj0309,left,pkj0309_0502_left,pkj-0309__20260502-left-33__20260502_133431.npz
all_left,pkj0309,left,pkj0309_0502_left,pkj-0309__20260502-left-34__20260502_133650.npz
all_left,pkj0309,left,pkj0309_0502_left,pkj-0309__20260502-left-35__20260502_133917.npz
all_left,pkj0309,left,pkj0309_0502_left,pkj-0309__20260502-left-36__20260502_134137.npz
all_left,pkj0309,left,pkj0309_0502_left,pkj-0309__20260502-left-37__20260502_142324.npz
all_left,pkj0309,left,pkj0309_0502_left,pkj-0309__20260502-left-38__20260502_142551.npz
all_left,pkj0309,left,pkj0309_0502_left,pkj-0309__20260502-left-39__20260502_142819.npz
all_left,pkj0309,left,pkj0309_0502_left,pkj-0309__20260502-left-3__20260502_105448.npz
all_left,pkj0309,left,pkj0309_0502_left,pkj-0309__20260502-left-40__20260502_143041.npz
all_left,pkj0309,left,pkj0309_0502_left,pkj-0309__20260502-left-41__20260502_143307.npz
all_left,pkj0309,left,pkj0309_0502_left,pkj-0309__20260502-left-42__20260502_143526.npz
all_left,pkj0309,left,pkj0309_0502_left,pkj-0309__20260502-left-43__20260502_143749.npz
all_left,pkj0309,left,pkj0309_0502_left,pkj-0309__20260502-left-44__20260502_144008.npz
all_left,pkj0309,left,pkj0309_0502_left,pkj-0309__20260502-left-45__20260502_144230.npz
all_left,pkj0309,left,pkj0309_0502_left,pkj-0309__20260502-left-46__20260502_144447.npz
all_left,pkj0309,left,pkj0309_0502_left,pkj-0309__20260502-left-47__20260502_144705.npz
all_left,pkj0309,left,pkj0309_0502_left,pkj-0309__20260502-left-48__20260502_144954.npz
all_left,pkj0309,left,pkj0309_0502_left,pkj-0309__20260502-left-49__20260502_145216.npz
all_left,pkj0309,left,pkj0309_0502_left,pkj-0309__20260502-left-4__20260502_105849.npz
all_left,pkj0309,left,pkj0309_0502_left,pkj-0309__20260502-left-50__20260502_145436.npz
all_left,pkj0309,left,pkj0309_0502_left,pkj-0309__20260502-left-51__20260502_145653.npz
all_left,pkj0309,left,pkj0309_0502_left,pkj-0309__20260502-left-52__20260502_145911.npz
all_left,pkj0309,left,pkj0309_0502_left,pkj-0309__20260502-left-53__20260502_150129.npz
all_left,pkj0309,left,pkj0309_0502_left,pkj-0309__20260502-left-54__20260502_150348.npz
all_left,pkj0309,left,pkj0309_0502_left,pkj-0309__20260502-left-55__20260502_150606.npz
all_left,pkj0309,left,pkj0309_0502_left,pkj-0309__20260502-left-56__20260502_150825.npz
all_left,pkj0309,left,pkj0309_0502_left,pkj-0309__20260502-left-57__20260502_151044.npz
all_left,pkj0309,left,pkj0309_0502_left,pkj-0309__20260502-left-58__20260502_151709.npz
all_left,pkj0309,left,pkj0309_0502_left,pkj-0309__20260502-left-59__20260502_151927.npz
all_left,pkj0309,left,pkj0309_0502_left,pkj-0309__20260502-left-5__20260502_110214.npz
all_left,pkj0309,left,pkj0309_0502_left,pkj-0309__20260502-left-60__20260502_152145.npz
all_left,pkj0309,left,pkj0309_0502_left,pkj-0309__20260502-left-61__20260502_152404.npz
all_left,pkj0309,left,pkj0309_0502_left,pkj-0309__20260502-left-62__20260502_152621.npz
all_left,pkj0309,left,pkj0309_0502_left,pkj-0309__20260502-left-63__20260502_152838.npz
all_left,pkj0309,left,pkj0309_0502_left,pkj-0309__20260502-left-64__20260502_153055.npz
all_left,pkj0309,left,pkj0309_0502_left,pkj-0309__20260502-left-65__20260502_153312.npz
all_left,pkj0309,left,pkj0309_0502_left,pkj-0309__20260502-left-66__20260502_153531.npz
all_left,pkj0309,left,pkj0309_0502_left,pkj-0309__20260502-left-67__20260502_153855.npz
all_left,pkj0309,left,pkj0309_0502_left,pkj-0309__20260502-left-68__20260502_154113.npz
all_left,pkj0309,left,pkj0309_0502_left,pkj-0309__20260502-left-69__20260502_154334.npz
all_left,pkj0309,left,pkj0309_0502_left,pkj-0309__20260502-left-6__20260502_110544.npz
all_left,pkj0309,left,pkj0309_0502_left,pkj-0309__20260502-left-70__20260502_154552.npz
all_left,pkj0309,left,pkj0309_0502_left,pkj-0309__20260502-left-71__20260502_154808.npz
all_left,pkj0309,left,pkj0309_0502_left,pkj-0309__20260502-left-72__20260502_155023.npz
all_left,pkj0309,left,pkj0309_0502_left,pkj-0309__20260502-left-73__20260502_155244.npz
all_left,pkj0309,left,pkj0309_0502_left,pkj-0309__20260502-left-74__20260502_155500.npz
all_left,pkj0309,left,pkj0309_0502_left,pkj-0309__20260502-left-75__20260502_155717.npz
all_left,pkj0309,left,pkj0309_0502_left,pkj-0309__20260502-left-76__20260502_155933.npz
all_left,pkj0309,left,pkj0309_0502_left,pkj-0309__20260502-left-77__20260502_160155.npz
all_left,pkj0309,left,pkj0309_0502_left,pkj-0309__20260502-left-78__20260502_160414.npz
all_left,pkj0309,left,pkj0309_0502_left,pkj-0309__20260502-left-79__20260502_160632.npz
all_left,pkj0309,left,pkj0309_0502_left,pkj-0309__20260502-left-7__20260502_110859.npz
all_left,pkj0309,left,pkj0309_0502_left,pkj-0309__20260502-left-80__20260502_160850.npz
all_left,pkj0309,left,pkj0309_0502_left,pkj-0309__20260502-left-81__20260502_161107.npz
all_left,pkj0309,left,pkj0309_0502_left,pkj-0309__20260502-left-82__20260502_161325.npz
all_left,pkj0309,left,pkj0309_0502_left,pkj-0309__20260502-left-83__20260502_161544.npz
all_left,pkj0309,left,pkj0309_0502_left,pkj-0309__20260502-left-84__20260502_161800.npz
all_left,pkj0309,left,pkj0309_0502_left,pkj-0309__20260502-left-85__20260502_162018.npz
all_left,pkj0309,left,pkj0309_0502_left,pkj-0309__20260502-left-86__20260502_162244.npz
all_left,pkj0309,left,pkj0309_0502_left,pkj-0309__20260502-left-87__20260502_162501.npz
all_left,pkj0309,left,pkj0309_0502_left,pkj-0309__20260502-left-88__20260502_162717.npz
all_left,pkj0309,left,pkj0309_0502_left,pkj-0309__20260502-left-89__20260502_163023.npz
all_left,pkj0309,left,pkj0309_0502_left,pkj-0309__20260502-left-8__20260502_111532.npz
all_left,pkj0309,left,pkj0309_0502_left,pkj-0309__20260502-left-90__20260502_163244.npz
all_left,pkj0309,left,pkj0309_0502_left,pkj-0309__20260502-left-91__20260502_163505.npz
all_left,pkj0309,left,pkj0309_0502_left,pkj-0309__20260502-left-92__20260502_163722.npz
all_left,pkj0309,left,pkj0309_0502_left,pkj-0309__20260502-left-93__20260502_163944.npz
all_left,pkj0309,left,pkj0309_0502_left,pkj-0309__20260502-left-94__20260502_164205.npz
all_left,pkj0309,left,pkj0309_0502_left,pkj-0309__20260502-left-95__20260502_164422.npz
all_left,pkj0309,left,pkj0309_0502_left,pkj-0309__20260502-left-96__20260502_164640.npz
all_left,pkj0309,left,pkj0309_0502_left,pkj-0309__20260502-left-97__20260502_170112.npz
all_left,pkj0309,left,pkj0309_0502_left,pkj-0309__20260502-left-98__20260502_170330.npz
all_left,pkj0309,left,pkj0309_0502_left,pkj-0309__20260502-left-99__20260502_170550.npz
all_left,pkj0309,left,pkj0309_0502_left,pkj-0309__20260502-left-9__20260502_111759.npz
all_left,pkj0309,left,pkj0309_0502_left,pkj-0309__20260502-left__20260502_104852.npz
all_left,pkj0309,left,pkj0309_0505_left,pkj-0309__20260505-left-100__20260505_163459.npz
all_left,pkj0309,left,pkj0309_0505_left,pkj-0309__20260505-left-101__20260505_165206.npz
all_left,pkj0309,left,pkj0309_0505_left,pkj-0309__20260505-left-102__20260505_165425.npz
all_left,pkj0309,left,pkj0309_0505_left,pkj-0309__20260505-left-103__20260505_165641.npz
all_left,pkj0309,left,pkj0309_0505_left,pkj-0309__20260505-left-104__20260505_165858.npz
all_left,pkj0309,left,pkj0309_0505_left,pkj-0309__20260505-left-105__20260505_170115.npz
all_left,pkj0309,left,pkj0309_0505_left,pkj-0309__20260505-left-106__20260505_170339.npz
all_left,pkj0309,left,pkj0309_0505_left,pkj-0309__20260505-left-107__20260505_170557.npz
all_left,pkj0309,left,pkj0309_0505_left,pkj-0309__20260505-left-108__20260505_170814.npz
all_left,pkj0309,left,pkj0309_0505_left,pkj-0309__20260505-left-109__20260505_171128.npz
all_left,pkj0309,left,pkj0309_0505_left,pkj-0309__20260505-left-10__20260505_103755.npz
all_left,pkj0309,left,pkj0309_0505_left,pkj-0309__20260505-left-110__20260505_171351.npz
all_left,pkj0309,left,pkj0309_0505_left,pkj-0309__20260505-left-111__20260505_171733.npz
all_left,pkj0309,left,pkj0309_0505_left,pkj-0309__20260505-left-112__20260505_171953.npz
all_left,pkj0309,left,pkj0309_0505_left,pkj-0309__20260505-left-113__20260505_172211.npz
all_left,pkj0309,left,pkj0309_0505_left,pkj-0309__20260505-left-114__20260505_172434.npz
all_left,pkj0309,left,pkj0309_0505_left,pkj-0309__20260505-left-115__20260505_172700.npz
all_left,pkj0309,left,pkj0309_0505_left,pkj-0309__20260505-left-116__20260505_172919.npz
all_left,pkj0309,left,pkj0309_0505_left,pkj-0309__20260505-left-117__20260505_173144.npz
all_left,pkj0309,left,pkj0309_0505_left,pkj-0309__20260505-left-118__20260505_173402.npz
all_left,pkj0309,left,pkj0309_0505_left,pkj-0309__20260505-left-119__20260505_173620.npz
all_left,pkj0309,left,pkj0309_0505_left,pkj-0309__20260505-left-11__20260505_104014.npz
all_left,pkj0309,left,pkj0309_0505_left,pkj-0309__20260505-left-120__20260505_173840.npz
all_left,pkj0309,left,pkj0309_0505_left,pkj-0309__20260505-left-12__20260505_104244.npz
all_left,pkj0309,left,pkj0309_0505_left,pkj-0309__20260505-left-13__20260505_104523.npz
all_left,pkj0309,left,pkj0309_0505_left,pkj-0309__20260505-left-14__20260505_104743.npz
all_left,pkj0309,left,pkj0309_0505_left,pkj-0309__20260505-left-15__20260505_105004.npz
all_left,pkj0309,left,pkj0309_0505_left,pkj-0309__20260505-left-16__20260505_105221.npz
all_left,pkj0309,left,pkj0309_0505_left,pkj-0309__20260505-left-17__20260505_105441.npz
all_left,pkj0309,left,pkj0309_0505_left,pkj-0309__20260505-left-18__20260505_105658.npz
all_left,pkj0309,left,pkj0309_0505_left,pkj-0309__20260505-left-19__20260505_105915.npz
all_left,pkj0309,left,pkj0309_0505_left,pkj-0309__20260505-left-20__20260505_110135.npz
all_left,pkj0309,left,pkj0309_0505_left,pkj-0309__20260505-left-21__20260505_112850.npz
all_left,pkj0309,left,pkj0309_0505_left,pkj-0309__20260505-left-22__20260505_113113.npz
all_left,pkj0309,left,pkj0309_0505_left,pkj-0309__20260505-left-23__20260505_113333.npz
all_left,pkj0309,left,pkj0309_0505_left,pkj-0309__20260505-left-24__20260505_113552.npz
all_left,pkj0309,left,pkj0309_0505_left,pkj-0309__20260505-left-25__20260505_113813.npz
all_left,pkj0309,left,pkj0309_0505_left,pkj-0309__20260505-left-26__20260505_114105.npz
all_left,pkj0309,left,pkj0309_0505_left,pkj-0309__20260505-left-27__20260505_114335.npz
all_left,pkj0309,left,pkj0309_0505_left,pkj-0309__20260505-left-28__20260505_114636.npz
all_left,pkj0309,left,pkj0309_0505_left,pkj-0309__20260505-left-29__20260505_114901.npz
all_left,pkj0309,left,pkj0309_0505_left,pkj-0309__20260505-left-2__20260505_101902.npz
all_left,pkj0309,left,pkj0309_0505_left,pkj-0309__20260505-left-30__20260505_115124.npz
all_left,pkj0309,left,pkj0309_0505_left,pkj-0309__20260505-left-31__20260505_115342.npz
all_left,pkj0309,left,pkj0309_0505_left,pkj-0309__20260505-left-32__20260505_115601.npz
all_left,pkj0309,left,pkj0309_0505_left,pkj-0309__20260505-left-33__20260505_131148.npz
all_left,pkj0309,left,pkj0309_0505_left,pkj-0309__20260505-left-34__20260505_131408.npz
all_left,pkj0309,left,pkj0309_0505_left,pkj-0309__20260505-left-35__20260505_131627.npz
all_left,pkj0309,left,pkj0309_0505_left,pkj-0309__20260505-left-36__20260505_131850.npz
all_left,pkj0309,left,pkj0309_0505_left,pkj-0309__20260505-left-37__20260505_132122.npz
all_left,pkj0309,left,pkj0309_0505_left,pkj-0309__20260505-left-38__20260505_132340.npz
all_left,pkj0309,left,pkj0309_0505_left,pkj-0309__20260505-left-39__20260505_132559.npz
all_left,pkj0309,left,pkj0309_0505_left,pkj-0309__20260505-left-3__20260505_102136.npz
all_left,pkj0309,left,pkj0309_0505_left,pkj-0309__20260505-left-40__20260505_132817.npz
all_left,pkj0309,left,pkj0309_0505_left,pkj-0309__20260505-left-41__20260505_133254.npz
all_left,pkj0309,left,pkj0309_0505_left,pkj-0309__20260505-left-42__20260505_133514.npz
all_left,pkj0309,left,pkj0309_0505_left,pkj-0309__20260505-left-43__20260505_133737.npz
all_left,pkj0309,left,pkj0309_0505_left,pkj-0309__20260505-left-44__20260505_133954.npz
all_left,pkj0309,left,pkj0309_0505_left,pkj-0309__20260505-left-45__20260505_134213.npz
all_left,pkj0309,left,pkj0309_0505_left,pkj-0309__20260505-left-46__20260505_134431.npz
all_left,pkj0309,left,pkj0309_0505_left,pkj-0309__20260505-left-47__20260505_134651.npz
all_left,pkj0309,left,pkj0309_0505_left,pkj-0309__20260505-left-48__20260505_134909.npz
all_left,pkj0309,left,pkj0309_0505_left,pkj-0309__20260505-left-49__20260505_135126.npz
all_left,pkj0309,left,pkj0309_0505_left,pkj-0309__20260505-left-4__20260505_102404.npz
all_left,pkj0309,left,pkj0309_0505_left,pkj-0309__20260505-left-50__20260505_135344.npz
all_left,pkj0309,left,pkj0309_0505_left,pkj-0309__20260505-left-51__20260505_135604.npz
all_left,pkj0309,left,pkj0309_0505_left,pkj-0309__20260505-left-52__20260505_135822.npz
all_left,pkj0309,left,pkj0309_0505_left,pkj-0309__20260505-left-53__20260505_140038.npz
all_left,pkj0309,left,pkj0309_0505_left,pkj-0309__20260505-left-54__20260505_140255.npz
all_left,pkj0309,left,pkj0309_0505_left,pkj-0309__20260505-left-55__20260505_140513.npz
all_left,pkj0309,left,pkj0309_0505_left,pkj-0309__20260505-left-56__20260505_140730.npz
all_left,pkj0309,left,pkj0309_0505_left,pkj-0309__20260505-left-57__20260505_140949.npz
all_left,pkj0309,left,pkj0309_0505_left,pkj-0309__20260505-left-58__20260505_141206.npz
all_left,pkj0309,left,pkj0309_0505_left,pkj-0309__20260505-left-59__20260505_141427.npz
all_left,pkj0309,left,pkj0309_0505_left,pkj-0309__20260505-left-5__20260505_102623.npz
all_left,pkj0309,left,pkj0309_0505_left,pkj-0309__20260505-left-60__20260505_141645.npz
all_left,pkj0309,left,pkj0309_0505_left,pkj-0309__20260505-left-61__20260505_144528.npz
all_left,pkj0309,left,pkj0309_0505_left,pkj-0309__20260505-left-61__20260505_144746.npz
all_left,pkj0309,left,pkj0309_0505_left,pkj-0309__20260505-left-62__20260505_145043.npz
all_left,pkj0309,left,pkj0309_0505_left,pkj-0309__20260505-left-63__20260505_145301.npz
all_left,pkj0309,left,pkj0309_0505_left,pkj-0309__20260505-left-64__20260505_145518.npz
all_left,pkj0309,left,pkj0309_0505_left,pkj-0309__20260505-left-65__20260505_145740.npz
all_left,pkj0309,left,pkj0309_0505_left,pkj-0309__20260505-left-66__20260505_145956.npz
all_left,pkj0309,left,pkj0309_0505_left,pkj-0309__20260505-left-67__20260505_150213.npz
all_left,pkj0309,left,pkj0309_0505_left,pkj-0309__20260505-left-68__20260505_150430.npz
all_left,pkj0309,left,pkj0309_0505_left,pkj-0309__20260505-left-69__20260505_150648.npz
all_left,pkj0309,left,pkj0309_0505_left,pkj-0309__20260505-left-6__20260505_102840.npz
all_left,pkj0309,left,pkj0309_0505_left,pkj-0309__20260505-left-70__20260505_150911.npz
all_left,pkj0309,left,pkj0309_0505_left,pkj-0309__20260505-left-71__20260505_151128.npz
all_left,pkj0309,left,pkj0309_0505_left,pkj-0309__20260505-left-72__20260505_151352.npz
all_left,pkj0309,left,pkj0309_0505_left,pkj-0309__20260505-left-73__20260505_151609.npz
all_left,pkj0309,left,pkj0309_0505_left,pkj-0309__20260505-left-74__20260505_151828.npz
all_left,pkj0309,left,pkj0309_0505_left,pkj-0309__20260505-left-75__20260505_152045.npz
all_left,pkj0309,left,pkj0309_0505_left,pkj-0309__20260505-left-76__20260505_152338.npz
all_left,pkj0309,left,pkj0309_0505_left,pkj-0309__20260505-left-77__20260505_152554.npz
all_left,pkj0309,left,pkj0309_0505_left,pkj-0309__20260505-left-78__20260505_152811.npz
all_left,pkj0309,left,pkj0309_0505_left,pkj-0309__20260505-left-79__20260505_153028.npz
all_left,pkj0309,left,pkj0309_0505_left,pkj-0309__20260505-left-7__20260505_103059.npz
all_left,pkj0309,left,pkj0309_0505_left,pkj-0309__20260505-left-80__20260505_153245.npz
all_left,pkj0309,left,pkj0309_0505_left,pkj-0309__20260505-left-81__20260505_154902.npz
all_left,pkj0309,left,pkj0309_0505_left,pkj-0309__20260505-left-82__20260505_155123.npz
all_left,pkj0309,left,pkj0309_0505_left,pkj-0309__20260505-left-83__20260505_155344.npz
all_left,pkj0309,left,pkj0309_0505_left,pkj-0309__20260505-left-84__20260505_155601.npz
all_left,pkj0309,left,pkj0309_0505_left,pkj-0309__20260505-left-85__20260505_155820.npz
all_left,pkj0309,left,pkj0309_0505_left,pkj-0309__20260505-left-86__20260505_160037.npz
all_left,pkj0309,left,pkj0309_0505_left,pkj-0309__20260505-left-87__20260505_160254.npz
all_left,pkj0309,left,pkj0309_0505_left,pkj-0309__20260505-left-88__20260505_160513.npz
all_left,pkj0309,left,pkj0309_0505_left,pkj-0309__20260505-left-89__20260505_160733.npz
all_left,pkj0309,left,pkj0309_0505_left,pkj-0309__20260505-left-8__20260505_103318.npz
all_left,pkj0309,left,pkj0309_0505_left,pkj-0309__20260505-left-90__20260505_160950.npz
all_left,pkj0309,left,pkj0309_0505_left,pkj-0309__20260505-left-91__20260505_161215.npz
all_left,pkj0309,left,pkj0309_0505_left,pkj-0309__20260505-left-92__20260505_161433.npz
all_left,pkj0309,left,pkj0309_0505_left,pkj-0309__20260505-left-93__20260505_161800.npz
all_left,pkj0309,left,pkj0309_0505_left,pkj-0309__20260505-left-94__20260505_162107.npz
all_left,pkj0309,left,pkj0309_0505_left,pkj-0309__20260505-left-95__20260505_162327.npz
all_left,pkj0309,left,pkj0309_0505_left,pkj-0309__20260505-left-96__20260505_162545.npz
all_left,pkj0309,left,pkj0309_0505_left,pkj-0309__20260505-left-97__20260505_162803.npz
all_left,pkj0309,left,pkj0309_0505_left,pkj-0309__20260505-left-98__20260505_163020.npz
all_left,pkj0309,left,pkj0309_0505_left,pkj-0309__20260505-left-99__20260505_163239.npz
all_left,pkj0309,left,pkj0309_0505_left,pkj-0309__20260505-left-9__20260505_103537.npz
all_left,pkj0309,left,pkj0309_0505_left,pkj-0309__20260505-left__20260505_101631.npz
all_left,gzx1027,left,pose_20260520-0522_run1,gzx-1027__20260522-left-2__20260522_112406.npz
all_left,gzx1027,left,pose_20260520-0522_run1,gzx-1027__20260522-left-2__20260522_112633.npz
all_left,gzx1027,left,pose_20260520-0522_run1,gzx-1027__20260522-left-2__20260522_112857.npz
all_left,gzx1027,left,pose_20260520-0522_run1,gzx-1027__20260522-left-2__20260522_113118.npz
all_left,gzx1027,left,pose_20260520-0522_run1,gzx-1027__20260522-left-3__20260522_113922.npz
all_left,gzx1027,left,pose_20260520-0522_run1,gzx-1027__20260522-left-3__20260522_114318.npz
all_left,gzx1027,left,pose_20260520-0522_run1,gzx-1027__20260522-left-3__20260522_114541.npz
all_left,gzx1027,left,pose_20260520-0522_run1,gzx-1027__20260522-left-3__20260522_114805.npz
all_left,gzx1027,left,pose_20260520-0522_run1,gzx-1027__20260522-left-3__20260522_115025.npz
all_left,gzx1027,left,pose_20260520-0522_run1,gzx-1027__20260522-left-3__20260522_115244.npz
all_left,gzx1027,left,pose_20260520-0522_run1,gzx-1027__20260522-left-3__20260522_115514.npz
all_left,gzx1027,left,pose_20260520-0522_run1,gzx-1027__20260522-left__20260522_105444.npz
all_left,gzx1027,left,pose_20260520-0522_run1,gzx-1027__20260522-left__20260522_105709.npz
all_left,gzx1027,left,pose_20260520-0522_run1,gzx-1027__20260522-left__20260522_110005.npz
all_left,gzx1027,left,pose_20260520-0522_run1,gzx-1027__20260522-left__20260522_110240.npz
all_left,gzx1027,left,pose_20260520-0522_run1,gzx-1027__20260522-left__20260522_110504.npz
all_left,gzx1027,left,pose_20260520-0522_run1,gzx-1027__20260522-left__20260522_110744.npz
all_left,gzx1027,left,pose_20260520-0522_run1,gzx-1027__20260522-left__20260522_111009.npz
all_left,gzx1027,left,pose_20260520-0522_run1,gzx-1027__20260522-left__20260522_111233.npz
all_left,gzx1027,left,pose_20260520-0522_run1,gzx-1027__20260522-left__20260522_111502.npz
all_left,gzx1027,left,pose_20260520-0522_run1,gzx-1027__20260522-left__20260522_131450.npz
all_left,gzx1027,left,pose_20260520-0522_run1,gzx-1027__20260522-left__20260522_131719.npz
all_left,gzx1027,left,pose_20260520-0522_run1,gzx-1027__20260522-left__20260522_131943.npz
all_left,gzx1027,left,pose_20260520-0522_run1,gzx-1027__20260522-left__20260522_132205.npz
all_left,gzx1027,left,pose_20260520-0522_run1,gzx-1027__20260522-left__20260522_132428.npz
all_left,gzx1027,left,pose_20260520-0522_run1,gzx-1027__20260522-left__20260522_132657.npz
all_left,gzx1027,left,pose_20260520-0522_run1,gzx-1027__20260522-left__20260522_132919.npz
all_left,gzx1027,left,pose_20260520-0522_run1,gzx-1027__20260522-left__20260522_133141.npz
all_left,gzx1027,left,pose_20260520-0522_run1,gzx-1027__20260522-left__20260522_133402.npz
all_left,gzx1027,left,pose_20260520-0522_run1,gzx-1027__20260522-left__20260522_133625.npz
all_left,gzx1027,left,pose_20260520-0522_run1,gzx-1027__20260522-left__20260522_133858.npz
all_left,gzx1027,left,pose_20260520-0522_run1,gzx-1027__20260522-left__20260522_134244.npz
all_left,gzx1027,left,pose_20260520-0522_run1,gzx-1027__20260522-left__20260522_134506.npz
all_left,gzx1027,left,pose_20260520-0522_run1,gzx-1027__20260522-left__20260522_134732.npz
all_left,gzx1027,left,pose_20260520-0522_run1,gzx-1027__20260522-left__20260522_134954.npz
all_left,gzx1027,left,pose_20260520-0522_run1,gzx-1027__20260522-left__20260522_135245.npz
all_left,gzx1027,left,pose_20260520-0522_run1,gzx-1027__20260522-left__20260522_135535.npz
all_left,gzx1027,left,pose_20260520-0522_run1,gzx-1027__20260522-left__20260522_135815.npz
all_left,gzx1027,left,pose_20260520-0522_run1,gzx-1027__20260522-left__20260522_140042.npz
all_left,gzx1027,left,pose_20260520-0522_run1,gzx-1027__20260522-left__20260522_140315.npz
all_left,gzx1027,left,pose_20260520-0522_run1,gzx-1027__20260522-left__20260522_142228.npz
all_left,gzx1027,left,pose_20260520-0522_run1,gzx-1027__20260522-left__20260522_142504.npz
all_left,gzx1027,left,pose_20260520-0522_run1,gzx-1027__20260522-left__20260522_142725.npz
all_left,gzx1027,left,pose_20260520-0522_run1,gzx-1027__20260522-left__20260522_142953.npz
all_left,gzx1027,left,pose_20260520-0522_run1,gzx-1027__20260522-left__20260522_143220.npz
all_left,gzx1027,left,pose_20260520-0522_run1,gzx-1027__20260522-left__20260522_143458.npz
all_left,gzx1027,left,pose_20260520-0522_run1,gzx-1027__20260522-left__20260522_143722.npz
all_left,gzx1027,left,pose_20260520-0522_run1,gzx-1027__20260522-left__20260522_143944.npz
all_left,gzx1027,left,pose_20260520-0522_run1,gzx-1027__20260522-left__20260522_144209.npz
all_left,gzx1027,left,pose_20260520-0522_run1,gzx-1027__20260522-left__20260522_144429.npz
all_left,gzx1027,left,pose_20260520-0522_run1,gzx-1027__20260522-left__20260522_144700.npz
all_left,gzx1027,left,pose_20260520-0522_run1,gzx-1027__20260522-left__20260522_144954.npz
all_left,gzx1027,left,pose_20260520-0522_run1,gzx-1027__20260522-left__20260522_145456.npz
all_left,gzx1027,left,pose_20260520-0522_run1,gzx-1027__20260522-left__20260522_145731.npz
all_left,gzx1027,left,pose_20260520-0522_run1,gzx-1027__20260522-left__20260522_145951.npz
all_left,gzx1027,left,pose_20260520-0522_run1,gzx-1027__20260522-left__20260522_150327.npz
all_left,gzx1027,left,pose_20260520-0522_run1,gzx-1027__20260522-left__20260522_150551.npz
all_left,gzx1027,left,pose_20260520-0522_run1,gzx-1027__20260522-left__20260522_150932.npz
all_left,gzx1027,left,pose_20260520-0522_run1,gzx-1027__20260522-left__20260522_151204.npz
all_left,gzx1027,left,pose_20260520-0522_run1,gzx-1027__20260522-left__20260522_151441.npz
all_left,lah0708,left,pose_20260520-0522_run1,lah-0708__20260520-left__20260520_192017.npz
all_left,lah0708,left,pose_20260520-0522_run1,lah-0708__20260520-left__20260520_192257.npz
all_left,lah0708,left,pose_20260520-0522_run1,lah-0708__20260520-left__20260520_192533.npz
all_left,lah0708,left,pose_20260520-0522_run1,lah-0708__20260520-left__20260520_192753.npz
all_left,lah0708,left,pose_20260520-0522_run1,lah-0708__20260520-left__20260520_193014.npz
all_left,lah0708,left,pose_20260520-0522_run1,lah-0708__20260520-left__20260520_193234.npz
all_left,lah0708,left,pose_20260520-0522_run1,lah-0708__20260520-left__20260520_193453.npz
all_left,lah0708,left,pose_20260520-0522_run1,lah-0708__20260520-left__20260520_194223.npz
all_left,lah0708,left,pose_20260520-0522_run1,lah-0708__20260520-left__20260520_194509.npz
all_left,lah0708,left,pose_20260520-0522_run1,lah-0708__20260520-left__20260520_194742.npz
all_left,lah0708,left,pose_20260520-0522_run1,lah-0708__20260520-left__20260520_195019.npz
all_left,lah0708,left,pose_20260520-0522_run1,lah-0708__20260520-left__20260520_195245.npz
all_left,lah0708,left,pose_20260520-0522_run1,lah-0708__20260520-left__20260520_195523.npz
all_left,lah0708,left,pose_20260520-0522_run1,lah-0708__20260520-left__20260520_195756.npz
all_left,lah0708,left,pose_20260520-0522_run1,lah-0708__20260520-left__20260520_200023.npz
all_left,lah0708,left,pose_20260520-0522_run1,lah-0708__20260520-left__20260520_200249.npz
all_left,lah0708,left,pose_20260520-0522_run1,lah-0708__20260520-left__20260520_200514.npz
all_left,lah0708,left,pose_20260520-0522_run1,lah-0708__20260520-left__20260520_200744.npz
all_left,lah0708,left,pose_20260520-0522_run1,lah-0708__20260520-left__20260520_201023.npz
all_left,lah0708,left,pose_20260520-0522_run1,lah-0708__20260520-left__20260520_201246.npz
all_left,lah0708,left,pose_20260520-0522_run1,lah-0708__20260520-left__20260520_204320.npz
all_left,lah0708,left,pose_20260520-0522_run1,lah-0708__20260520-left__20260520_204554.npz
all_left,lah0708,left,pose_20260520-0522_run1,lah-0708__20260520-left__20260520_204837.npz
all_left,lah0708,left,pose_20260520-0522_run1,lah-0708__20260520-left__20260520_205104.npz
all_left,lah0708,left,pose_20260520-0522_run1,lah-0708__20260520-left__20260520_205335.npz
all_left,lah0708,left,pose_20260520-0522_run1,lah-0708__20260520-left__20260520_205614.npz
all_left,lah0708,left,pose_20260520-0522_run1,lah-0708__20260520-left__20260520_205903.npz
all_left,lah0708,left,pose_20260520-0522_run1,lah-0708__20260520-left__20260520_210146.npz
all_left,lah0708,left,pose_20260520-0522_run1,lah-0708__20260520-left__20260520_210406.npz
all_left,lah0708,left,pose_20260520-0522_run1,lah-0708__20260520-left__20260520_210626.npz
all_left,lah0708,left,pose_20260520-0522_run1,lah-0708__20260520-left__20260520_210846.npz
all_left,lah0708,left,pose_20260520-0522_run1,lah-0708__20260520-left__20260520_211108.npz
all_left,lah0708,left,pose_20260520-0522_run1,lah-0708__20260520-left__20260520_211334.npz
all_left,lah0708,left,pose_20260520-0522_run1,lah-0708__20260520-left__20260520_211553.npz
all_left,lah0708,left,pose_20260520-0522_run1,lah-0708__20260520-left__20260520_211826.npz
all_left,lah0708,left,pose_20260520-0522_run1,lah-0708__20260520-left__20260520_212049.npz
all_left,lah0708,left,pose_20260520-0522_run1,lah-0708__20260520-left__20260520_212308.npz
all_left,lah0708,left,pose_20260520-0522_run1,lah-0708__20260520-left__20260520_212527.npz
all_left,lah0708,left,pose_20260520-0522_run1,lah-0708__20260520-left__20260520_212746.npz
all_left,lah0708,left,pose_20260520-0522_run1,lah-0708__20260520-left__20260520_213005.npz
all_left,lql0125,left,pose_20260520-0522_run1,lql-0125__20260521-left__20260521_160944.npz
all_left,lql0125,left,pose_20260520-0522_run1,lql-0125__20260521-left__20260521_161220.npz
all_left,lql0125,left,pose_20260520-0522_run1,lql-0125__20260521-left__20260521_161440.npz
all_left,lql0125,left,pose_20260520-0522_run1,lql-0125__20260521-left__20260521_161700.npz
all_left,lql0125,left,pose_20260520-0522_run1,lql-0125__20260521-left__20260521_161927.npz
all_left,lql0125,left,pose_20260520-0522_run1,lql-0125__20260521-left__20260521_162207.npz
all_left,lql0125,left,pose_20260520-0522_run1,lql-0125__20260521-left__20260521_162430.npz
all_left,lql0125,left,pose_20260520-0522_run1,lql-0125__20260521-left__20260521_162650.npz
all_left,lql0125,left,pose_20260520-0522_run1,lql-0125__20260521-left__20260521_162912.npz
all_left,lql0125,left,pose_20260520-0522_run1,lql-0125__20260521-left__20260521_163130.npz
all_left,lql0125,left,pose_20260520-0522_run1,lql-0125__20260521-left__20260521_164807.npz
all_left,lql0125,left,pose_20260520-0522_run1,lql-0125__20260521-left__20260521_165024.npz
all_left,lql0125,left,pose_20260520-0522_run1,lql-0125__20260521-left__20260521_165241.npz
all_left,lql0125,left,pose_20260520-0522_run1,lql-0125__20260521-left__20260521_165458.npz
all_left,lql0125,left,pose_20260520-0522_run1,lql-0125__20260521-left__20260521_165716.npz
all_left,lql0125,left,pose_20260520-0522_run1,lql-0125__20260521-left__20260521_165955.npz
all_left,lql0125,left,pose_20260520-0522_run1,lql-0125__20260521-left__20260521_170214.npz
all_left,lql0125,left,pose_20260520-0522_run1,lql-0125__20260521-left__20260521_170430.npz
all_left,lql0125,left,pose_20260520-0522_run1,lql-0125__20260521-left__20260521_170648.npz
all_left,lql0125,left,pose_20260520-0522_run1,lql-0125__20260521-left__20260521_170910.npz
all_left,lql0125,left,pose_20260520-0522_run1,lql-0125__20260521-left__20260521_171813.npz
all_left,lql0125,left,pose_20260520-0522_run1,lql-0125__20260521-left__20260521_172045.npz
all_left,lql0125,left,pose_20260520-0522_run1,lql-0125__20260521-left__20260521_172303.npz
all_left,lql0125,left,pose_20260520-0522_run1,lql-0125__20260521-left__20260521_172520.npz
all_left,lql0125,left,pose_20260520-0522_run1,lql-0125__20260521-left__20260521_172737.npz
all_left,lql0125,left,pose_20260520-0522_run1,lql-0125__20260521-left__20260521_173012.npz
all_left,lql0125,left,pose_20260520-0522_run1,lql-0125__20260521-left__20260521_173244.npz
all_left,lql0125,left,pose_20260520-0522_run1,lql-0125__20260521-left__20260521_173506.npz
all_left,lql0125,left,pose_20260520-0522_run1,lql-0125__20260521-left__20260521_173731.npz
all_left,lql0125,left,pose_20260520-0522_run1,lql-0125__20260521-left__20260521_173950.npz
all_left,lql0125,left,pose_20260520-0522_run1,lql-0125__20260521-left__20260521_174222.npz
all_left,lql0125,left,pose_20260520-0522_run1,lql-0125__20260521-left__20260521_174448.npz
all_left,lql0125,left,pose_20260520-0522_run1,lql-0125__20260521-left__20260521_174708.npz
all_left,lql0125,left,pose_20260520-0522_run1,lql-0125__20260521-left__20260521_174929.npz
all_left,lql0125,left,pose_20260520-0522_run1,lql-0125__20260521-left__20260521_175151.npz
all_left,lql0125,left,pose_20260520-0522_run1,lql-0125__20260521-left__20260521_175416.npz
all_left,lql0125,left,pose_20260520-0522_run1,lql-0125__20260521-left__20260521_175635.npz
all_left,lql0125,left,pose_20260520-0522_run1,lql-0125__20260521-left__20260521_175856.npz
all_left,lql0125,left,pose_20260520-0522_run1,lql-0125__20260521-left__20260521_180114.npz
all_left,lql0125,left,pose_20260520-0522_run1,lql-0125__20260521-left__20260521_180334.npz
all_left,lwq0901,left,pose_20260520-0522_run1,lwq-0901__20260521-left__20260521_135317.npz
all_left,lwq0901,left,pose_20260520-0522_run1,lwq-0901__20260521-left__20260521_135543.npz
all_left,lwq0901,left,pose_20260520-0522_run1,lwq-0901__20260521-left__20260521_135804.npz
all_left,lwq0901,left,pose_20260520-0522_run1,lwq-0901__20260521-left__20260521_140024.npz
all_left,lwq0901,left,pose_20260520-0522_run1,lwq-0901__20260521-left__20260521_140246.npz
all_left,lwq0901,left,pose_20260520-0522_run1,lwq-0901__20260521-left__20260521_140507.npz
all_left,lwq0901,left,pose_20260520-0522_run1,lwq-0901__20260521-left__20260521_140728.npz
all_left,lwq0901,left,pose_20260520-0522_run1,lwq-0901__20260521-left__20260521_140948.npz
all_left,lwq0901,left,pose_20260520-0522_run1,lwq-0901__20260521-left__20260521_141219.npz
all_left,lwq0901,left,pose_20260520-0522_run1,lwq-0901__20260521-left__20260521_141442.npz
all_left,lwq0901,left,pose_20260520-0522_run1,lwq-0901__20260521-left__20260521_141705.npz
all_left,lwq0901,left,pose_20260520-0522_run1,lwq-0901__20260521-left__20260521_141929.npz
all_left,lwq0901,left,pose_20260520-0522_run1,lwq-0901__20260521-left__20260521_142153.npz
all_left,lwq0901,left,pose_20260520-0522_run1,lwq-0901__20260521-left__20260521_142432.npz
all_left,lwq0901,left,pose_20260520-0522_run1,lwq-0901__20260521-left__20260521_142653.npz
all_left,lwq0901,left,pose_20260520-0522_run1,lwq-0901__20260521-left__20260521_142915.npz
all_left,lwq0901,left,pose_20260520-0522_run1,lwq-0901__20260521-left__20260521_143139.npz
all_left,lwq0901,left,pose_20260520-0522_run1,lwq-0901__20260521-left__20260521_143406.npz
all_left,lwq0901,left,pose_20260520-0522_run1,lwq-0901__20260521-left__20260521_143633.npz
all_left,lwq0901,left,pose_20260520-0522_run1,lwq-0901__20260521-left__20260521_143904.npz
all_left,lwq0901,left,pose_20260520-0522_run1,lwq-0901__20260521-left__20260521_150604.npz
all_left,lwq0901,left,pose_20260520-0522_run1,lwq-0901__20260521-left__20260521_150824.npz
all_left,lwq0901,left,pose_20260520-0522_run1,lwq-0901__20260521-left__20260521_151045.npz
all_left,lwq0901,left,pose_20260520-0522_run1,lwq-0901__20260521-left__20260521_151315.npz
all_left,lwq0901,left,pose_20260520-0522_run1,lwq-0901__20260521-left__20260521_151536.npz
all_left,lwq0901,left,pose_20260520-0522_run1,lwq-0901__20260521-left__20260521_151805.npz
all_left,lwq0901,left,pose_20260520-0522_run1,lwq-0901__20260521-left__20260521_152024.npz
all_left,lwq0901,left,pose_20260520-0522_run1,lwq-0901__20260521-left__20260521_152244.npz
all_left,lwq0901,left,pose_20260520-0522_run1,lwq-0901__20260521-left__20260521_152505.npz
all_left,lwq0901,left,pose_20260520-0522_run1,lwq-0901__20260521-left__20260521_152731.npz
all_left,lwq0901,left,pose_20260520-0522_run1,lwq-0901__20260521-left__20260521_152951.npz
all_left,lwq0901,left,pose_20260520-0522_run1,lwq-0901__20260521-left__20260521_153212.npz
all_left,lwq0901,left,pose_20260520-0522_run1,lwq-0901__20260521-left__20260521_153432.npz
all_left,lwq0901,left,pose_20260520-0522_run1,lwq-0901__20260521-left__20260521_153652.npz
all_left,lwq0901,left,pose_20260520-0522_run1,lwq-0901__20260521-left__20260521_153919.npz
all_left,lwq0901,left,pose_20260520-0522_run1,lwq-0901__20260521-left__20260521_154143.npz
all_left,lwq0901,left,pose_20260520-0522_run1,lwq-0901__20260521-left__20260521_154404.npz
all_left,lwq0901,left,pose_20260520-0522_run1,lwq-0901__20260521-left__20260521_154625.npz
all_left,lwq0901,left,pose_20260520-0522_run1,lwq-0901__20260521-left__20260521_154845.npz
all_left,lwq0901,left,pose_20260520-0522_run1,lwq-0901__20260521-left__20260521_155106.npz
all_left,lzy1210,left,pose_20260520-0522_run1,lzy-1210__20260522-left-2__20260522_134411.npz
all_left,lzy1210,left,pose_20260520-0522_run1,lzy-1210__20260522-left-2__20260522_134631.npz
all_left,lzy1210,left,pose_20260520-0522_run1,lzy-1210__20260522-left-2__20260522_134853.npz
all_left,lzy1210,left,pose_20260520-0522_run1,lzy-1210__20260522-left-2__20260522_135114.npz
all_left,lzy1210,left,pose_20260520-0522_run1,lzy-1210__20260522-left-2__20260522_135407.npz
all_left,lzy1210,left,pose_20260520-0522_run1,lzy-1210__20260522-left-2__20260522_135634.npz
all_left,lzy1210,left,pose_20260520-0522_run1,lzy-1210__20260522-left-2__20260522_135854.npz
all_left,lzy1210,left,pose_20260520-0522_run1,lzy-1210__20260522-left-2__20260522_140113.npz
all_left,lzy1210,left,pose_20260520-0522_run1,lzy-1210__20260522-left-2__20260522_140337.npz
all_left,lzy1210,left,pose_20260520-0522_run1,lzy-1210__20260522-left-2__20260522_140600.npz
all_left,lzy1210,left,pose_20260520-0522_run1,lzy-1210__20260522-left-2__20260522_140819.npz
all_left,lzy1210,left,pose_20260520-0522_run1,lzy-1210__20260522-left-2__20260522_141040.npz
all_left,lzy1210,left,pose_20260520-0522_run1,lzy-1210__20260522-left-2__20260522_141301.npz
all_left,lzy1210,left,pose_20260520-0522_run1,lzy-1210__20260522-left-2__20260522_141519.npz
all_left,lzy1210,left,pose_20260520-0522_run1,lzy-1210__20260522-left-3__20260522_150910.npz
all_left,lzy1210,left,pose_20260520-0522_run1,lzy-1210__20260522-left-3__20260522_151126.npz
all_left,lzy1210,left,pose_20260520-0522_run1,lzy-1210__20260522-left-3__20260522_151406.npz
all_left,lzy1210,left,pose_20260520-0522_run1,lzy-1210__20260522-left-3__20260522_151624.npz
all_left,lzy1210,left,pose_20260520-0522_run1,lzy-1210__20260522-left-3__20260522_151840.npz
all_left,lzy1210,left,pose_20260520-0522_run1,lzy-1210__20260522-left-3__20260522_152104.npz
all_left,lzy1210,left,pose_20260520-0522_run1,lzy-1210__20260522-left-3__20260522_152320.npz
all_left,lzy1210,left,pose_20260520-0522_run1,lzy-1210__20260522-left-3__20260522_152539.npz
all_left,lzy1210,left,pose_20260520-0522_run1,lzy-1210__20260522-left-3__20260522_152757.npz
all_left,lzy1210,left,pose_20260520-0522_run1,lzy-1210__20260522-left-3__20260522_153015.npz
all_left,lzy1210,left,pose_20260520-0522_run1,lzy-1210__20260522-left-3__20260522_153240.npz
all_left,lzy1210,left,pose_20260520-0522_run1,lzy-1210__20260522-left-3__20260522_153457.npz
all_left,lzy1210,left,pose_20260520-0522_run1,lzy-1210__20260522-left-3__20260522_153715.npz
all_left,lzy1210,left,pose_20260520-0522_run1,lzy-1210__20260522-left-3__20260522_153931.npz
all_left,lzy1210,left,pose_20260520-0522_run1,lzy-1210__20260522-left-3__20260522_154148.npz
all_left,lzy1210,left,pose_20260520-0522_run1,lzy-1210__20260522-left-3__20260522_154412.npz
all_left,lzy1210,left,pose_20260520-0522_run1,lzy-1210__20260522-left-3__20260522_154630.npz
all_left,lzy1210,left,pose_20260520-0522_run1,lzy-1210__20260522-left-3__20260522_154852.npz
all_left,lzy1210,left,pose_20260520-0522_run1,lzy-1210__20260522-left-3__20260522_155107.npz
all_left,lzy1210,left,pose_20260520-0522_run1,lzy-1210__20260522-left-3__20260522_155324.npz
all_left,lzy1210,left,pose_20260520-0522_run1,lzy-1210__20260522-left__20260522_105327.npz
all_left,lzy1210,left,pose_20260520-0522_run1,lzy-1210__20260522-left__20260522_105552.npz
all_left,lzy1210,left,pose_20260520-0522_run1,lzy-1210__20260522-left__20260522_105819.npz
all_left,lzy1210,left,pose_20260520-0522_run1,lzy-1210__20260522-left__20260522_110047.npz
all_left,lzy1210,left,pose_20260520-0522_run1,lzy-1210__20260522-left__20260522_110404.npz
all_left,lzy1210,left,pose_20260520-0522_run1,lzy-1210__20260522-left__20260522_110656.npz
all_left,lzy1210,left,pose_20260520-0522_run1,lzy-1210__20260522-left__20260522_110922.npz
all_left,lzy1210,left,pose_20260520-0522_run1,lzy-1210__20260522-left__20260522_111149.npz
all_left,lzy1210,left,pose_20260520-0522_run1,lzy-1210__20260522-left__20260522_111416.npz
all_left,lzy1210,left,pose_20260520-0522_run1,lzy-1210__20260522-left__20260522_111819.npz
all_left,lzy1210,left,pose_20260520-0522_run1,lzy-1210__20260522-left__20260522_112144.npz
all_left,lzy1210,left,pose_20260520-0522_run1,lzy-1210__20260522-left__20260522_112510.npz
all_left,lzy1210,left,pose_20260520-0522_run1,lzy-1210__20260522-left__20260522_112737.npz
all_left,lzy1210,left,pose_20260520-0522_run1,lzy-1210__20260522-left__20260522_113239.npz
all_left,lzy1210,left,pose_20260520-0522_run1,lzy-1210__20260522-left__20260522_113503.npz
all_left,lzy1210,left,pose_20260520-0522_run1,lzy-1210__20260522-left__20260522_113736.npz
all_left,lzy1210,left,pose_20260520-0522_run1,lzy-1210__20260522-left__20260522_113955.npz
all_left,lzy1210,left,pose_20260520-0522_run1,lzy-1210__20260522-left__20260522_114216.npz
all_left,lzy1210,left,pose_20260520-0522_run1,lzy-1210__20260522-left__20260522_114620.npz
all_left,lzy1210,left,pose_20260520-0522_run1,lzy-1210__20260522-left__20260522_114841.npz
all_left,lzy1210,left,pose_20260520-0522_run1,lzy-1210__20260522-left__20260522_131900.npz
all_left,lzy1210,left,pose_20260520-0522_run1,lzy-1210__20260522-left__20260522_132119.npz
all_left,lzy1210,left,pose_20260520-0522_run1,lzy-1210__20260522-left__20260522_132549.npz
all_left,lzy1210,left,pose_20260520-0522_run1,lzy-1210__20260522-left__20260522_132809.npz
all_left,lzy1210,left,pose_20260520-0522_run1,lzy-1210__20260522-left__20260522_133030.npz
all_left,lzy1210,left,pose_20260520-0522_run1,lzy-1210__20260522-left__20260522_133503.npz
all_left,mlj0303,left,pose_20260520-0522_run1,mlj-0303__20260520-left__20260520_132934.npz
all_left,mlj0303,left,pose_20260520-0522_run1,mlj-0303__20260520-left__20260520_133249.npz
all_left,mlj0303,left,pose_20260520-0522_run1,mlj-0303__20260520-left__20260520_133509.npz
all_left,mlj0303,left,pose_20260520-0522_run1,mlj-0303__20260520-left__20260520_133729.npz
all_left,mlj0303,left,pose_20260520-0522_run1,mlj-0303__20260520-left__20260520_133950.npz
all_left,mlj0303,left,pose_20260520-0522_run1,mlj-0303__20260520-left__20260520_134220.npz
all_left,mlj0303,left,pose_20260520-0522_run1,mlj-0303__20260520-left__20260520_134507.npz
all_left,mlj0303,left,pose_20260520-0522_run1,mlj-0303__20260520-left__20260520_134726.npz
all_left,mlj0303,left,pose_20260520-0522_run1,mlj-0303__20260520-left__20260520_134945.npz
all_left,mlj0303,left,pose_20260520-0522_run1,mlj-0303__20260520-left__20260520_135214.npz
all_left,mlj0303,left,pose_20260520-0522_run1,mlj-0303__20260520-left__20260520_135437.npz
all_left,mlj0303,left,pose_20260520-0522_run1,mlj-0303__20260520-left__20260520_135659.npz
all_left,mlj0303,left,pose_20260520-0522_run1,mlj-0303__20260520-left__20260520_135917.npz
all_left,mlj0303,left,pose_20260520-0522_run1,mlj-0303__20260520-left__20260520_141258.npz
all_left,mlj0303,left,pose_20260520-0522_run1,mlj-0303__20260520-left__20260520_141519.npz
all_left,mlj0303,left,pose_20260520-0522_run1,mlj-0303__20260520-left__20260520_141739.npz
all_left,mlj0303,left,pose_20260520-0522_run1,mlj-0303__20260520-left__20260520_142111.npz
all_left,mlj0303,left,pose_20260520-0522_run1,mlj-0303__20260520-left__20260520_142332.npz
all_left,mlj0303,left,pose_20260520-0522_run1,mlj-0303__20260520-left__20260520_142550.npz
all_left,mlj0303,left,pose_20260520-0522_run1,mlj-0303__20260520-left__20260520_144149.npz
all_left,pgy0226,left,pose_20260520-0522_run1,pgy-0226__20260520-left-2__20260520_131618.npz
all_left,pgy0226,left,pose_20260520-0522_run1,pgy-0226__20260520-left-2__20260520_131846.npz
all_left,pgy0226,left,pose_20260520-0522_run1,pgy-0226__20260520-left-2__20260520_132110.npz
all_left,pgy0226,left,pose_20260520-0522_run1,pgy-0226__20260520-left-2__20260520_132405.npz
all_left,pgy0226,left,pose_20260520-0522_run1,pgy-0226__20260520-left-3__20260520_134514.npz
all_left,pgy0226,left,pose_20260520-0522_run1,pgy-0226__20260520-left-3__20260520_134738.npz
all_left,pgy0226,left,pose_20260520-0522_run1,pgy-0226__20260520-left-4__20260520_140919.npz
all_left,pgy0226,left,pose_20260520-0522_run1,pgy-0226__20260520-left-4__20260520_141145.npz
all_left,pgy0226,left,pose_20260520-0522_run1,pgy-0226__20260520-left-4__20260520_141418.npz
all_left,pgy0226,left,pose_20260520-0522_run1,pgy-0226__20260520-left-4__20260520_141639.npz
all_left,pgy0226,left,pose_20260520-0522_run1,pgy-0226__20260520-left__20260520_113002.npz
all_left,pgy0226,left,pose_20260520-0522_run1,pgy-0226__20260520-left__20260520_113227.npz
all_left,pgy0226,left,pose_20260520-0522_run1,pgy-0226__20260520-left__20260520_113457.npz
all_left,pgy0226,left,pose_20260520-0522_run1,pgy-0226__20260520-left__20260520_113724.npz
all_left,pgy0226,left,pose_20260520-0522_run1,pgy-0226__20260520-left__20260520_114012.npz
all_left,pgy0226,left,pose_20260520-0522_run1,pgy-0226__20260520-left__20260520_114310.npz
all_left,pgy0226,left,pose_20260520-0522_run1,pgy-0226__20260520-left__20260520_114535.npz
all_left,pgy0226,left,pose_20260520-0522_run1,pgy-0226__20260520-left__20260520_114842.npz
all_left,pgy0226,left,pose_20260520-0522_run1,pgy-0226__20260520-left__20260520_115115.npz
all_left,pgy0226,left,pose_20260520-0522_run1,pgy-0226__20260520-left__20260520_115336.npz
all_left,pgy0226,left,pose_20260520-0522_run1,pgy-0226__20260520-left__20260520_165311.npz
all_left,pgy0226,left,pose_20260520-0522_run1,pgy-0226__20260520-left__20260520_165534.npz
all_left,pgy0226,left,pose_20260520-0522_run1,pgy-0226__20260520-left__20260520_165807.npz
all_left,pgy0226,left,pose_20260520-0522_run1,pgy-0226__20260520-left__20260520_170056.npz
all_left,pgy0226,left,pose_20260520-0522_run1,pgy-0226__20260520-left__20260520_170316.npz
all_left,pgy0226,left,pose_20260520-0522_run1,pgy-0226__20260520-left__20260520_170539.npz
all_left,pgy0226,left,pose_20260520-0522_run1,pgy-0226__20260520-left__20260520_170800.npz
all_left,pgy0226,left,pose_20260520-0522_run1,pgy-0226__20260520-left__20260520_171026.npz
all_left,pgy0226,left,pose_20260520-0522_run1,pgy-0226__20260520-left__20260520_171247.npz
all_left,pgy0226,left,pose_20260520-0522_run1,pgy-0226__20260520-left__20260520_171514.npz
all_left,pgy0226,left,pose_20260520-0522_run1,pgy-0226__20260520-left__20260520_171739.npz
all_left,pgy0226,left,pose_20260520-0522_run1,pgy-0226__20260520-left__20260520_171959.npz
all_left,pgy0226,left,pose_20260520-0522_run1,pgy-0226__20260520-left__20260520_172229.npz
all_left,pgy0226,left,pose_20260520-0522_run1,pgy-0226__20260520-left__20260520_172456.npz
all_left,pgy0226,left,pose_20260520-0522_run1,pgy-0226__20260520-left__20260520_172718.npz
all_left,pgy0226,left,pose_20260520-0522_run1,pgy-0226__20260520-left__20260520_172938.npz
all_left,pgy0226,left,pose_20260520-0522_run1,pgy-0226__20260520-left__20260520_173157.npz
all_left,pgy0226,left,pose_20260520-0522_run1,pgy-0226__20260520-left__20260520_173420.npz
all_left,pgy0226,left,pose_20260520-0522_run1,pgy-0226__20260520-left__20260520_173647.npz
all_left,pgy0226,left,pose_20260520-0522_run1,pgy-0226__20260520-left__20260520_173909.npz
all_left,pgy0226,left,pose_20260520-0522_run1,pgy-0226__20260520-left__20260520_180141.npz
all_left,pgy0226,left,pose_20260520-0522_run1,pgy-0226__20260520-left__20260520_180406.npz
all_left,pgy0226,left,pose_20260520-0522_run1,pgy-0226__20260520-left__20260520_180649.npz
all_left,pgy0226,left,pose_20260520-0522_run1,pgy-0226__20260520-left__20260520_180927.npz
all_left,pgy0226,left,pose_20260520-0522_run1,pgy-0226__20260520-left__20260520_181224.npz
all_left,pgy0226,left,pose_20260520-0522_run1,pgy-0226__20260520-left__20260520_181449.npz
all_left,pgy0226,left,pose_20260520-0522_run1,pgy-0226__20260520-left__20260520_181708.npz
all_left,pgy0226,left,pose_20260520-0522_run1,pgy-0226__20260520-left__20260520_181927.npz
all_left,pgy0226,left,pose_20260520-0522_run1,pgy-0226__20260520-left__20260520_182148.npz
all_left,pgy0226,left,pose_20260520-0522_run1,pgy-0226__20260520-left__20260520_182425.npz
all_left,pgy0226,left,pose_20260520-0522_run1,pgy-0226__20260520-left__20260520_182650.npz
all_left,pgy0226,left,pose_20260520-0522_run1,pgy-0226__20260520-left__20260520_182915.npz
all_left,pgy0226,left,pose_20260520-0522_run1,pgy-0226__20260520-left__20260520_183139.npz
all_left,pgy0226,left,pose_20260520-0522_run1,pgy-0226__20260520-left__20260520_183400.npz
all_left,pgy0226,left,pose_20260520-0522_run1,pgy-0226__20260520-left__20260520_183620.npz
all_left,pgy0226,left,pose_20260520-0522_run1,pgy-0226__20260520-left__20260520_183845.npz
all_left,pgy0226,left,pose_20260520-0522_run1,pgy-0226__20260520-left__20260520_184106.npz
all_left,pgy0226,left,pose_20260520-0522_run1,pgy-0226__20260520-left__20260520_184332.npz
all_left,pgy0226,left,pose_20260520-0522_run1,pgy-0226__20260520-left__20260520_184559.npz
all_left,pgy0226,left,pose_20260520-0522_run1,pgy-0226__20260520-left__20260520_184820.npz
all_left,wlm1118,left,pose_20260520-0522_run1,wlm-1118__20260522-left-2__20260522_111718.npz
all_left,wlm1118,left,pose_20260520-0522_run1,wlm-1118__20260522-left-2__20260522_111959.npz
all_left,wlm1118,left,pose_20260520-0522_run1,wlm-1118__20260522-left-2__20260522_112442.npz
all_left,wlm1118,left,pose_20260520-0522_run1,wlm-1118__20260522-left-2__20260522_112723.npz
all_left,wlm1118,left,pose_20260520-0522_run1,wlm-1118__20260522-left-2__20260522_112944.npz
all_left,wlm1118,left,pose_20260520-0522_run1,wlm-1118__20260522-left-2__20260522_154521.npz
all_left,wlm1118,left,pose_20260520-0522_run1,wlm-1118__20260522-left-2__20260522_154739.npz
all_left,wlm1118,left,pose_20260520-0522_run1,wlm-1118__20260522-left-2__20260522_154958.npz
all_left,wlm1118,left,pose_20260520-0522_run1,wlm-1118__20260522-left-2__20260522_155240.npz
all_left,wlm1118,left,pose_20260520-0522_run1,wlm-1118__20260522-left-2__20260522_155504.npz
all_left,wlm1118,left,pose_20260520-0522_run1,wlm-1118__20260522-left-2__20260522_155756.npz
all_left,wlm1118,left,pose_20260520-0522_run1,wlm-1118__20260522-left-2__20260522_160016.npz
all_left,wlm1118,left,pose_20260520-0522_run1,wlm-1118__20260522-left-2__20260522_160237.npz
all_left,wlm1118,left,pose_20260520-0522_run1,wlm-1118__20260522-left-2__20260522_160455.npz
all_left,wlm1118,left,pose_20260520-0522_run1,wlm-1118__20260522-left-2__20260522_160816.npz
all_left,wlm1118,left,pose_20260520-0522_run1,wlm-1118__20260522-left-3__20260522_114048.npz
all_left,wlm1118,left,pose_20260520-0522_run1,wlm-1118__20260522-left-3__20260522_115738.npz
all_left,wlm1118,left,pose_20260520-0522_run1,wlm-1118__20260522-left-3__20260522_131315.npz
all_left,wlm1118,left,pose_20260520-0522_run1,wlm-1118__20260522-left-3__20260522_132641.npz
all_left,wlm1118,left,pose_20260520-0522_run1,wlm-1118__20260522-left-3__20260522_133147.npz
all_left,wlm1118,left,pose_20260520-0522_run1,wlm-1118__20260522-left-3__20260522_133417.npz
all_left,wlm1118,left,pose_20260520-0522_run1,wlm-1118__20260522-left-3__20260522_133638.npz
all_left,wlm1118,left,pose_20260520-0522_run1,wlm-1118__20260522-left-3__20260522_133859.npz
all_left,wlm1118,left,pose_20260520-0522_run1,wlm-1118__20260522-left-3__20260522_134131.npz
all_left,wlm1118,left,pose_20260520-0522_run1,wlm-1118__20260522-left-3__20260522_134403.npz
all_left,wlm1118,left,pose_20260520-0522_run1,wlm-1118__20260522-left-3__20260522_134628.npz
all_left,wlm1118,left,pose_20260520-0522_run1,wlm-1118__20260522-left-3__20260522_134849.npz
all_left,wlm1118,left,pose_20260520-0522_run1,wlm-1118__20260522-left-3__20260522_135210.npz
all_left,wlm1118,left,pose_20260520-0522_run1,wlm-1118__20260522-left-3__20260522_135430.npz
all_left,wlm1118,left,pose_20260520-0522_run1,wlm-1118__20260522-left-3__20260522_135653.npz
all_left,wlm1118,left,pose_20260520-0522_run1,wlm-1118__20260522-left-3__20260522_135927.npz
all_left,wlm1118,left,pose_20260520-0522_run1,wlm-1118__20260522-left__20260522_110442.npz
all_left,wlm1118,left,pose_20260520-0522_run1,wlm-1118__20260522-left__20260522_110711.npz
all_left,wlm1118,left,pose_20260520-0522_run1,wlm-1118__20260522-left__20260522_111013.npz
all_left,wlm1118,left,pose_20260520-0522_run1,wlm-1118__20260522-left__20260522_150902.npz
all_left,wlm1118,left,pose_20260520-0522_run1,wlm-1118__20260522-left__20260522_151127.npz
all_left,wlm1118,left,pose_20260520-0522_run1,wlm-1118__20260522-left__20260522_151349.npz
all_left,wlm1118,left,pose_20260520-0522_run1,wlm-1118__20260522-left__20260522_151612.npz
all_left,wlm1118,left,pose_20260520-0522_run1,wlm-1118__20260522-left__20260522_151831.npz
all_left,wlm1118,left,pose_20260520-0522_run1,wlm-1118__20260522-left__20260522_152050.npz
all_left,wlm1118,left,pose_20260520-0522_run1,wlm-1118__20260522-left__20260522_152307.npz
all_left,wlm1118,left,pose_20260520-0522_run1,wlm-1118__20260522-left__20260522_152525.npz
all_left,wlm1118,left,pose_20260520-0522_run1,wlm-1118__20260522-left__20260522_152752.npz
all_left,wlm1118,left,pose_20260520-0522_run1,wlm-1118__20260522-left__20260522_153011.npz
all_left,wlm1118,left,pose_20260520-0522_run1,wlm-1118__20260522-left__20260522_153244.npz
all_left,wlm1118,left,pose_20260520-0522_run1,wlm-1118__20260522-left__20260522_162741.npz
all_left,wlm1118,left,pose_20260520-0522_run1,wlm-1118__20260522-left__20260522_163001.npz
all_left,wlm1118,left,pose_20260520-0522_run1,wlm-1118__20260522-left__20260522_163222.npz
all_left,wlm1118,left,pose_20260520-0522_run1,wlm-1118__20260522-left__20260522_163514.npz
all_left,wlm1118,left,pose_20260520-0522_run1,wlm-1118__20260522-left__20260522_163740.npz
all_left,wlm1118,left,pose_20260520-0522_run1,wlm-1118__20260522-left__20260522_164029.npz
all_left,wlm1118,left,pose_20260520-0522_run1,wlm-1118__20260522-left__20260522_164302.npz
all_left,wlm1118,left,pose_20260520-0522_run1,wlm-1118__20260522-left__20260522_164523.npz
all_left,wlm1118,left,pose_20260520-0522_run1,wlm-1118__20260522-left__20260522_164747.npz
all_left,wlm1118,left,pose_20260520-0522_run1,wlm-1118__20260522-left__20260522_165006.npz
all_left,wlm1118,left,pose_20260520-0522_run1,wlm-1118__20260522-left__20260522_165226.npz
all_left,wlm1118,left,pose_20260520-0522_run1,wlm-1118__20260522-left__20260522_165444.npz
all_left,wlm1118,left,pose_20260520-0522_run1,wlm-1118__20260522-left__20260522_165712.npz
all_left,wlm1118,left,pose_20260520-0522_run1,wlm-1118__20260522-left__20260522_165932.npz
all_left,wlm1118,left,pose_20260520-0522_run1,wlm-1118__20260522-left__20260522_170152.npz
all_left,wlm1118,left,pose_20260520-0522_run1,wlm-1118__20260522-left__20260522_170505.npz
all_left,wlm1118,left,pose_20260520-0522_run1,wlm-1118__20260522-left__20260522_170726.npz
all_left,wlm1118,left,pose_20260520-0522_run1,wlm-1118__20260522-left__20260522_170944.npz
all_left,wlm1118,left,pose_20260520-0522_run1,wlm-1118__20260522-left__20260522_171203.npz
all_left,wlm1118,left,pose_20260520-0522_run1,wlm-1118__20260522-left__20260522_171424.npz
all_left,zlh0320,left,pose_20260520-0522_run1,zlh-0320__20260522-left__20260522_112023.npz
all_left,zlh0320,left,pose_20260520-0522_run1,zlh-0320__20260522-left__20260522_112306.npz
all_left,zlh0320,left,pose_20260520-0522_run1,zlh-0320__20260522-left__20260522_112550.npz
all_left,zlh0320,left,pose_20260520-0522_run1,zlh-0320__20260522-left__20260522_112811.npz
all_left,zlh0320,left,pose_20260520-0522_run1,zlh-0320__20260522-left__20260522_113040.npz
all_left,zlh0320,left,pose_20260520-0522_run1,zlh-0320__20260522-left__20260522_113304.npz
all_left,zlh0320,left,pose_20260520-0522_run1,zlh-0320__20260522-left__20260522_113527.npz
all_left,zlh0320,left,pose_20260520-0522_run1,zlh-0320__20260522-left__20260522_113749.npz
all_left,zlh0320,left,pose_20260520-0522_run1,zlh-0320__20260522-left__20260522_114010.npz
all_left,zlh0320,left,pose_20260520-0522_run1,zlh-0320__20260522-left__20260522_114233.npz
all_left,zlh0320,left,pose_20260520-0522_run1,zlh-0320__20260522-left__20260522_114502.npz
all_left,zlh0320,left,pose_20260520-0522_run1,zlh-0320__20260522-left__20260522_114721.npz
all_left,zlh0320,left,pose_20260520-0522_run1,zlh-0320__20260522-left__20260522_114942.npz
all_left,zlh0320,left,pose_20260520-0522_run1,zlh-0320__20260522-left__20260522_115201.npz
all_left,zlh0320,left,pose_20260520-0522_run1,zlh-0320__20260522-left__20260522_115555.npz
all_left,zlh0320,left,pose_20260520-0522_run1,zlh-0320__20260522-left__20260522_115820.npz
all_left,zlh0320,left,pose_20260520-0522_run1,zlh-0320__20260522-left__20260522_120043.npz
all_left,zlh0320,left,pose_20260520-0522_run1,zlh-0320__20260522-left__20260522_120308.npz
all_left,zlh0320,left,pose_20260520-0522_run1,zlh-0320__20260522-left__20260522_120528.npz
all_left,zlh0320,left,pose_20260520-0522_run1,zlh-0320__20260522-left__20260522_120808.npz
all_left,zlh0320,left,pose_20260520-0522_run1,zlh-0320__20260522-left__20260522_131759.npz
all_left,zlh0320,left,pose_20260520-0522_run1,zlh-0320__20260522-left__20260522_132023.npz
all_left,zlh0320,left,pose_20260520-0522_run1,zlh-0320__20260522-left__20260522_132245.npz
all_left,zlh0320,left,pose_20260520-0522_run1,zlh-0320__20260522-left__20260522_132512.npz
all_left,zlh0320,left,pose_20260520-0522_run1,zlh-0320__20260522-left__20260522_132739.npz
all_left,zlh0320,left,pose_20260520-0522_run1,zlh-0320__20260522-left__20260522_133033.npz
all_left,zlh0320,left,pose_20260520-0522_run1,zlh-0320__20260522-left__20260522_133256.npz
all_left,zlh0320,left,pose_20260520-0522_run1,zlh-0320__20260522-left__20260522_133517.npz
all_left,zlh0320,left,pose_20260520-0522_run1,zlh-0320__20260522-left__20260522_133738.npz
all_left,zlh0320,left,pose_20260520-0522_run1,zlh-0320__20260522-left__20260522_134001.npz
all_left,zlh0320,left,pose_20260520-0522_run1,zlh-0320__20260522-left__20260522_134250.npz
all_left,zlh0320,left,pose_20260520-0522_run1,zlh-0320__20260522-left__20260522_134511.npz
all_left,zlh0320,left,pose_20260520-0522_run1,zlh-0320__20260522-left__20260522_134730.npz
all_left,zlh0320,left,pose_20260520-0522_run1,zlh-0320__20260522-left__20260522_134950.npz
all_left,zlh0320,left,pose_20260520-0522_run1,zlh-0320__20260522-left__20260522_135214.npz
all_left,zlh0320,left,pose_20260520-0522_run1,zlh-0320__20260522-left__20260522_135511.npz
all_left,zlh0320,left,pose_20260520-0522_run1,zlh-0320__20260522-left__20260522_135732.npz
all_left,zlh0320,left,pose_20260520-0522_run1,zlh-0320__20260522-left__20260522_135951.npz
all_left,zlh0320,left,pose_20260520-0522_run1,zlh-0320__20260522-left__20260522_140212.npz
all_left,zlh0320,left,pose_20260520-0522_run1,zlh-0320__20260522-left__20260522_140435.npz
all_left,zlh0320,left,pose_20260520-0522_run1,zlh-0320__20260522-left__20260522_153118.npz
all_left,zlh0320,left,pose_20260520-0522_run1,zlh-0320__20260522-left__20260522_153401.npz
all_left,zlh0320,left,pose_20260520-0522_run1,zlh-0320__20260522-left__20260522_153619.npz
all_left,zlh0320,left,pose_20260520-0522_run1,zlh-0320__20260522-left__20260522_153838.npz
all_left,zlh0320,left,pose_20260520-0522_run1,zlh-0320__20260522-left__20260522_154056.npz
all_left,zlh0320,left,pose_20260520-0522_run1,zlh-0320__20260522-left__20260522_154655.npz
all_left,zlh0320,left,pose_20260520-0522_run1,zlh-0320__20260522-left__20260522_154913.npz
all_left,zlh0320,left,pose_20260520-0522_run1,zlh-0320__20260522-left__20260522_155137.npz
all_left,zlh0320,left,pose_20260520-0522_run1,zlh-0320__20260522-left__20260522_155355.npz
all_left,zlh0320,left,pose_20260520-0522_run1,zlh-0320__20260522-left__20260522_155614.npz
all_left,zlh0320,left,pose_20260520-0522_run1,zlh-0320__20260522-left__20260522_155854.npz
all_left,zlh0320,left,pose_20260520-0522_run1,zlh-0320__20260522-left__20260522_160113.npz
all_left,zlh0320,left,pose_20260520-0522_run1,zlh-0320__20260522-left__20260522_160331.npz
all_left,zlh0320,left,pose_20260520-0522_run1,zlh-0320__20260522-left__20260522_160549.npz
all_left,zlh0320,left,pose_20260520-0522_run1,zlh-0320__20260522-left__20260522_160809.npz
all_left,zlh0320,left,pose_20260520-0522_run1,zlh-0320__20260522-left__20260522_161049.npz
all_left,zlh0320,left,pose_20260520-0522_run1,zlh-0320__20260522-left__20260522_161312.npz
all_left,zlh0320,left,pose_20260520-0522_run1,zlh-0320__20260522-left__20260522_161529.npz
all_left,zlh0320,left,pose_20260520-0522_run1,zlh-0320__20260522-left__20260522_161826.npz
all_left,zlh0320,left,pose_20260520-0522_run1,zlh-0320__20260522-left__20260522_162044.npz
all_left,zrh0313,left,pose_20260520-0522_run1,zrh-0313__20260520-left-2__20260520_111855.npz
all_left,zrh0313,left,pose_20260520-0522_run1,zrh-0313__20260520-left-2__20260520_112451.npz
all_left,zrh0313,left,pose_20260520-0522_run1,zrh-0313__20260520-left-3__20260520_112821.npz
all_left,zrh0313,left,pose_20260520-0522_run1,zrh-0313__20260520-left-3__20260520_113127.npz
all_left,zrh0313,left,pose_20260520-0522_run1,zrh-0313__20260520-left__20260520_102437.npz
all_left,zrh0313,left,pose_20260520-0522_run1,zrh-0313__20260520-left__20260520_102824.npz
all_left,zrh0313,left,pose_20260520-0522_run1,zrh-0313__20260520-left__20260520_103131.npz
all_left,zrh0313,left,pose_20260520-0522_run1,zrh-0313__20260520-left__20260520_103658.npz
all_left,zrh0313,left,pose_20260520-0522_run1,zrh-0313__20260520-left__20260520_103920.npz
all_left,zrh0313,left,pose_20260520-0522_run1,zrh-0313__20260520-left__20260520_104206.npz
all_left,zrh0313,left,pose_20260520-0522_run1,zrh-0313__20260520-left__20260520_104518.npz
all_left,zrh0313,left,pose_20260520-0522_run1,zrh-0313__20260520-left__20260520_104847.npz
all_left,zrh0313,left,pose_20260520-0522_run1,zrh-0313__20260520-left__20260520_105254.npz
all_left,zrh0313,left,pose_20260520-0522_run1,zrh-0313__20260520-left__20260520_105517.npz
all_left,zrh0313,left,pose_20260520-0522_run1,zrh-0313__20260520-left__20260520_105750.npz
all_left,zrh0313,left,pose_20260520-0522_run1,zrh-0313__20260520-left__20260520_110125.npz
all_left,zrh0313,left,pose_20260520-0522_run1,zrh-0313__20260520-left__20260520_110347.npz
all_left,zrh0313,left,pose_20260520-0522_run1,zrh-0313__20260520-left__20260520_110645.npz
all_left,zrh0313,left,pose_20260520-0522_run1,zrh-0313__20260520-left__20260520_110934.npz
all_left,zrh0313,left,pose_20260520-0522_run1,zrh-0313__20260520-left__20260520_111205.npz
all_left,zxw1211,left,pose_20260520-0522_run1,zxw-1211__20260521-left__20260521_163820.npz
all_left,zxw1211,left,pose_20260520-0522_run1,zxw-1211__20260521-left__20260521_164049.npz
all_left,zxw1211,left,pose_20260520-0522_run1,zxw-1211__20260521-left__20260521_164320.npz
all_left,zxw1211,left,pose_20260520-0522_run1,zxw-1211__20260521-left__20260521_164604.npz
all_left,zxw1211,left,pose_20260520-0522_run1,zxw-1211__20260521-left__20260521_164831.npz
all_left,zxw1211,left,pose_20260520-0522_run1,zxw-1211__20260521-left__20260521_165106.npz
all_left,zxw1211,left,pose_20260520-0522_run1,zxw-1211__20260521-left__20260521_165401.npz
all_left,zxw1211,left,pose_20260520-0522_run1,zxw-1211__20260521-left__20260521_165639.npz
all_left,zxw1211,left,pose_20260520-0522_run1,zxw-1211__20260521-left__20260521_165920.npz
all_left,zxw1211,left,pose_20260520-0522_run1,zxw-1211__20260521-left__20260521_170152.npz
all_left,zxw1211,left,pose_20260520-0522_run1,zxw-1211__20260521-left__20260521_170723.npz
all_left,zxw1211,left,pose_20260520-0522_run1,zxw-1211__20260521-left__20260521_170957.npz
all_left,zxw1211,left,pose_20260520-0522_run1,zxw-1211__20260521-left__20260521_171225.npz
all_left,zxw1211,left,pose_20260520-0522_run1,zxw-1211__20260521-left__20260521_171455.npz
all_left,zxw1211,left,pose_20260520-0522_run1,zxw-1211__20260521-left__20260521_171727.npz
all_left,zxw1211,left,pose_20260520-0522_run1,zxw-1211__20260521-left__20260521_171959.npz
all_left,zxw1211,left,pose_20260520-0522_run1,zxw-1211__20260521-left__20260521_172228.npz
all_left,zxw1211,left,pose_20260520-0522_run1,zxw-1211__20260521-left__20260521_172513.npz
all_left,zxw1211,left,pose_20260520-0522_run1,zxw-1211__20260521-left__20260521_172755.npz
all_left,zxw1211,left,pose_20260520-0522_run1,zxw-1211__20260521-left__20260521_173019.npz
all_left,zxw1211,left,pose_20260520-0522_run1,zxw-1211__20260521-left__20260521_174257.npz
all_left,zxw1211,left,pose_20260520-0522_run1,zxw-1211__20260521-left__20260521_174716.npz
all_left,zxw1211,left,pose_20260520-0522_run1,zxw-1211__20260521-left__20260521_175009.npz
all_left,zxw1211,left,pose_20260520-0522_run1,zxw-1211__20260521-left__20260521_175244.npz
all_left,zxw1211,left,pose_20260520-0522_run1,zxw-1211__20260521-left__20260521_175510.npz
all_left,zxw1211,left,pose_20260520-0522_run1,zxw-1211__20260521-left__20260521_180613.npz
all_left,zxw1211,left,pose_20260520-0522_run1,zxw-1211__20260521-left__20260521_180930.npz
all_left,zxw1211,left,pose_20260520-0522_run1,zxw-1211__20260521-left__20260521_181238.npz
all_left,zxw1211,left,pose_20260520-0522_run1,zxw-1211__20260521-left__20260521_181620.npz
all_left,zxw1211,left,pose_20260520-0522_run1,zxw-1211__20260521-left__20260521_182212.npz
all_left,zxw1211,left,pose_20260520-0522_run1,zxw-1211__20260521-left__20260521_182434.npz
all_left,zxw1211,left,pose_20260520-0522_run1,zxw-1211__20260521-left__20260521_182704.npz
all_left,zxw1211,left,pose_20260520-0522_run1,zxw-1211__20260521-left__20260521_182930.npz
all_left,zxw1211,left,pose_20260520-0522_run1,zxw-1211__20260521-left__20260521_183157.npz
all_left,zxw1211,left,pose_20260520-0522_run1,zxw-1211__20260521-left__20260521_183425.npz
all_left,zxw1211,left,pose_20260520-0522_run1,zxw-1211__20260521-left__20260521_183721.npz
all_left,zxw1211,left,pose_20260520-0522_run1,zxw-1211__20260521-left__20260521_183951.npz
all_left,zxw1211,left,pose_20260520-0522_run1,zxw-1211__20260521-left__20260521_192059.npz
all_left,zxw1211,left,pose_20260520-0522_run1,zxw-1211__20260521-left__20260521_192404.npz
all_left,zxw1211,left,pose_20260520-0522_run1,zxw-1211__20260521-left__20260521_192642.npz
all_left,zxw1211,left,pose_20260520-0522_run1,zxw-1211__20260521-left__20260521_193942.npz
all_left,zxw1211,left,pose_20260520-0522_run1,zxw-1211__20260521-left__20260521_194209.npz
all_left,zxw1211,left,pose_20260520-0522_run1,zxw-1211__20260521-left__20260521_194656.npz
all_left,zxw1211,left,pose_20260520-0522_run1,zxw-1211__20260521-left__20260521_194918.npz
all_left,zxw1211,left,pose_20260520-0522_run1,zxw-1211__20260521-left__20260521_195145.npz
all_left,zxw1211,left,pose_20260520-0522_run1,zxw-1211__20260521-left__20260521_195414.npz
all_left,zxw1211,left,pose_20260520-0522_run1,zxw-1211__20260521-left__20260521_195638.npz
all_left,zxw1211,left,pose_20260520-0522_run1,zxw-1211__20260521-left__20260521_201148.npz
all_left,zxw1211,left,pose_20260520-0522_run1,zxw-1211__20260521-left__20260521_201423.npz
all_left,zxw1211,left,pose_20260520-0522_run1,zxw-1211__20260521-left__20260521_201657.npz
all_left,zxw1211,left,pose_20260520-0522_run1,zxw-1211__20260521-left__20260521_201927.npz
all_left,zxw1211,left,pose_20260520-0522_run1,zxw-1211__20260521-left__20260521_202241.npz
all_left,zxw1211,left,pose_20260520-0522_run1,zxw-1211__20260521-left__20260521_202505.npz
all_left,zxw1211,left,pose_20260520-0522_run1,zxw-1211__20260521-left__20260521_202728.npz
all_left,zxw1211,left,pose_20260520-0522_run1,zxw-1211__20260521-left__20260521_203028.npz
all_left,zxw1211,left,pose_20260520-0522_run1,zxw-1211__20260521-left__20260521_203252.npz
all_left,zxw1211,left,pose_20260520-0522_run1,zxw-1211__20260521-left__20260521_203523.npz
all_left,zxw1211,left,pose_20260520-0522_run1,zxw-1211__20260521-left__20260521_203749.npz
all_left,zxw1211,left,pose_20260520-0522_run1,zxw-1211__20260521-left__20260521_204029.npz
all_left,zxw1211,left,pose_20260520-0522_run1,zxw-1211__20260521-left__20260521_204253.npz
all_left,zyb0201,left,pose_20260520-0522_run1,zyb-0201__20260520-left__20260520_100614.npz
all_left,zyb0201,left,pose_20260520-0522_run1,zyb-0201__20260520-left__20260520_100842.npz
all_left,zyb0201,left,pose_20260520-0522_run1,zyb-0201__20260520-left__20260520_101104.npz
all_left,zyb0201,left,pose_20260520-0522_run1,zyb-0201__20260520-left__20260520_101327.npz
all_left,zyb0201,left,pose_20260520-0522_run1,zyb-0201__20260520-left__20260520_101620.npz
all_left,zyb0201,left,pose_20260520-0522_run1,zyb-0201__20260520-left__20260520_101849.npz
all_left,zyb0201,left,pose_20260520-0522_run1,zyb-0201__20260520-left__20260520_102124.npz
all_left,zyb0201,left,pose_20260520-0522_run1,zyb-0201__20260520-left__20260520_102354.npz
all_left,zyb0201,left,pose_20260520-0522_run1,zyb-0201__20260520-left__20260520_102624.npz
all_left,zyb0201,left,pose_20260520-0522_run1,zyb-0201__20260520-left__20260520_102844.npz
all_left,zyb0201,left,pose_20260520-0522_run1,zyb-0201__20260520-left__20260520_103140.npz
all_left,zyb0201,left,pose_20260520-0522_run1,zyb-0201__20260520-left__20260520_103417.npz
all_left,zyb0201,left,pose_20260520-0522_run1,zyb-0201__20260520-left__20260520_103640.npz
all_left,zyb0201,left,pose_20260520-0522_run1,zyb-0201__20260520-left__20260520_103906.npz
all_left,zyb0201,left,pose_20260520-0522_run1,zyb-0201__20260520-left__20260520_104140.npz
all_left,zyb0201,left,pose_20260520-0522_run1,zyb-0201__20260520-left__20260520_104758.npz
all_left,zyb0201,left,pose_20260520-0522_run1,zyb-0201__20260520-left__20260520_105019.npz
all_left,zyb0201,left,pose_20260520-0522_run1,zyb-0201__20260520-left__20260520_105242.npz
all_left,zyb0201,left,pose_20260520-0522_run1,zyb-0201__20260520-left__20260520_105503.npz
all_left,zyb0201,left,pose_20260520-0522_run1,zyb-0201__20260520-left__20260520_105741.npz
all_left,wjh0111,left,wjh0111_0502_left,wjh-0111__20260502-left-2__20260502_105005.npz
all_left,wjh0111,left,wjh0111_0502_left,wjh-0111__20260502-left-2__20260502_105224.npz
all_left,wjh0111,left,wjh0111_0502_left,wjh-0111__20260502-left-2__20260502_105439.npz
all_left,wjh0111,left,wjh0111_0502_left,wjh-0111__20260502-left-2__20260502_105657.npz
all_left,wjh0111,left,wjh0111_0502_left,wjh-0111__20260502-left-2__20260502_105915.npz
all_left,wjh0111,left,wjh0111_0502_left,wjh-0111__20260502-left-2__20260502_110131.npz
all_left,wjh0111,left,wjh0111_0502_left,wjh-0111__20260502-left-2__20260502_110346.npz
all_left,wjh0111,left,wjh0111_0502_left,wjh-0111__20260502-left-2__20260502_110600.npz
all_left,wjh0111,left,wjh0111_0502_left,wjh-0111__20260502-left-2__20260502_110814.npz
all_left,wjh0111,left,wjh0111_0502_left,wjh-0111__20260502-left-2__20260502_111032.npz
all_left,wjh0111,left,wjh0111_0502_left,wjh-0111__20260502-left-2__20260502_111246.npz
all_left,wjh0111,left,wjh0111_0502_left,wjh-0111__20260502-left-2__20260502_111500.npz
all_left,wjh0111,left,wjh0111_0502_left,wjh-0111__20260502-left-2__20260502_111713.npz
all_left,wjh0111,left,wjh0111_0502_left,wjh-0111__20260502-left-2__20260502_111928.npz
all_left,wjh0111,left,wjh0111_0502_left,wjh-0111__20260502-left-2__20260502_112206.npz
all_left,wjh0111,left,wjh0111_0502_left,wjh-0111__20260502-left-2__20260502_112420.npz
all_left,wjh0111,left,wjh0111_0502_left,wjh-0111__20260502-left-2__20260502_112633.npz
all_left,wjh0111,left,wjh0111_0502_left,wjh-0111__20260502-left-2__20260502_112849.npz
all_left,wjh0111,left,wjh0111_0502_left,wjh-0111__20260502-left-2__20260502_113225.npz
all_left,wjh0111,left,wjh0111_0502_left,wjh-0111__20260502-left-2__20260502_113440.npz
all_left,wjh0111,left,wjh0111_0502_left,wjh-0111__20260502-left-2__20260502_113701.npz
all_left,wjh0111,left,wjh0111_0502_left,wjh-0111__20260502-left-2__20260502_113915.npz
all_left,wjh0111,left,wjh0111_0502_left,wjh-0111__20260502-left-2__20260502_114129.npz
all_left,wjh0111,left,wjh0111_0502_left,wjh-0111__20260502-left-2__20260502_114343.npz
all_left,wjh0111,left,wjh0111_0502_left,wjh-0111__20260502-left-2__20260502_114611.npz
all_left,wjh0111,left,wjh0111_0502_left,wjh-0111__20260502-left-2__20260502_114827.npz
all_left,wjh0111,left,wjh0111_0502_left,wjh-0111__20260502-left-2__20260502_115042.npz
all_left,wjh0111,left,wjh0111_0502_left,wjh-0111__20260502-left-2__20260502_115256.npz
all_left,wjh0111,left,wjh0111_0502_left,wjh-0111__20260502-left-2__20260502_115510.npz
all_left,wjh0111,left,wjh0111_0502_left,wjh-0111__20260502-left-2__20260502_115725.npz
all_left,wjh0111,left,wjh0111_0502_left,wjh-0111__20260502-left-2__20260502_115938.npz
all_left,wjh0111,left,wjh0111_0502_left,wjh-0111__20260502-left-3__20260502_130433.npz
all_left,wjh0111,left,wjh0111_0502_left,wjh-0111__20260502-left-3__20260502_130653.npz
all_left,wjh0111,left,wjh0111_0502_left,wjh-0111__20260502-left-3__20260502_130908.npz
all_left,wjh0111,left,wjh0111_0502_left,wjh-0111__20260502-left-3__20260502_131125.npz
all_left,wjh0111,left,wjh0111_0502_left,wjh-0111__20260502-left-3__20260502_131340.npz
all_left,wjh0111,left,wjh0111_0502_left,wjh-0111__20260502-left-3__20260502_131556.npz
all_left,wjh0111,left,wjh0111_0502_left,wjh-0111__20260502-left-3__20260502_131810.npz
all_left,wjh0111,left,wjh0111_0502_left,wjh-0111__20260502-left-3__20260502_132035.npz
all_left,wjh0111,left,wjh0111_0502_left,wjh-0111__20260502-left-3__20260502_132313.npz
all_left,wjh0111,left,wjh0111_0502_left,wjh-0111__20260502-left-3__20260502_132528.npz
all_left,wjh0111,left,wjh0111_0502_left,wjh-0111__20260502-left-3__20260502_132743.npz
all_left,wjh0111,left,wjh0111_0502_left,wjh-0111__20260502-left-3__20260502_133001.npz
all_left,wjh0111,left,wjh0111_0502_left,wjh-0111__20260502-left-3__20260502_133214.npz
all_left,wjh0111,left,wjh0111_0502_left,wjh-0111__20260502-left-3__20260502_133428.npz
all_left,wjh0111,left,wjh0111_0502_left,wjh-0111__20260502-left-3__20260502_133641.npz
all_left,wjh0111,left,wjh0111_0502_left,wjh-0111__20260502-left-3__20260502_133856.npz
all_left,wjh0111,left,wjh0111_0502_left,wjh-0111__20260502-left-3__20260502_134121.npz
all_left,wjh0111,left,wjh0111_0502_left,wjh-0111__20260502-left-3__20260502_134335.npz
all_left,wjh0111,left,wjh0111_0502_left,wjh-0111__20260502-left-3__20260502_134549.npz
all_left,wjh0111,left,wjh0111_0502_left,wjh-0111__20260502-left-3__20260502_134802.npz
all_left,wjh0111,left,wjh0111_0502_left,wjh-0111__20260502-left-3__20260502_135016.npz
all_left,wjh0111,left,wjh0111_0502_left,wjh-0111__20260502-left-3__20260502_135231.npz
all_left,wjh0111,left,wjh0111_0502_left,wjh-0111__20260502-left-3__20260502_135447.npz
all_left,wjh0111,left,wjh0111_0502_left,wjh-0111__20260502-left-3__20260502_135703.npz
all_left,wjh0111,left,wjh0111_0502_left,wjh-0111__20260502-left-3__20260502_135918.npz
all_left,wjh0111,left,wjh0111_0502_left,wjh-0111__20260502-left-3__20260502_140132.npz
all_left,wjh0111,left,wjh0111_0502_left,wjh-0111__20260502-left-3__20260502_140347.npz
all_left,wjh0111,left,wjh0111_0502_left,wjh-0111__20260502-left-3__20260502_140601.npz
all_left,wjh0111,left,wjh0111_0502_left,wjh-0111__20260502-left-3__20260502_140814.npz
all_left,wjh0111,left,wjh0111_0502_left,wjh-0111__20260502-left-3__20260502_141039.npz
all_left,wjh0111,left,wjh0111_0502_left,wjh-0111__20260502-left-3__20260502_141255.npz
all_left,wjh0111,left,wjh0111_0502_left,wjh-0111__20260502-left-3__20260502_141510.npz
all_left,wjh0111,left,wjh0111_0502_left,wjh-0111__20260502-left-3__20260502_141724.npz
all_left,wjh0111,left,wjh0111_0502_left,wjh-0111__20260502-left-3__20260502_141941.npz
all_left,wjh0111,left,wjh0111_0502_left,wjh-0111__20260502-left-3__20260502_142156.npz
all_left,wjh0111,left,wjh0111_0502_left,wjh-0111__20260502-left-3__20260502_142410.npz
all_left,wjh0111,left,wjh0111_0502_left,wjh-0111__20260502-left-3__20260502_142624.npz
all_left,wjh0111,left,wjh0111_0502_left,wjh-0111__20260502-left-3__20260502_142840.npz
all_left,wjh0111,left,wjh0111_0502_left,wjh-0111__20260502-left-3__20260502_143054.npz
all_left,wjh0111,left,wjh0111_0502_left,wjh-0111__20260502-left-3__20260502_143309.npz
all_left,wjh0111,left,wjh0111_0502_left,wjh-0111__20260502-left-4__20260502_150608.npz
all_left,wjh0111,left,wjh0111_0502_left,wjh-0111__20260502-left-4__20260502_150825.npz
all_left,wjh0111,left,wjh0111_0502_left,wjh-0111__20260502-left-4__20260502_151052.npz
all_left,wjh0111,left,wjh0111_0502_left,wjh-0111__20260502-left-5__20260502_151935.npz
all_left,wjh0111,left,wjh0111_0502_left,wjh-0111__20260502-left-5__20260502_152157.npz
all_left,wjh0111,left,wjh0111_0502_left,wjh-0111__20260502-left-5__20260502_152447.npz
all_left,wjh0111,left,wjh0111_0502_left,wjh-0111__20260502-left-5__20260502_152702.npz
all_left,wjh0111,left,wjh0111_0502_left,wjh-0111__20260502-left-5__20260502_152950.npz
all_left,wjh0111,left,wjh0111_0502_left,wjh-0111__20260502-left-5__20260502_153214.npz
all_left,wjh0111,left,wjh0111_0502_left,wjh-0111__20260502-left-5__20260502_153427.npz
all_left,wjh0111,left,wjh0111_0502_left,wjh-0111__20260502-left-5__20260502_153737.npz
all_left,wjh0111,left,wjh0111_0502_left,wjh-0111__20260502-left-5__20260502_154000.npz
all_left,wjh0111,left,wjh0111_0502_left,wjh-0111__20260502-left-5__20260502_154214.npz
all_left,wjh0111,left,wjh0111_0502_left,wjh-0111__20260502-left-5__20260502_154430.npz
all_left,wjh0111,left,wjh0111_0502_left,wjh-0111__20260502-left-5__20260502_154645.npz
all_left,wjh0111,left,wjh0111_0502_left,wjh-0111__20260502-left-5__20260502_154859.npz
all_left,wjh0111,left,wjh0111_0502_left,wjh-0111__20260502-left-5__20260502_155113.npz
all_left,wjh0111,left,wjh0111_0502_left,wjh-0111__20260502-left-5__20260502_155327.npz
all_left,wjh0111,left,wjh0111_0502_left,wjh-0111__20260502-left-5__20260502_155543.npz
all_left,wjh0111,left,wjh0111_0502_left,wjh-0111__20260502-left-5__20260502_155800.npz
all_left,wjh0111,left,wjh0111_0502_left,wjh-0111__20260502-left-5__20260502_160014.npz
all_left,wjh0111,left,wjh0111_0502_left,wjh-0111__20260502-left-5__20260502_160228.npz
all_left,wjh0111,left,wjh0111_0502_left,wjh-0111__20260502-left-5__20260502_160452.npz
all_left,wjh0111,left,wjh0111_0502_left,wjh-0111__20260502-left-6__20260502_161814.npz
all_left,wjh0111,left,wjh0111_0502_left,wjh-0111__20260502-left-6__20260502_162028.npz
all_left,wjh0111,left,wjh0111_0502_left,wjh-0111__20260502-left-6__20260502_162243.npz
all_left,wjh0111,left,wjh0111_0502_left,wjh-0111__20260502-left-6__20260502_162456.npz
all_left,wjh0111,left,wjh0111_0502_left,wjh-0111__20260502-left-6__20260502_162709.npz
all_left,wjh0111,left,wjh0111_0502_left,wjh-0111__20260502-left-6__20260502_162924.npz
all_left,wjh0111,left,wjh0111_0502_left,wjh-0111__20260502-left-6__20260502_163140.npz
all_left,wjh0111,left,wjh0111_0502_left,wjh-0111__20260502-left-6__20260502_163354.npz
all_left,wjh0111,left,wjh0111_0502_left,wjh-0111__20260502-left-6__20260502_163607.npz
all_left,wjh0111,left,wjh0111_0502_left,wjh-0111__20260502-left-6__20260502_163823.npz
all_left,wjh0111,left,wjh0111_0502_left,wjh-0111__20260502-left-6__20260502_164045.npz
all_left,wjh0111,left,wjh0111_0502_left,wjh-0111__20260502-left-6__20260502_164259.npz
all_left,wjh0111,left,wjh0111_0502_left,wjh-0111__20260502-left-6__20260502_164513.npz
all_left,wjh0111,left,wjh0111_0502_left,wjh-0111__20260502-left-6__20260502_164728.npz
all_left,wjh0111,left,wjh0111_0502_left,wjh-0111__20260502-left-6__20260502_164943.npz
all_left,wjh0111,left,wjh0111_0502_left,wjh-0111__20260502-left-6__20260502_165200.npz
all_left,wjh0111,left,wjh0111_0502_left,wjh-0111__20260502-left-6__20260502_165412.npz
all_left,wjh0111,left,wjh0111_0502_left,wjh-0111__20260502-left-6__20260502_165627.npz
all_left,wjh0111,left,wjh0111_0502_left,wjh-0111__20260502-left-6__20260502_165841.npz
all_left,wjh0111,left,wjh0111_0502_left,wjh-0111__20260502-left-6__20260502_170055.npz
all_left,wjh0111,left,wjh0111_0502_left,wjh-0111__20260502-left-6__20260502_170311.npz
all_left,wjh0111,left,wjh0111_0502_left,wjh-0111__20260502-left-6__20260502_170526.npz
all_left,wjh0111,left,wjh0111_0502_left,wjh-0111__20260502-left-6__20260502_170745.npz
all_left,wjh0111,left,wjh0111_0502_left,wjh-0111__20260502-left-6__20260502_171005.npz
all_left,wjh0111,left,wjh0111_0502_left,wjh-0111__20260502-left-6__20260502_171220.npz
all_left,wjh0111,left,wjh0111_0502_left,wjh-0111__20260502-left-6__20260502_171441.npz
all_left,wjh0111,left,wjh0111_0502_left,wjh-0111__20260502-left-6__20260502_171656.npz
all_left,wjh0111,left,wjh0111_0502_left,wjh-0111__20260502-left-6__20260502_171909.npz
all_left,wjh0111,left,wjh0111_0502_left,wjh-0111__20260502-left-6__20260502_172126.npz
all_left,wjh0111,left,wjh0111_0502_left,wjh-0111__20260502-left__20260502_104106.npz
all_left,wjh0111,left,wjh0111_0502_left,wjh-0111__20260502-left__20260502_104400.npz
all_left,wjh0111,left,wjh0111_0502_left,wjh-0111__20260502-left__20260502_104645.npz
all_left,wxg0901,left,wxg0901_0501_run1,wxg-0901__20260501-left-2__20260501_131821.npz
all_left,wxg0901,left,wxg0901_0501_run1,wxg-0901__20260501-left-2__20260501_132036.npz
all_left,wxg0901,left,wxg0901_0501_run1,wxg-0901__20260501-left-2__20260501_132251.npz
all_left,wxg0901,left,wxg0901_0501_run1,wxg-0901__20260501-left-2__20260501_132506.npz
all_left,wxg0901,left,wxg0901_0501_run1,wxg-0901__20260501-left-2__20260501_132723.npz
all_left,wxg0901,left,wxg0901_0501_run1,wxg-0901__20260501-left-2__20260501_133019.npz
all_left,wxg0901,left,wxg0901_0501_run1,wxg-0901__20260501-left-2__20260501_133234.npz
all_left,wxg0901,left,wxg0901_0501_run1,wxg-0901__20260501-left-2__20260501_133448.npz
all_left,wxg0901,left,wxg0901_0501_run1,wxg-0901__20260501-left-2__20260501_133702.npz
all_left,wxg0901,left,wxg0901_0501_run1,wxg-0901__20260501-left-2__20260501_133918.npz
all_left,wxg0901,left,wxg0901_0501_run1,wxg-0901__20260501-left-2__20260501_134133.npz
all_left,wxg0901,left,wxg0901_0501_run1,wxg-0901__20260501-left-2__20260501_134347.npz
all_left,wxg0901,left,wxg0901_0501_run1,wxg-0901__20260501-left-2__20260501_134605.npz
all_left,wxg0901,left,wxg0901_0501_run1,wxg-0901__20260501-left-2__20260501_134819.npz
all_left,wxg0901,left,wxg0901_0501_run1,wxg-0901__20260501-left-2__20260501_135033.npz
all_left,wxg0901,left,wxg0901_0501_run1,wxg-0901__20260501-left-2__20260501_135247.npz
all_left,wxg0901,left,wxg0901_0501_run1,wxg-0901__20260501-left-2__20260501_135503.npz
all_left,wxg0901,left,wxg0901_0501_run1,wxg-0901__20260501-left-2__20260501_135717.npz
all_left,wxg0901,left,wxg0901_0501_run1,wxg-0901__20260501-left-2__20260501_135932.npz
all_left,wxg0901,left,wxg0901_0501_run1,wxg-0901__20260501-left-2__20260501_140149.npz
all_left,wxg0901,left,wxg0901_0501_run1,wxg-0901__20260501-left-2__20260501_140405.npz
all_left,wxg0901,left,wxg0901_0501_run1,wxg-0901__20260501-left-2__20260501_140630.npz
all_left,wxg0901,left,wxg0901_0501_run1,wxg-0901__20260501-left-2__20260501_140846.npz
all_left,wxg0901,left,wxg0901_0501_run1,wxg-0901__20260501-left-2__20260501_141102.npz
all_left,wxg0901,left,wxg0901_0501_run1,wxg-0901__20260501-left-2__20260501_141320.npz
all_left,wxg0901,left,wxg0901_0501_run1,wxg-0901__20260501-left-2__20260501_141632.npz
all_left,wxg0901,left,wxg0901_0501_run1,wxg-0901__20260501-left-2__20260501_141847.npz
all_left,wxg0901,left,wxg0901_0501_run1,wxg-0901__20260501-left-2__20260501_142104.npz
all_left,wxg0901,left,wxg0901_0501_run1,wxg-0901__20260501-left-2__20260501_142327.npz
all_left,wxg0901,left,wxg0901_0501_run1,wxg-0901__20260501-left-2__20260501_183803.npz
all_left,wxg0901,left,wxg0901_0501_run1,wxg-0901__20260501-left-2__20260501_184020.npz
all_left,wxg0901,left,wxg0901_0501_run1,wxg-0901__20260501-left-2__20260501_184237.npz
all_left,wxg0901,left,wxg0901_0501_run1,wxg-0901__20260501-left-2__20260501_184453.npz
all_left,wxg0901,left,wxg0901_0501_run1,wxg-0901__20260501-left-2__20260501_184735.npz
all_left,wxg0901,left,wxg0901_0501_run1,wxg-0901__20260501-left-2__20260501_184954.npz
all_left,wxg0901,left,wxg0901_0501_run1,wxg-0901__20260501-left-2__20260501_185212.npz
all_left,wxg0901,left,wxg0901_0501_run1,wxg-0901__20260501-left-2__20260501_185430.npz
all_left,wxg0901,left,wxg0901_0501_run1,wxg-0901__20260501-left-3__20260501_145517.npz
all_left,wxg0901,left,wxg0901_0501_run1,wxg-0901__20260501-left-3__20260501_145734.npz
all_left,wxg0901,left,wxg0901_0501_run1,wxg-0901__20260501-left-3__20260501_145953.npz
all_left,wxg0901,left,wxg0901_0501_run1,wxg-0901__20260501-left-3__20260501_150208.npz
all_left,wxg0901,left,wxg0901_0501_run1,wxg-0901__20260501-left-3__20260501_150425.npz
all_left,wxg0901,left,wxg0901_0501_run1,wxg-0901__20260501-left-3__20260501_150641.npz
all_left,wxg0901,left,wxg0901_0501_run1,wxg-0901__20260501-left-3__20260501_150855.npz
all_left,wxg0901,left,wxg0901_0501_run1,wxg-0901__20260501-left-3__20260501_151109.npz
all_left,wxg0901,left,wxg0901_0501_run1,wxg-0901__20260501-left-3__20260501_151324.npz
all_left,wxg0901,left,wxg0901_0501_run1,wxg-0901__20260501-left-3__20260501_151537.npz
all_left,wxg0901,left,wxg0901_0501_run1,wxg-0901__20260501-left-3__20260501_151751.npz
all_left,wxg0901,left,wxg0901_0501_run1,wxg-0901__20260501-left-3__20260501_152007.npz
all_left,wxg0901,left,wxg0901_0501_run1,wxg-0901__20260501-left-3__20260501_152223.npz
all_left,wxg0901,left,wxg0901_0501_run1,wxg-0901__20260501-left-3__20260501_152438.npz
all_left,wxg0901,left,wxg0901_0501_run1,wxg-0901__20260501-left-3__20260501_152656.npz
all_left,wxg0901,left,wxg0901_0501_run1,wxg-0901__20260501-left-3__20260501_152913.npz
all_left,wxg0901,left,wxg0901_0501_run1,wxg-0901__20260501-left-3__20260501_153129.npz
all_left,wxg0901,left,wxg0901_0501_run1,wxg-0901__20260501-left-3__20260501_153343.npz
all_left,wxg0901,left,wxg0901_0501_run1,wxg-0901__20260501-left-3__20260501_153601.npz
all_left,wxg0901,left,wxg0901_0501_run1,wxg-0901__20260501-left-3__20260501_153816.npz
all_left,wxg0901,left,wxg0901_0501_run1,wxg-0901__20260501-left-3__20260501_154034.npz
all_left,wxg0901,left,wxg0901_0501_run1,wxg-0901__20260501-left-3__20260501_154318.npz
all_left,wxg0901,left,wxg0901_0501_run1,wxg-0901__20260501-left-3__20260501_154533.npz
all_left,wxg0901,left,wxg0901_0501_run1,wxg-0901__20260501-left-3__20260501_154747.npz
all_left,wxg0901,left,wxg0901_0501_run1,wxg-0901__20260501-left-3__20260501_155000.npz
all_left,wxg0901,left,wxg0901_0501_run1,wxg-0901__20260501-left-3__20260501_155214.npz
all_left,wxg0901,left,wxg0901_0501_run1,wxg-0901__20260501-left-3__20260501_155428.npz
all_left,wxg0901,left,wxg0901_0501_run1,wxg-0901__20260501-left-3__20260501_155642.npz
all_left,wxg0901,left,wxg0901_0501_run1,wxg-0901__20260501-left-3__20260501_155857.npz
all_left,wxg0901,left,wxg0901_0501_run1,wxg-0901__20260501-left-3__20260501_160114.npz
all_left,wxg0901,left,wxg0901_0501_run1,wxg-0901__20260501-left-3__20260501_160331.npz
all_left,wxg0901,left,wxg0901_0501_run1,wxg-0901__20260501-left-3__20260501_160545.npz
all_left,wxg0901,left,wxg0901_0501_run1,wxg-0901__20260501-left-3__20260501_160805.npz
all_left,wxg0901,left,wxg0901_0501_run1,wxg-0901__20260501-left-3__20260501_161023.npz
all_left,wxg0901,left,wxg0901_0501_run1,wxg-0901__20260501-left-3__20260501_161240.npz
all_left,wxg0901,left,wxg0901_0501_run1,wxg-0901__20260501-left-3__20260501_161458.npz
all_left,wxg0901,left,wxg0901_0501_run1,wxg-0901__20260501-left-3__20260501_161718.npz
all_left,wxg0901,left,wxg0901_0501_run1,wxg-0901__20260501-left__20260501_113801.npz
all_left,wxg0901,left,wxg0901_0501_run1,wxg-0901__20260501-left__20260501_114017.npz
all_left,wxg0901,left,wxg0901_0501_run1,wxg-0901__20260501-left__20260501_114232.npz
all_left,wxg0901,left,wxg0901_0501_run1,wxg-0901__20260501-left__20260501_114851.npz
all_left,wxg0901,left,wxg0901_0501_run1,wxg-0901__20260501-left__20260501_115108.npz
all_left,wxg0901,left,wxg0901_0501_run1,wxg-0901__20260501-left__20260501_115323.npz
all_left,wxg0901,left,wxg0901_0501_run1,wxg-0901__20260501-left__20260501_115542.npz
all_left,wxg0901,left,wxg0901_0501_run1,wxg-0901__20260501-left__20260501_115758.npz
all_left,wxg0901,left,wxg0901_0501_run1,wxg-0901__20260501-left__20260501_175109.npz
all_left,wxg0901,left,wxg0901_0501_run1,wxg-0901__20260501-left__20260501_175325.npz
all_left,wxg0901,left,wxg0901_0501_run1,wxg-0901__20260501-left__20260501_175542.npz
all_left,wxg0901,left,wxg0901_0501_run1,wxg-0901__20260501-left__20260501_175800.npz
all_left,wxg0901,left,wxg0901_0501_run1,wxg-0901__20260501-left__20260501_180016.npz
all_left,wxg0901,left,wxg0901_0501_run1,wxg-0901__20260501-left__20260501_180233.npz
all_left,wxg0901,left,wxg0901_0501_run1,wxg-0901__20260501-left__20260501_180452.npz
all_left,wxg0901,left,wxg0901_0501_run1,wxg-0901__20260501-left__20260501_180709.npz
all_left,wxg0901,left,wxg0901_0501_run1,wxg-0901__20260501-left__20260501_180924.npz
all_left,wxg0901,left,wxg0901_0501_run1,wxg-0901__20260501-left__20260501_181139.npz
all_left,wxg0901,left,wxg0901_0501_run1,wxg-0901__20260501-left__20260501_181355.npz
all_left,wxg0901,left,wxg0901_0501_run1,wxg-0901__20260501-left__20260501_181613.npz
all_left,wxg0901,left,wxg0901_0501_run1,wxg-0901__20260501-left__20260501_181833.npz
all_left,wxg0901,left,wxg0901_0502_left,wxg-0901__20260502-left-10__20260502_153835.npz
all_left,wxg0901,left,wxg0901_0502_left,wxg-0901__20260502-left-10__20260502_154338.npz
all_left,wxg0901,left,wxg0901_0502_left,wxg-0901__20260502-left-10__20260502_154553.npz
all_left,wxg0901,left,wxg0901_0502_left,wxg-0901__20260502-left-10__20260502_154810.npz
all_left,wxg0901,left,wxg0901_0502_left,wxg-0901__20260502-left-10__20260502_155023.npz
all_left,wxg0901,left,wxg0901_0502_left,wxg-0901__20260502-left-10__20260502_155237.npz
all_left,wxg0901,left,wxg0901_0502_left,wxg-0901__20260502-left-10__20260502_155450.npz
all_left,wxg0901,left,wxg0901_0502_left,wxg-0901__20260502-left-10__20260502_155708.npz
all_left,wxg0901,left,wxg0901_0502_left,wxg-0901__20260502-left-10__20260502_155923.npz
all_left,wxg0901,left,wxg0901_0502_left,wxg-0901__20260502-left-10__20260502_160138.npz
all_left,wxg0901,left,wxg0901_0502_left,wxg-0901__20260502-left-10__20260502_160356.npz
all_left,wxg0901,left,wxg0901_0502_left,wxg-0901__20260502-left-10__20260502_160610.npz
all_left,wxg0901,left,wxg0901_0502_left,wxg-0901__20260502-left-10__20260502_160829.npz
all_left,wxg0901,left,wxg0901_0502_left,wxg-0901__20260502-left-10__20260502_161045.npz
all_left,wxg0901,left,wxg0901_0502_left,wxg-0901__20260502-left-10__20260502_161302.npz
all_left,wxg0901,left,wxg0901_0502_left,wxg-0901__20260502-left-10__20260502_161517.npz
all_left,wxg0901,left,wxg0901_0502_left,wxg-0901__20260502-left-10__20260502_161731.npz
all_left,wxg0901,left,wxg0901_0502_left,wxg-0901__20260502-left-10__20260502_161952.npz
all_left,wxg0901,left,wxg0901_0502_left,wxg-0901__20260502-left-10__20260502_162227.npz
all_left,wxg0901,left,wxg0901_0502_left,wxg-0901__20260502-left-10__20260502_162447.npz
all_left,wxg0901,left,wxg0901_0502_left,wxg-0901__20260502-left-10__20260502_162703.npz
all_left,wxg0901,left,wxg0901_0502_left,wxg-0901__20260502-left-10__20260502_162929.npz
all_left,wxg0901,left,wxg0901_0502_left,wxg-0901__20260502-left-10__20260502_163201.npz
all_left,wxg0901,left,wxg0901_0502_left,wxg-0901__20260502-left-10__20260502_163424.npz
all_left,wxg0901,left,wxg0901_0502_left,wxg-0901__20260502-left-10__20260502_163643.npz
all_left,wxg0901,left,wxg0901_0502_left,wxg-0901__20260502-left-10__20260502_163858.npz
all_left,wxg0901,left,wxg0901_0502_left,wxg-0901__20260502-left-10__20260502_164113.npz
all_left,wxg0901,left,wxg0901_0502_left,wxg-0901__20260502-left-10__20260502_164330.npz
all_left,wxg0901,left,wxg0901_0502_left,wxg-0901__20260502-left-10__20260502_164553.npz
all_left,wxg0901,left,wxg0901_0502_left,wxg-0901__20260502-left-10__20260502_164812.npz
all_left,wxg0901,left,wxg0901_0502_left,wxg-0901__20260502-left-10__20260502_165028.npz
all_left,wxg0901,left,wxg0901_0502_left,wxg-0901__20260502-left-10__20260502_165243.npz
all_left,wxg0901,left,wxg0901_0502_left,wxg-0901__20260502-left-11__20260502_172835.npz
all_left,wxg0901,left,wxg0901_0502_left,wxg-0901__20260502-left-11__20260502_173107.npz
all_left,wxg0901,left,wxg0901_0502_left,wxg-0901__20260502-left-11__20260502_173321.npz
all_left,wxg0901,left,wxg0901_0502_left,wxg-0901__20260502-left-11__20260502_173535.npz
all_left,wxg0901,left,wxg0901_0502_left,wxg-0901__20260502-left-12__20260502_173900.npz
all_left,wxg0901,left,wxg0901_0502_left,wxg-0901__20260502-left-12__20260502_174117.npz
all_left,wxg0901,left,wxg0901_0502_left,wxg-0901__20260502-left-12__20260502_174333.npz
all_left,wxg0901,left,wxg0901_0502_left,wxg-0901__20260502-left-12__20260502_174548.npz
all_left,wxg0901,left,wxg0901_0502_left,wxg-0901__20260502-left-12__20260502_174801.npz
all_left,wxg0901,left,wxg0901_0502_left,wxg-0901__20260502-left-12__20260502_175017.npz
all_left,wxg0901,left,wxg0901_0502_left,wxg-0901__20260502-left-12__20260502_175231.npz
all_left,wxg0901,left,wxg0901_0502_left,wxg-0901__20260502-left-12__20260502_175444.npz
all_left,wxg0901,left,wxg0901_0502_left,wxg-0901__20260502-left-12__20260502_175657.npz
all_left,wxg0901,left,wxg0901_0502_left,wxg-0901__20260502-left-12__20260502_180150.npz
all_left,wxg0901,left,wxg0901_0502_left,wxg-0901__20260502-left-12__20260502_180409.npz
all_left,wxg0901,left,wxg0901_0502_left,wxg-0901__20260502-left-13__20260502_182734.npz
all_left,wxg0901,left,wxg0901_0502_left,wxg-0901__20260502-left-13__20260502_182953.npz
all_left,wxg0901,left,wxg0901_0502_left,wxg-0901__20260502-left-13__20260502_183208.npz
all_left,wxg0901,left,wxg0901_0502_left,wxg-0901__20260502-left-13__20260502_183422.npz
all_left,wxg0901,left,wxg0901_0502_left,wxg-0901__20260502-left-13__20260502_183638.npz
all_left,wxg0901,left,wxg0901_0502_left,wxg-0901__20260502-left-2__20260502_102854.npz
all_left,wxg0901,left,wxg0901_0502_left,wxg-0901__20260502-left-2__20260502_103109.npz
all_left,wxg0901,left,wxg0901_0502_left,wxg-0901__20260502-left-2__20260502_103324.npz
all_left,wxg0901,left,wxg0901_0502_left,wxg-0901__20260502-left-2__20260502_103543.npz
all_left,wxg0901,left,wxg0901_0502_left,wxg-0901__20260502-left-2__20260502_103759.npz
all_left,wxg0901,left,wxg0901_0502_left,wxg-0901__20260502-left-2__20260502_104015.npz
all_left,wxg0901,left,wxg0901_0502_left,wxg-0901__20260502-left-2__20260502_104233.npz
all_left,wxg0901,left,wxg0901_0502_left,wxg-0901__20260502-left-2__20260502_104450.npz
all_left,wxg0901,left,wxg0901_0502_left,wxg-0901__20260502-left-2__20260502_104708.npz
all_left,wxg0901,left,wxg0901_0502_left,wxg-0901__20260502-left-2__20260502_104925.npz
all_left,wxg0901,left,wxg0901_0502_left,wxg-0901__20260502-left-2__20260502_105203.npz
all_left,wxg0901,left,wxg0901_0502_left,wxg-0901__20260502-left-3__20260502_111143.npz
all_left,wxg0901,left,wxg0901_0502_left,wxg-0901__20260502-left-3__20260502_111400.npz
all_left,wxg0901,left,wxg0901_0502_left,wxg-0901__20260502-left-3__20260502_111615.npz
all_left,wxg0901,left,wxg0901_0502_left,wxg-0901__20260502-left-3__20260502_111829.npz
all_left,wxg0901,left,wxg0901_0502_left,wxg-0901__20260502-left-3__20260502_112048.npz
all_left,wxg0901,left,wxg0901_0502_left,wxg-0901__20260502-left-3__20260502_112303.npz
all_left,wxg0901,left,wxg0901_0502_left,wxg-0901__20260502-left-3__20260502_112520.npz
all_left,wxg0901,left,wxg0901_0502_left,wxg-0901__20260502-left-3__20260502_112734.npz
all_left,wxg0901,left,wxg0901_0502_left,wxg-0901__20260502-left-3__20260502_112949.npz
all_left,wxg0901,left,wxg0901_0502_left,wxg-0901__20260502-left-3__20260502_113206.npz
all_left,wxg0901,left,wxg0901_0502_left,wxg-0901__20260502-left-3__20260502_113421.npz
all_left,wxg0901,left,wxg0901_0502_left,wxg-0901__20260502-left-3__20260502_113636.npz
all_left,wxg0901,left,wxg0901_0502_left,wxg-0901__20260502-left-3__20260502_113852.npz
all_left,wxg0901,left,wxg0901_0502_left,wxg-0901__20260502-left-3__20260502_114109.npz
all_left,wxg0901,left,wxg0901_0502_left,wxg-0901__20260502-left-4__20260502_131051.npz
all_left,wxg0901,left,wxg0901_0502_left,wxg-0901__20260502-left-4__20260502_131313.npz
all_left,wxg0901,left,wxg0901_0502_left,wxg-0901__20260502-left-4__20260502_131541.npz
all_left,wxg0901,left,wxg0901_0502_left,wxg-0901__20260502-left-4__20260502_131801.npz
all_left,wxg0901,left,wxg0901_0502_left,wxg-0901__20260502-left-4__20260502_132022.npz
all_left,wxg0901,left,wxg0901_0502_left,wxg-0901__20260502-left-4__20260502_132242.npz
all_left,wxg0901,left,wxg0901_0502_left,wxg-0901__20260502-left-4__20260502_132500.npz
all_left,wxg0901,left,wxg0901_0502_left,wxg-0901__20260502-left-4__20260502_132718.npz
all_left,wxg0901,left,wxg0901_0502_left,wxg-0901__20260502-left-4__20260502_132940.npz
all_left,wxg0901,left,wxg0901_0502_left,wxg-0901__20260502-left-5__20260502_134056.npz
all_left,wxg0901,left,wxg0901_0502_left,wxg-0901__20260502-left-5__20260502_134330.npz
all_left,wxg0901,left,wxg0901_0502_left,wxg-0901__20260502-left-5__20260502_134617.npz
all_left,wxg0901,left,wxg0901_0502_left,wxg-0901__20260502-left-5__20260502_134833.npz
all_left,wxg0901,left,wxg0901_0502_left,wxg-0901__20260502-left-6__20260502_135158.npz
all_left,wxg0901,left,wxg0901_0502_left,wxg-0901__20260502-left-6__20260502_135414.npz
all_left,wxg0901,left,wxg0901_0502_left,wxg-0901__20260502-left-6__20260502_135642.npz
all_left,wxg0901,left,wxg0901_0502_left,wxg-0901__20260502-left-6__20260502_135948.npz
all_left,wxg0901,left,wxg0901_0502_left,wxg-0901__20260502-left-6__20260502_140205.npz
all_left,wxg0901,left,wxg0901_0502_left,wxg-0901__20260502-left-6__20260502_140420.npz
all_left,wxg0901,left,wxg0901_0502_left,wxg-0901__20260502-left-6__20260502_140638.npz
all_left,wxg0901,left,wxg0901_0502_left,wxg-0901__20260502-left-6__20260502_140854.npz
all_left,wxg0901,left,wxg0901_0502_left,wxg-0901__20260502-left-6__20260502_141109.npz
all_left,wxg0901,left,wxg0901_0502_left,wxg-0901__20260502-left-6__20260502_141324.npz
all_left,wxg0901,left,wxg0901_0502_left,wxg-0901__20260502-left-6__20260502_141541.npz
all_left,wxg0901,left,wxg0901_0502_left,wxg-0901__20260502-left-6__20260502_141756.npz
all_left,wxg0901,left,wxg0901_0502_left,wxg-0901__20260502-left-6__20260502_142012.npz
all_left,wxg0901,left,wxg0901_0502_left,wxg-0901__20260502-left-7__20260502_143623.npz
all_left,wxg0901,left,wxg0901_0502_left,wxg-0901__20260502-left-8__20260502_144322.npz
all_left,wxg0901,left,wxg0901_0502_left,wxg-0901__20260502-left-8__20260502_144536.npz
all_left,wxg0901,left,wxg0901_0502_left,wxg-0901__20260502-left-8__20260502_144840.npz
all_left,wxg0901,left,wxg0901_0502_left,wxg-0901__20260502-left-8__20260502_145135.npz
all_left,wxg0901,left,wxg0901_0502_left,wxg-0901__20260502-left-8__20260502_145408.npz
all_left,wxg0901,left,wxg0901_0502_left,wxg-0901__20260502-left-9__20260502_145911.npz
all_left,wxg0901,left,wxg0901_0502_left,wxg-0901__20260502-left-9__20260502_150124.npz
all_left,wxg0901,left,wxg0901_0502_left,wxg-0901__20260502-left-9__20260502_150339.npz
all_left,wxg0901,left,wxg0901_0502_left,wxg-0901__20260502-left-9__20260502_150554.npz
all_left,wxg0901,left,wxg0901_0502_left,wxg-0901__20260502-left-9__20260502_150813.npz
all_left,wxg0901,left,wxg0901_0502_left,wxg-0901__20260502-left-9__20260502_151027.npz
all_left,wxg0901,left,wxg0901_0502_left,wxg-0901__20260502-left-9__20260502_151240.npz
all_left,wxg0901,left,wxg0901_0502_left,wxg-0901__20260502-left-9__20260502_151457.npz
all_left,wxg0901,left,wxg0901_0502_left,wxg-0901__20260502-left-9__20260502_151713.npz
all_left,wxg0901,left,wxg0901_0502_left,wxg-0901__20260502-left-9__20260502_152021.npz
all_left,wxg0901,left,wxg0901_0502_left,wxg-0901__20260502-left__20260502_102304.npz
all_left,wxg0901,left,wxg0901_0504_left,wxg-0901__20260504-left-2_v33__20260504_105850.npz
all_left,wxg0901,left,wxg0901_0504_left,wxg-0901__20260504-left-2_v33__20260504_110107.npz
all_left,wxg0901,left,wxg0901_0504_left,wxg-0901__20260504-left-2_v33__20260504_110324.npz
all_left,wxg0901,left,wxg0901_0504_left,wxg-0901__20260504-left-2_v33__20260504_133529.npz
all_left,wxg0901,left,wxg0901_0504_left,wxg-0901__20260504-left-2_v33__20260504_133747.npz
all_left,wxg0901,left,wxg0901_0504_left,wxg-0901__20260504-left-2_v33__20260504_134003.npz
all_left,wxg0901,left,wxg0901_0504_left,wxg-0901__20260504-left-2_v33__20260504_134218.npz
all_left,wxg0901,left,wxg0901_0504_left,wxg-0901__20260504-left-2_v33__20260504_134435.npz
all_left,wxg0901,left,wxg0901_0504_left,wxg-0901__20260504-left-2_v33__20260504_134649.npz
all_left,wxg0901,left,wxg0901_0504_left,wxg-0901__20260504-left-2_v33__20260504_134951.npz
all_left,wxg0901,left,wxg0901_0504_left,wxg-0901__20260504-left-2_v33__20260504_135207.npz
all_left,wxg0901,left,wxg0901_0504_left,wxg-0901__20260504-left-2_v33__20260504_135425.npz
all_left,wxg0901,left,wxg0901_0504_left,wxg-0901__20260504-left-2_v33__20260504_135642.npz
all_left,wxg0901,left,wxg0901_0504_left,wxg-0901__20260504-left-2_v33__20260504_135859.npz
all_left,wxg0901,left,wxg0901_0504_left,wxg-0901__20260504-left-2_v33__20260504_140115.npz
all_left,wxg0901,left,wxg0901_0504_left,wxg-0901__20260504-left-2_v33__20260504_140330.npz
all_left,wxg0901,left,wxg0901_0504_left,wxg-0901__20260504-left-2_v33__20260504_140547.npz
all_left,wxg0901,left,wxg0901_0504_left,wxg-0901__20260504-left-2_v33__20260504_140802.npz
all_left,wxg0901,left,wxg0901_0504_left,wxg-0901__20260504-left-2_v71__20260504_155620.npz
all_left,wxg0901,left,wxg0901_0504_left,wxg-0901__20260504-left-2_v71__20260504_155835.npz
all_left,wxg0901,left,wxg0901_0504_left,wxg-0901__20260504-left-2_v71__20260504_160051.npz
all_left,wxg0901,left,wxg0901_0504_left,wxg-0901__20260504-left-2_v71__20260504_160306.npz
all_left,wxg0901,left,wxg0901_0504_left,wxg-0901__20260504-left-2_v71__20260504_160520.npz
all_left,wxg0901,left,wxg0901_0504_left,wxg-0901__20260504-left-2_v71__20260504_160811.npz
all_left,wxg0901,left,wxg0901_0504_left,wxg-0901__20260504-left-2_v71__20260504_161025.npz
all_left,wxg0901,left,wxg0901_0504_left,wxg-0901__20260504-left-2_v71__20260504_161240.npz
all_left,wxg0901,left,wxg0901_0504_left,wxg-0901__20260504-left-2_v71__20260504_161455.npz
all_left,wxg0901,left,wxg0901_0504_left,wxg-0901__20260504-left-2_v71__20260504_161711.npz
all_left,wxg0901,left,wxg0901_0504_left,wxg-0901__20260504-left-3_v33__20260504_110816.npz
all_left,wxg0901,left,wxg0901_0504_left,wxg-0901__20260504-left-3_v33__20260504_111031.npz
all_left,wxg0901,left,wxg0901_0504_left,wxg-0901__20260504-left-3_v33__20260504_111254.npz
all_left,wxg0901,left,wxg0901_0504_left,wxg-0901__20260504-left-3_v33__20260504_141404.npz
all_left,wxg0901,left,wxg0901_0504_left,wxg-0901__20260504-left-3_v33__20260504_141622.npz
all_left,wxg0901,left,wxg0901_0504_left,wxg-0901__20260504-left-3_v33__20260504_141844.npz
all_left,wxg0901,left,wxg0901_0504_left,wxg-0901__20260504-left-3_v71__20260504_162204.npz
all_left,wxg0901,left,wxg0901_0504_left,wxg-0901__20260504-left-3_v71__20260504_162418.npz
all_left,wxg0901,left,wxg0901_0504_left,wxg-0901__20260504-left-3_v71__20260504_162633.npz
all_left,wxg0901,left,wxg0901_0504_left,wxg-0901__20260504-left-3_v71__20260504_162848.npz
all_left,wxg0901,left,wxg0901_0504_left,wxg-0901__20260504-left-3_v71__20260504_163102.npz
all_left,wxg0901,left,wxg0901_0504_left,wxg-0901__20260504-left-3_v71__20260504_163317.npz
all_left,wxg0901,left,wxg0901_0504_left,wxg-0901__20260504-left-3_v71__20260504_163532.npz
all_left,wxg0901,left,wxg0901_0504_left,wxg-0901__20260504-left-3_v71__20260504_163752.npz
all_left,wxg0901,left,wxg0901_0504_left,wxg-0901__20260504-left-3_v71__20260504_164007.npz
all_left,wxg0901,left,wxg0901_0504_left,wxg-0901__20260504-left-3_v71__20260504_164222.npz
all_left,wxg0901,left,wxg0901_0504_left,wxg-0901__20260504-left-4_v33__20260504_113418.npz
all_left,wxg0901,left,wxg0901_0504_left,wxg-0901__20260504-left-4_v33__20260504_113635.npz
all_left,wxg0901,left,wxg0901_0504_left,wxg-0901__20260504-left-4_v33__20260504_113853.npz
all_left,wxg0901,left,wxg0901_0504_left,wxg-0901__20260504-left-4_v33__20260504_114108.npz
all_left,wxg0901,left,wxg0901_0504_left,wxg-0901__20260504-left-4_v33__20260504_114330.npz
all_left,wxg0901,left,wxg0901_0504_left,wxg-0901__20260504-left-4_v33__20260504_142442.npz
all_left,wxg0901,left,wxg0901_0504_left,wxg-0901__20260504-left-4_v33__20260504_142658.npz
all_left,wxg0901,left,wxg0901_0504_left,wxg-0901__20260504-left-4_v33__20260504_142920.npz
all_left,wxg0901,left,wxg0901_0504_left,wxg-0901__20260504-left-4_v33__20260504_143135.npz
all_left,wxg0901,left,wxg0901_0504_left,wxg-0901__20260504-left-4_v33__20260504_143350.npz
all_left,wxg0901,left,wxg0901_0504_left,wxg-0901__20260504-left-4_v71__20260504_165322.npz
all_left,wxg0901,left,wxg0901_0504_left,wxg-0901__20260504-left-5_v33__20260504_115254.npz
all_left,wxg0901,left,wxg0901_0504_left,wxg-0901__20260504-left-5_v71__20260504_171055.npz
all_left,wxg0901,left,wxg0901_0504_left,wxg-0901__20260504-left-5_v71__20260504_171315.npz
all_left,wxg0901,left,wxg0901_0504_left,wxg-0901__20260504-left-5_v71__20260504_171530.npz
all_left,wxg0901,left,wxg0901_0504_left,wxg-0901__20260504-left-5_v71__20260504_171743.npz
all_left,wxg0901,left,wxg0901_0504_left,wxg-0901__20260504-left-5_v71__20260504_171956.npz
all_left,wxg0901,left,wxg0901_0504_left,wxg-0901__20260504-left-5_v71__20260504_172209.npz
all_left,wxg0901,left,wxg0901_0504_left,wxg-0901__20260504-left-5_v71__20260504_172425.npz
all_left,wxg0901,left,wxg0901_0504_left,wxg-0901__20260504-left-5_v71__20260504_172641.npz
all_left,wxg0901,left,wxg0901_0504_left,wxg-0901__20260504-left-5_v71__20260504_172858.npz
all_left,wxg0901,left,wxg0901_0504_left,wxg-0901__20260504-left-5_v71__20260504_173110.npz
all_left,wxg0901,left,wxg0901_0504_left,wxg-0901__20260504-left-5_v71__20260504_173324.npz
all_left,wxg0901,left,wxg0901_0504_left,wxg-0901__20260504-left-5_v71__20260504_173537.npz
all_left,wxg0901,left,wxg0901_0504_left,wxg-0901__20260504-left-5_v71__20260504_173752.npz
all_left,wxg0901,left,wxg0901_0504_left,wxg-0901__20260504-left-5_v71__20260504_174006.npz
all_left,wxg0901,left,wxg0901_0504_left,wxg-0901__20260504-left-5_v71__20260504_174221.npz
all_left,wxg0901,left,wxg0901_0504_left,wxg-0901__20260504-left-6_v71__20260504_174451.npz
all_left,wxg0901,left,wxg0901_0504_left,wxg-0901__20260504-left-6_v71__20260504_174705.npz
all_left,wxg0901,left,wxg0901_0504_left,wxg-0901__20260504-left-6_v71__20260504_174920.npz
all_left,wxg0901,left,wxg0901_0504_left,wxg-0901__20260504-left-6_v71__20260504_175134.npz
all_left,wxg0901,left,wxg0901_0504_left,wxg-0901__20260504-left-6_v71__20260504_175347.npz
all_left,wxg0901,left,wxg0901_0504_left,wxg-0901__20260504-left-6_v71__20260504_175600.npz
all_left,wxg0901,left,wxg0901_0504_left,wxg-0901__20260504-left-6_v71__20260504_175814.npz
all_left,wxg0901,left,wxg0901_0504_left,wxg-0901__20260504-left-6_v71__20260504_180025.npz
all_left,wxg0901,left,wxg0901_0504_left,wxg-0901__20260504-left-6_v71__20260504_180238.npz
all_left,wxg0901,left,wxg0901_0504_left,wxg-0901__20260504-left-6_v71__20260504_180453.npz
all_left,wxg0901,left,wxg0901_0504_left,wxg-0901__20260504-left-6_v71__20260504_180706.npz
all_left,wxg0901,left,wxg0901_0504_left,wxg-0901__20260504-left-6_v71__20260504_180920.npz
all_left,wxg0901,left,wxg0901_0504_left,wxg-0901__20260504-left-6_v71__20260504_181137.npz
all_left,wxg0901,left,wxg0901_0504_left,wxg-0901__20260504-left-6_v71__20260504_181351.npz
all_left,wxg0901,left,wxg0901_0504_left,wxg-0901__20260504-left-6_v71__20260504_181604.npz
all_left,wxg0901,left,wxg0901_0504_left,wxg-0901__20260504-left-7_v71__20260504_182150.npz
all_left,wxg0901,left,wxg0901_0504_left,wxg-0901__20260504-left-7_v71__20260504_182402.npz
all_left,wxg0901,left,wxg0901_0504_left,wxg-0901__20260504-left-7_v71__20260504_182615.npz
all_left,wxg0901,left,wxg0901_0504_left,wxg-0901__20260504-left-7_v71__20260504_182828.npz
all_left,wxg0901,left,wxg0901_0504_left,wxg-0901__20260504-left-7_v71__20260504_183041.npz
all_left,wxg0901,left,wxg0901_0504_left,wxg-0901__20260504-left-7_v71__20260504_183254.npz
all_left,wxg0901,left,wxg0901_0504_left,wxg-0901__20260504-left-7_v71__20260504_183508.npz
all_left,wxg0901,left,wxg0901_0504_left,wxg-0901__20260504-left-7_v71__20260504_183720.npz
all_left,wxg0901,left,wxg0901_0504_left,wxg-0901__20260504-left-7_v71__20260504_183934.npz
all_left,wxg0901,left,wxg0901_0504_left,wxg-0901__20260504-left-7_v71__20260504_184146.npz
all_left,wxg0901,left,wxg0901_0504_left,wxg-0901__20260504-left-7_v71__20260504_184405.npz
all_left,wxg0901,left,wxg0901_0504_left,wxg-0901__20260504-left-7_v71__20260504_184617.npz
all_left,wxg0901,left,wxg0901_0504_left,wxg-0901__20260504-left-7_v71__20260504_184833.npz
all_left,wxg0901,left,wxg0901_0504_left,wxg-0901__20260504-left-7_v71__20260504_185046.npz
all_left,wxg0901,left,wxg0901_0504_left,wxg-0901__20260504-left-7_v71__20260504_185258.npz
all_left,wxg0901,left,wxg0901_0504_left,wxg-0901__20260504-left-7_v71__20260504_185536.npz
all_left,wxg0901,left,wxg0901_0505_left,wxg-0901__20260505-left-10__20260505_160827.npz
all_left,wxg0901,left,wxg0901_0505_left,wxg-0901__20260505-left-11__20260505_161453.npz
all_left,wxg0901,left,wxg0901_0505_left,wxg-0901__20260505-left-11__20260505_161706.npz
all_left,wxg0901,left,wxg0901_0505_left,wxg-0901__20260505-left-11__20260505_161920.npz
all_left,wxg0901,left,wxg0901_0505_left,wxg-0901__20260505-left-11__20260505_162134.npz
all_left,wxg0901,left,wxg0901_0505_left,wxg-0901__20260505-left-11__20260505_162346.npz
all_left,wxg0901,left,wxg0901_0505_left,wxg-0901__20260505-left-11__20260505_162600.npz
all_left,wxg0901,left,wxg0901_0505_left,wxg-0901__20260505-left-11__20260505_162824.npz
all_left,wxg0901,left,wxg0901_0505_left,wxg-0901__20260505-left-12__20260505_170503.npz
all_left,wxg0901,left,wxg0901_0505_left,wxg-0901__20260505-left-12__20260505_170716.npz
all_left,wxg0901,left,wxg0901_0505_left,wxg-0901__20260505-left-12__20260505_170929.npz
all_left,wxg0901,left,wxg0901_0505_left,wxg-0901__20260505-left-12__20260505_171144.npz
all_left,wxg0901,left,wxg0901_0505_left,wxg-0901__20260505-left-12__20260505_171357.npz
all_left,wxg0901,left,wxg0901_0505_left,wxg-0901__20260505-left-12__20260505_171615.npz
all_left,wxg0901,left,wxg0901_0505_left,wxg-0901__20260505-left-12__20260505_171829.npz
all_left,wxg0901,left,wxg0901_0505_left,wxg-0901__20260505-left-12__20260505_172043.npz
all_left,wxg0901,left,wxg0901_0505_left,wxg-0901__20260505-left-12__20260505_172259.npz
all_left,wxg0901,left,wxg0901_0505_left,wxg-0901__20260505-left-12__20260505_172513.npz
all_left,wxg0901,left,wxg0901_0505_left,wxg-0901__20260505-left-12__20260505_172726.npz
all_left,wxg0901,left,wxg0901_0505_left,wxg-0901__20260505-left-12__20260505_172940.npz
all_left,wxg0901,left,wxg0901_0505_left,wxg-0901__20260505-left-12__20260505_173153.npz
all_left,wxg0901,left,wxg0901_0505_left,wxg-0901__20260505-left-12__20260505_173406.npz
all_left,wxg0901,left,wxg0901_0505_left,wxg-0901__20260505-left-12__20260505_173620.npz
all_left,wxg0901,left,wxg0901_0505_left,wxg-0901__20260505-left-12__20260505_173834.npz
all_left,wxg0901,left,wxg0901_0505_left,wxg-0901__20260505-left-12__20260505_174047.npz
all_left,wxg0901,left,wxg0901_0505_left,wxg-0901__20260505-left-12__20260505_174300.npz
all_left,wxg0901,left,wxg0901_0505_left,wxg-0901__20260505-left-13__20260505_175117.npz
all_left,wxg0901,left,wxg0901_0505_left,wxg-0901__20260505-left-13__20260505_175330.npz
all_left,wxg0901,left,wxg0901_0505_left,wxg-0901__20260505-left-13__20260505_175542.npz
all_left,wxg0901,left,wxg0901_0505_left,wxg-0901__20260505-left-13__20260505_175755.npz
all_left,wxg0901,left,wxg0901_0505_left,wxg-0901__20260505-left-13__20260505_180009.npz
all_left,wxg0901,left,wxg0901_0505_left,wxg-0901__20260505-left-13__20260505_180221.npz
all_left,wxg0901,left,wxg0901_0505_left,wxg-0901__20260505-left-13__20260505_180434.npz
all_left,wxg0901,left,wxg0901_0505_left,wxg-0901__20260505-left-13__20260505_180647.npz
all_left,wxg0901,left,wxg0901_0505_left,wxg-0901__20260505-left-13__20260505_180900.npz
all_left,wxg0901,left,wxg0901_0505_left,wxg-0901__20260505-left-13__20260505_181114.npz
all_left,wxg0901,left,wxg0901_0505_left,wxg-0901__20260505-left-13__20260505_181326.npz
all_left,wxg0901,left,wxg0901_0505_left,wxg-0901__20260505-left-13__20260505_181539.npz
all_left,wxg0901,left,wxg0901_0505_left,wxg-0901__20260505-left-13__20260505_181752.npz
all_left,wxg0901,left,wxg0901_0505_left,wxg-0901__20260505-left-13__20260505_182004.npz
all_left,wxg0901,left,wxg0901_0505_left,wxg-0901__20260505-left-13__20260505_182228.npz
all_left,wxg0901,left,wxg0901_0505_left,wxg-0901__20260505-left-2__20260505_103932.npz
all_left,wxg0901,left,wxg0901_0505_left,wxg-0901__20260505-left-2__20260505_104146.npz
all_left,wxg0901,left,wxg0901_0505_left,wxg-0901__20260505-left-2__20260505_104400.npz
all_left,wxg0901,left,wxg0901_0505_left,wxg-0901__20260505-left-2__20260505_104614.npz
all_left,wxg0901,left,wxg0901_0505_left,wxg-0901__20260505-left-2__20260505_104828.npz
all_left,wxg0901,left,wxg0901_0505_left,wxg-0901__20260505-left-2__20260505_105046.npz
all_left,wxg0901,left,wxg0901_0505_left,wxg-0901__20260505-left-2__20260505_105301.npz
all_left,wxg0901,left,wxg0901_0505_left,wxg-0901__20260505-left-2__20260505_105516.npz
all_left,wxg0901,left,wxg0901_0505_left,wxg-0901__20260505-left-2__20260505_105730.npz
all_left,wxg0901,left,wxg0901_0505_left,wxg-0901__20260505-left-2__20260505_105944.npz
all_left,wxg0901,left,wxg0901_0505_left,wxg-0901__20260505-left-2__20260505_110157.npz
all_left,wxg0901,left,wxg0901_0505_left,wxg-0901__20260505-left-3__20260505_112125.npz
all_left,wxg0901,left,wxg0901_0505_left,wxg-0901__20260505-left-3__20260505_112340.npz
all_left,wxg0901,left,wxg0901_0505_left,wxg-0901__20260505-left-4__20260505_112609.npz
all_left,wxg0901,left,wxg0901_0505_left,wxg-0901__20260505-left-4__20260505_112824.npz
all_left,wxg0901,left,wxg0901_0505_left,wxg-0901__20260505-left-4__20260505_113039.npz
all_left,wxg0901,left,wxg0901_0505_left,wxg-0901__20260505-left-4__20260505_113253.npz
all_left,wxg0901,left,wxg0901_0505_left,wxg-0901__20260505-left-4__20260505_113507.npz
all_left,wxg0901,left,wxg0901_0505_left,wxg-0901__20260505-left-4__20260505_113720.npz
all_left,wxg0901,left,wxg0901_0505_left,wxg-0901__20260505-left-4__20260505_113935.npz
all_left,wxg0901,left,wxg0901_0505_left,wxg-0901__20260505-left-4__20260505_114153.npz
all_left,wxg0901,left,wxg0901_0505_left,wxg-0901__20260505-left-4__20260505_114408.npz
all_left,wxg0901,left,wxg0901_0505_left,wxg-0901__20260505-left-4__20260505_114650.npz
all_left,wxg0901,left,wxg0901_0505_left,wxg-0901__20260505-left-5__20260505_131836.npz
all_left,wxg0901,left,wxg0901_0505_left,wxg-0901__20260505-left-5__20260505_132051.npz
all_left,wxg0901,left,wxg0901_0505_left,wxg-0901__20260505-left-6__20260505_132405.npz
all_left,wxg0901,left,wxg0901_0505_left,wxg-0901__20260505-left-6__20260505_132617.npz
all_left,wxg0901,left,wxg0901_0505_left,wxg-0901__20260505-left-6__20260505_132831.npz
all_left,wxg0901,left,wxg0901_0505_left,wxg-0901__20260505-left-6__20260505_133048.npz
all_left,wxg0901,left,wxg0901_0505_left,wxg-0901__20260505-left-6__20260505_133300.npz
all_left,wxg0901,left,wxg0901_0505_left,wxg-0901__20260505-left-6__20260505_133512.npz
all_left,wxg0901,left,wxg0901_0505_left,wxg-0901__20260505-left-6__20260505_133728.npz
all_left,wxg0901,left,wxg0901_0505_left,wxg-0901__20260505-left-6__20260505_133941.npz
all_left,wxg0901,left,wxg0901_0505_left,wxg-0901__20260505-left-6__20260505_134154.npz
all_left,wxg0901,left,wxg0901_0505_left,wxg-0901__20260505-left-6__20260505_134408.npz
all_left,wxg0901,left,wxg0901_0505_left,wxg-0901__20260505-left-6__20260505_134623.npz
all_left,wxg0901,left,wxg0901_0505_left,wxg-0901__20260505-left-6__20260505_134838.npz
all_left,wxg0901,left,wxg0901_0505_left,wxg-0901__20260505-left-6__20260505_135052.npz
all_left,wxg0901,left,wxg0901_0505_left,wxg-0901__20260505-left-6__20260505_135306.npz
all_left,wxg0901,left,wxg0901_0505_left,wxg-0901__20260505-left-6__20260505_135520.npz
all_left,wxg0901,left,wxg0901_0505_left,wxg-0901__20260505-left-7__20260505_140834.npz
all_left,wxg0901,left,wxg0901_0505_left,wxg-0901__20260505-left-7__20260505_141048.npz
all_left,wxg0901,left,wxg0901_0505_left,wxg-0901__20260505-left-7__20260505_141303.npz
all_left,wxg0901,left,wxg0901_0505_left,wxg-0901__20260505-left-7__20260505_141532.npz
all_left,wxg0901,left,wxg0901_0505_left,wxg-0901__20260505-left-7__20260505_141745.npz
all_left,wxg0901,left,wxg0901_0505_left,wxg-0901__20260505-left-7__20260505_141958.npz
all_left,wxg0901,left,wxg0901_0505_left,wxg-0901__20260505-left-7__20260505_142211.npz
all_left,wxg0901,left,wxg0901_0505_left,wxg-0901__20260505-left-7__20260505_142427.npz
all_left,wxg0901,left,wxg0901_0505_left,wxg-0901__20260505-left-7__20260505_142641.npz
all_left,wxg0901,left,wxg0901_0505_left,wxg-0901__20260505-left-7__20260505_142856.npz
all_left,wxg0901,left,wxg0901_0505_left,wxg-0901__20260505-left-8__20260505_150456.npz
all_left,wxg0901,left,wxg0901_0505_left,wxg-0901__20260505-left-8__20260505_150709.npz
all_left,wxg0901,left,wxg0901_0505_left,wxg-0901__20260505-left-8__20260505_150922.npz
all_left,wxg0901,left,wxg0901_0505_left,wxg-0901__20260505-left-8__20260505_151137.npz
all_left,wxg0901,left,wxg0901_0505_left,wxg-0901__20260505-left-8__20260505_151351.npz
all_left,wxg0901,left,wxg0901_0505_left,wxg-0901__20260505-left-8__20260505_151605.npz
all_left,wxg0901,left,wxg0901_0505_left,wxg-0901__20260505-left-8__20260505_151818.npz
all_left,wxg0901,left,wxg0901_0505_left,wxg-0901__20260505-left-8__20260505_152031.npz
all_left,wxg0901,left,wxg0901_0505_left,wxg-0901__20260505-left-8__20260505_152246.npz
all_left,wxg0901,left,wxg0901_0505_left,wxg-0901__20260505-left-8__20260505_152500.npz
all_left,wxg0901,left,wxg0901_0505_left,wxg-0901__20260505-left-8__20260505_152713.npz
all_left,wxg0901,left,wxg0901_0505_left,wxg-0901__20260505-left-8__20260505_152925.npz
all_left,wxg0901,left,wxg0901_0505_left,wxg-0901__20260505-left-8__20260505_153140.npz
all_left,wxg0901,left,wxg0901_0505_left,wxg-0901__20260505-left-8__20260505_153356.npz
all_left,wxg0901,left,wxg0901_0505_left,wxg-0901__20260505-left-8__20260505_153608.npz
all_left,wxg0901,left,wxg0901_0505_left,wxg-0901__20260505-left-9__20260505_154656.npz
all_left,wxg0901,left,wxg0901_0505_left,wxg-0901__20260505-left-9__20260505_154910.npz
all_left,wxg0901,left,wxg0901_0505_left,wxg-0901__20260505-left-9__20260505_155122.npz
all_left,wxg0901,left,wxg0901_0505_left,wxg-0901__20260505-left-9__20260505_155337.npz
all_left,wxg0901,left,wxg0901_0505_left,wxg-0901__20260505-left-9__20260505_155550.npz
all_left,wxg0901,left,wxg0901_0505_left,wxg-0901__20260505-left-9__20260505_155805.npz
all_left,wxg0901,left,wxg0901_0505_left,wxg-0901__20260505-left-9__20260505_160018.npz
all_left,wxg0901,left,wxg0901_0505_left,wxg-0901__20260505-left-9__20260505_160230.npz
all_left,wxg0901,left,wxg0901_0505_left,wxg-0901__20260505-left-9__20260505_160443.npz
all_left,wxg0901,left,wxg0901_0505_left,wxg-0901__20260505-left__20260505_102326.npz
all_left,wxg0901,left,wxg0901_0505_left,wxg-0901__20260505-left__20260505_102541.npz
all_left,wxg0901,left,wxg0901_0505_left,wxg-0901__20260505-left__20260505_102756.npz
all_left,wxg0901,left,wxg0901_0505_left,wxg-0901__20260505-left__20260505_103011.npz
all_left,wxg0901,left,wxg0901_0505_left,wxg-0901__20260505-left__20260505_103225.npz
all_left,wyl0101,left,wyl0101_0502_left,wyl-0101__20260502-left-10__20260502_162417.npz
all_left,wyl0101,left,wyl0101_0502_left,wyl-0101__20260502-left-10__20260502_162634.npz
all_left,wyl0101,left,wyl0101_0502_left,wyl-0101__20260502-left-10__20260502_162853.npz
all_left,wyl0101,left,wyl0101_0502_left,wyl-0101__20260502-left-10__20260502_163112.npz
all_left,wyl0101,left,wyl0101_0502_left,wyl-0101__20260502-left-10__20260502_163328.npz
all_left,wyl0101,left,wyl0101_0502_left,wyl-0101__20260502-left-10__20260502_163545.npz
all_left,wyl0101,left,wyl0101_0502_left,wyl-0101__20260502-left-10__20260502_163802.npz
all_left,wyl0101,left,wyl0101_0502_left,wyl-0101__20260502-left-10__20260502_164030.npz
all_left,wyl0101,left,wyl0101_0502_left,wyl-0101__20260502-left-10__20260502_164411.npz
all_left,wyl0101,left,wyl0101_0502_left,wyl-0101__20260502-left-10__20260502_164651.npz
all_left,wyl0101,left,wyl0101_0502_left,wyl-0101__20260502-left-10__20260502_164910.npz
all_left,wyl0101,left,wyl0101_0502_left,wyl-0101__20260502-left-10__20260502_165125.npz
all_left,wyl0101,left,wyl0101_0502_left,wyl-0101__20260502-left-10__20260502_165348.npz
all_left,wyl0101,left,wyl0101_0502_left,wyl-0101__20260502-left-10__20260502_165609.npz
all_left,wyl0101,left,wyl0101_0502_left,wyl-0101__20260502-left-10__20260502_165832.npz
all_left,wyl0101,left,wyl0101_0502_left,wyl-0101__20260502-left-10__20260502_170107.npz
all_left,wyl0101,left,wyl0101_0502_left,wyl-0101__20260502-left-10__20260502_170327.npz
all_left,wyl0101,left,wyl0101_0502_left,wyl-0101__20260502-left-10__20260502_170549.npz
all_left,wyl0101,left,wyl0101_0502_left,wyl-0101__20260502-left-10__20260502_170810.npz
all_left,wyl0101,left,wyl0101_0502_left,wyl-0101__20260502-left-10__20260502_171030.npz
all_left,wyl0101,left,wyl0101_0502_left,wyl-0101__20260502-left-11__20260502_174204.npz
all_left,wyl0101,left,wyl0101_0502_left,wyl-0101__20260502-left-11__20260502_174420.npz
all_left,wyl0101,left,wyl0101_0502_left,wyl-0101__20260502-left-11__20260502_174635.npz
all_left,wyl0101,left,wyl0101_0502_left,wyl-0101__20260502-left-11__20260502_174852.npz
all_left,wyl0101,left,wyl0101_0502_left,wyl-0101__20260502-left-11__20260502_175109.npz
all_left,wyl0101,left,wyl0101_0502_left,wyl-0101__20260502-left-11__20260502_175324.npz
all_left,wyl0101,left,wyl0101_0502_left,wyl-0101__20260502-left-11__20260502_175539.npz
all_left,wyl0101,left,wyl0101_0502_left,wyl-0101__20260502-left-11__20260502_175754.npz
all_left,wyl0101,left,wyl0101_0502_left,wyl-0101__20260502-left-11__20260502_180014.npz
all_left,wyl0101,left,wyl0101_0502_left,wyl-0101__20260502-left-11__20260502_180316.npz
all_left,wyl0101,left,wyl0101_0502_left,wyl-0101__20260502-left-11__20260502_180549.npz
all_left,wyl0101,left,wyl0101_0502_left,wyl-0101__20260502-left-12__20260502_180820.npz
all_left,wyl0101,left,wyl0101_0502_left,wyl-0101__20260502-left-12__20260502_181039.npz
all_left,wyl0101,left,wyl0101_0502_left,wyl-0101__20260502-left-12__20260502_181254.npz
all_left,wyl0101,left,wyl0101_0502_left,wyl-0101__20260502-left-12__20260502_181510.npz
all_left,wyl0101,left,wyl0101_0502_left,wyl-0101__20260502-left-12__20260502_181726.npz
all_left,wyl0101,left,wyl0101_0502_left,wyl-0101__20260502-left-12__20260502_181943.npz
all_left,wyl0101,left,wyl0101_0502_left,wyl-0101__20260502-left-12__20260502_182222.npz
all_left,wyl0101,left,wyl0101_0502_left,wyl-0101__20260502-left-12__20260502_182440.npz
all_left,wyl0101,left,wyl0101_0502_left,wyl-0101__20260502-left-12__20260502_182844.npz
all_left,wyl0101,left,wyl0101_0502_left,wyl-0101__20260502-left-12__20260502_183106.npz
all_left,wyl0101,left,wyl0101_0502_left,wyl-0101__20260502-left-12__20260502_183323.npz
all_left,wyl0101,left,wyl0101_0502_left,wyl-0101__20260502-left-12__20260502_183547.npz
all_left,wyl0101,left,wyl0101_0502_left,wyl-0101__20260502-left-12__20260502_183808.npz
all_left,wyl0101,left,wyl0101_0502_left,wyl-0101__20260502-left-12__20260502_184029.npz
all_left,wyl0101,left,wyl0101_0502_left,wyl-0101__20260502-left-2__20260502_114015.npz
all_left,wyl0101,left,wyl0101_0502_left,wyl-0101__20260502-left-2__20260502_114236.npz
all_left,wyl0101,left,wyl0101_0502_left,wyl-0101__20260502-left-2__20260502_114506.npz
all_left,wyl0101,left,wyl0101_0502_left,wyl-0101__20260502-left-3__20260502_114952.npz
all_left,wyl0101,left,wyl0101_0502_left,wyl-0101__20260502-left-3__20260502_115325.npz
all_left,wyl0101,left,wyl0101_0502_left,wyl-0101__20260502-left-3__20260502_115543.npz
all_left,wyl0101,left,wyl0101_0502_left,wyl-0101__20260502-left-3__20260502_115802.npz
all_left,wyl0101,left,wyl0101_0502_left,wyl-0101__20260502-left-3__20260502_120017.npz
all_left,wyl0101,left,wyl0101_0502_left,wyl-0101__20260502-left-4__20260502_131600.npz
all_left,wyl0101,left,wyl0101_0502_left,wyl-0101__20260502-left-4__20260502_131817.npz
all_left,wyl0101,left,wyl0101_0502_left,wyl-0101__20260502-left-4__20260502_132033.npz
all_left,wyl0101,left,wyl0101_0502_left,wyl-0101__20260502-left-4__20260502_132249.npz
all_left,wyl0101,left,wyl0101_0502_left,wyl-0101__20260502-left-4__20260502_132509.npz
all_left,wyl0101,left,wyl0101_0502_left,wyl-0101__20260502-left-4__20260502_132728.npz
all_left,wyl0101,left,wyl0101_0502_left,wyl-0101__20260502-left-4__20260502_132944.npz
all_left,wyl0101,left,wyl0101_0502_left,wyl-0101__20260502-left-4__20260502_133206.npz
all_left,wyl0101,left,wyl0101_0502_left,wyl-0101__20260502-left-4__20260502_133508.npz
all_left,wyl0101,left,wyl0101_0502_left,wyl-0101__20260502-left-5__20260502_133916.npz
all_left,wyl0101,left,wyl0101_0502_left,wyl-0101__20260502-left-5__20260502_134134.npz
all_left,wyl0101,left,wyl0101_0502_left,wyl-0101__20260502-left-5__20260502_134513.npz
all_left,wyl0101,left,wyl0101_0502_left,wyl-0101__20260502-left-6__20260502_135021.npz
all_left,wyl0101,left,wyl0101_0502_left,wyl-0101__20260502-left-6__20260502_135237.npz
all_left,wyl0101,left,wyl0101_0502_left,wyl-0101__20260502-left-6__20260502_135455.npz
all_left,wyl0101,left,wyl0101_0502_left,wyl-0101__20260502-left-6__20260502_135716.npz
all_left,wyl0101,left,wyl0101_0502_left,wyl-0101__20260502-left-6__20260502_135932.npz
all_left,wyl0101,left,wyl0101_0502_left,wyl-0101__20260502-left-6__20260502_140155.npz
all_left,wyl0101,left,wyl0101_0502_left,wyl-0101__20260502-left-6__20260502_140423.npz
all_left,wyl0101,left,wyl0101_0502_left,wyl-0101__20260502-left-6__20260502_140644.npz
all_left,wyl0101,left,wyl0101_0502_left,wyl-0101__20260502-left-7__20260502_143848.npz
all_left,wyl0101,left,wyl0101_0502_left,wyl-0101__20260502-left-7__20260502_144123.npz
all_left,wyl0101,left,wyl0101_0502_left,wyl-0101__20260502-left-8__20260502_144928.npz
all_left,wyl0101,left,wyl0101_0502_left,wyl-0101__20260502-left-8__20260502_145209.npz
all_left,wyl0101,left,wyl0101_0502_left,wyl-0101__20260502-left-8__20260502_145512.npz
all_left,wyl0101,left,wyl0101_0502_left,wyl-0101__20260502-left-8__20260502_145750.npz
all_left,wyl0101,left,wyl0101_0502_left,wyl-0101__20260502-left-8__20260502_150051.npz
all_left,wyl0101,left,wyl0101_0502_left,wyl-0101__20260502-left-8__20260502_150310.npz
all_left,wyl0101,left,wyl0101_0502_left,wyl-0101__20260502-left-8__20260502_150535.npz
all_left,wyl0101,left,wyl0101_0502_left,wyl-0101__20260502-left-8__20260502_151107.npz
all_left,wyl0101,left,wyl0101_0502_left,wyl-0101__20260502-left-9__20260502_153448.npz
all_left,wyl0101,left,wyl0101_0502_left,wyl-0101__20260502-left-9__20260502_153709.npz
all_left,wyl0101,left,wyl0101_0502_left,wyl-0101__20260502-left-9__20260502_153926.npz
all_left,wyl0101,left,wyl0101_0502_left,wyl-0101__20260502-left-9__20260502_154220.npz
all_left,wyl0101,left,wyl0101_0502_left,wyl-0101__20260502-left-9__20260502_154437.npz
all_left,wyl0101,left,wyl0101_0502_left,wyl-0101__20260502-left-9__20260502_154653.npz
all_left,wyl0101,left,wyl0101_0502_left,wyl-0101__20260502-left-9__20260502_154944.npz
all_left,wyl0101,left,wyl0101_0502_left,wyl-0101__20260502-left-9__20260502_155357.npz
all_left,wyl0101,left,wyl0101_0502_left,wyl-0101__20260502-left-9__20260502_155615.npz
all_left,wyl0101,left,wyl0101_0502_left,wyl-0101__20260502-left-9__20260502_155901.npz
all_left,wyl0101,left,wyl0101_0502_left,wyl-0101__20260502-left-9__20260502_160118.npz
all_left,wyl0101,left,wyl0101_0502_left,wyl-0101__20260502-left-9__20260502_160336.npz
all_left,wyl0101,left,wyl0101_0502_left,wyl-0101__20260502-left-9__20260502_160554.npz
all_left,wyl0101,left,wyl0101_0502_left,wyl-0101__20260502-left-9__20260502_160811.npz
all_left,wyl0101,left,wyl0101_0502_left,wyl-0101__20260502-left-9__20260502_161030.npz
all_left,wyl0101,left,wyl0101_0502_left,wyl-0101__20260502-left-9__20260502_161248.npz
all_left,wyl0101,left,wyl0101_0502_left,wyl-0101__20260502-left-9__20260502_161511.npz
all_left,wyl0101,left,wyl0101_0502_left,wyl-0101__20260502-left__20260502_104648.npz
all_left,wyl0101,left,wyl0101_0502_left,wyl-0101__20260502-left__20260502_104928.npz
all_left,wyl0101,left,wyl0101_0502_left,wyl-0101__20260502-left__20260502_105217.npz
all_left,wyl0101,left,wyl0101_0502_left,wyl-0101__20260502-left__20260502_105534.npz
all_left,wyl0101,left,wyl0101_0502_left,wyl-0101__20260502-left__20260502_105800.npz
all_left,wyl0101,left,wyl0101_0502_left,wyl-0101__20260502-left__20260502_110027.npz
all_left,wyl0101,left,wyl0101_0502_left,wyl-0101__20260502-left__20260502_110327.npz
all_left,wyl0101,left,wyl0101_0502_left,wyl-0101__20260502-left__20260502_110555.npz
all_left,wyl0101,left,wyl0101_0502_left,wyl-0101__20260502-left__20260502_110815.npz
all_left,wyl0101,left,wyl0101_0502_left,wyl-0101__20260502-left__20260502_111247.npz
all_left,wyl0101,left,wyl0101_0502_left,wyl-0101__20260502-left__20260502_111509.npz
all_left,wyl0101,left,wyl0101_0502_left,wyl-0101__20260502-left__20260502_111731.npz
all_left,wyl0101,left,wyl0101_0502_left,wyl-0101__20260502-left__20260502_111953.npz
all_left,wyl0101,left,wyl0101_0502_left,wyl-0101__20260502-left__20260502_112233.npz
all_left,wyl0101,left,wyl0101_0502_left,wyl-0101__20260502-left__20260502_112453.npz
all_left,wyl0101,left,wyl0101_0502_left,wyl-0101__20260502-left__20260502_112715.npz
all_left,wyl0101,left,wyl0101_0502_left,wyl-0101__20260502-left__20260502_112937.npz
all_left,wyl0101,left,wyl0101_0502_left,wyl-0101__20260502-left__20260502_113156.npz
all_left,wyl0101,left,wyl0101_0502_left,wyl-0101__20260502-left__20260502_113413.npz
all_left,wyl0101,left,wyl0101_0502_left,wyl-0101__20260502-left__20260502_113657.npz
all_left,wyl0101,left,wyl0101_0503_left,wyl-0101__20260503-left-2__20260503_113452.npz
all_left,wyl0101,left,wyl0101_0503_left,wyl-0101__20260503-left-2__20260503_113711.npz
all_left,wyl0101,left,wyl0101_0503_left,wyl-0101__20260503-left-2__20260503_113953.npz
all_left,wyl0101,left,wyl0101_0503_left,wyl-0101__20260503-left-2__20260503_114206.npz
all_left,wyl0101,left,wyl0101_0503_left,wyl-0101__20260503-left-2__20260503_114424.npz
all_left,wyl0101,left,wyl0101_0503_left,wyl-0101__20260503-left-2__20260503_114637.npz
all_left,wyl0101,left,wyl0101_0503_left,wyl-0101__20260503-left-2__20260503_114850.npz
all_left,wyl0101,left,wyl0101_0503_left,wyl-0101__20260503-left-2__20260503_115104.npz
all_left,wyl0101,left,wyl0101_0503_left,wyl-0101__20260503-left-2__20260503_115319.npz
all_left,wyl0101,left,wyl0101_0503_left,wyl-0101__20260503-left-2__20260503_115542.npz
all_left,wyl0101,left,wyl0101_0503_left,wyl-0101__20260503-left-3__20260503_130949.npz
all_left,wyl0101,left,wyl0101_0503_left,wyl-0101__20260503-left-3__20260503_131206.npz
all_left,wyl0101,left,wyl0101_0503_left,wyl-0101__20260503-left-4__20260503_134020.npz
all_left,wyl0101,left,wyl0101_0503_left,wyl-0101__20260503-left-4__20260503_134236.npz
all_left,wyl0101,left,wyl0101_0503_left,wyl-0101__20260503-left-4__20260503_134506.npz
all_left,wyl0101,left,wyl0101_0503_left,wyl-0101__20260503-left-4__20260503_134722.npz
all_left,wyl0101,left,wyl0101_0503_left,wyl-0101__20260503-left-4__20260503_134940.npz
all_left,wyl0101,left,wyl0101_0503_left,wyl-0101__20260503-left-4__20260503_135202.npz
all_left,wyl0101,left,wyl0101_0503_left,wyl-0101__20260503-left-4__20260503_135427.npz
all_left,wyl0101,left,wyl0101_0503_left,wyl-0101__20260503-left-4__20260503_135714.npz
all_left,wyl0101,left,wyl0101_0503_left,wyl-0101__20260503-left-4__20260503_135936.npz
all_left,wyl0101,left,wyl0101_0503_left,wyl-0101__20260503-left-4__20260503_140156.npz
all_left,wyl0101,left,wyl0101_0503_left,wyl-0101__20260503-left-4__20260503_140414.npz
all_left,wyl0101,left,wyl0101_0503_left,wyl-0101__20260503-left-4__20260503_140702.npz
all_left,wyl0101,left,wyl0101_0503_left,wyl-0101__20260503-left-4__20260503_140921.npz
all_left,wyl0101,left,wyl0101_0503_left,wyl-0101__20260503-left-4__20260503_141140.npz
all_left,wyl0101,left,wyl0101_0503_left,wyl-0101__20260503-left-4__20260503_141353.npz
all_left,wyl0101,left,wyl0101_0503_left,wyl-0101__20260503-left-4__20260503_141609.npz
all_left,wyl0101,left,wyl0101_0503_left,wyl-0101__20260503-left-4__20260503_141830.npz
all_left,wyl0101,left,wyl0101_0503_left,wyl-0101__20260503-left-4__20260503_142153.npz
all_left,wyl0101,left,wyl0101_0503_left,wyl-0101__20260503-left-5__20260503_145321.npz
all_left,wyl0101,left,wyl0101_0503_left,wyl-0101__20260503-left-5__20260503_145537.npz
all_left,wyl0101,left,wyl0101_0503_left,wyl-0101__20260503-left-5__20260503_145756.npz
all_left,wyl0101,left,wyl0101_0503_left,wyl-0101__20260503-left-5__20260503_150013.npz
all_left,wyl0101,left,wyl0101_0503_left,wyl-0101__20260503-left-5__20260503_150229.npz
all_left,wyl0101,left,wyl0101_0503_left,wyl-0101__20260503-left-5__20260503_150511.npz
all_left,wyl0101,left,wyl0101_0503_left,wyl-0101__20260503-left-5__20260503_150731.npz
all_left,wyl0101,left,wyl0101_0503_left,wyl-0101__20260503-left-6__20260503_151231.npz
all_left,wyl0101,left,wyl0101_0503_left,wyl-0101__20260503-left-6__20260503_151448.npz
all_left,wyl0101,left,wyl0101_0503_left,wyl-0101__20260503-left-6__20260503_151705.npz
all_left,wyl0101,left,wyl0101_0503_left,wyl-0101__20260503-left-6__20260503_151920.npz
all_left,wyl0101,left,wyl0101_0503_left,wyl-0101__20260503-left-6__20260503_152137.npz
all_left,wyl0101,left,wyl0101_0503_left,wyl-0101__20260503-left-6__20260503_152410.npz
all_left,wyl0101,left,wyl0101_0503_left,wyl-0101__20260503-left-6__20260503_152627.npz
all_left,wyl0101,left,wyl0101_0503_left,wyl-0101__20260503-left-6__20260503_152845.npz
all_left,wyl0101,left,wyl0101_0503_left,wyl-0101__20260503-left__20260503_103657.npz
all_left,wyl0101,left,wyl0101_0503_left,wyl-0101__20260503-left__20260503_103913.npz
all_left,wyl0101,left,wyl0101_0503_left,wyl-0101__20260503-left__20260503_104206.npz
all_left,wyl0101,left,wyl0101_0503_left,wyl-0101__20260503-left__20260503_104434.npz
all_left,wyl0101,left,wyl0101_0503_left,wyl-0101__20260503-left__20260503_104653.npz
all_left,wyl0101,left,wyl0101_0503_left,wyl-0101__20260503-left__20260503_104909.npz
all_left,wyl0101,left,wyl0101_0503_left,wyl-0101__20260503-left__20260503_105126.npz
all_left,wyl0101,left,wyl0101_0503_left,wyl-0101__20260503-left__20260503_105350.npz
all_left,wyl0101,left,wyl0101_0503_left,wyl-0101__20260503-left__20260503_105606.npz
all_left,wyl0101,left,wyl0101_0503_left,wyl-0101__20260503-left__20260503_105845.npz
all_left,wyl0101,left,wyl0101_0503_left,wyl-0101__20260503-left__20260503_110112.npz
all_left,wyl0101,left,wyl0101_0503_left,wyl-0101__20260503-left__20260503_110328.npz
all_left,wyl0101,left,wyl0101_0503_left,wyl-0101__20260503-left__20260503_110746.npz
all_left,wyl0101,left,wyl0101_0503_left,wyl-0101__20260503-left__20260503_111003.npz
all_left,wyl0101,left,wyl0101_0503_left,wyl-0101__20260503-left__20260503_111223.npz
all_left,wyl0101,left,wyl0101_0503_left,wyl-0101__20260503-left__20260503_111437.npz
all_left,wyl0101,left,wyl0101_0503_left,wyl-0101__20260503-left__20260503_111715.npz
all_left,wyl0101,left,wyl0101_0503_left,wyl-0101__20260503-left__20260503_112008.npz
all_left,wyl0101,left,wyl0101_0503_left,wyl-0101__20260503-left__20260503_112235.npz
all_left,wyl0101,left,wyl0101_0503_left,wyl-0101__20260503-left__20260503_112454.npz
all_left,wyl0101,left,wyl0101_0504_left,wyl-0101__20260504-left-2_v71__20260504_182806.npz
all_left,wyl0101,left,wyl0101_0504_left,wyl-0101__20260504-left-2_v71__20260504_183019.npz
all_left,wyl0101,left,wyl0101_0504_left,wyl-0101__20260504-left-2_v71__20260504_183232.npz
all_left,wyl0101,left,wyl0101_0504_left,wyl-0101__20260504-left-2_v71__20260504_183534.npz
all_left,wyl0101,left,wyl0101_0504_left,wyl-0101__20260504-left-2_v71__20260504_183751.npz
all_left,wyl0101,left,wyl0101_0504_left,wyl-0101__20260504-left-2_v71__20260504_184013.npz
all_left,zl0926,left,zl0926_0504_left,zl-0926__20260504-left-2_v71__20260504_172739.npz
all_left,zl0926,left,zl0926_0504_left,zl-0926__20260504-left-2_v71__20260504_172954.npz
all_left,zl0926,left,zl0926_0504_left,zl-0926__20260504-left-2_v71__20260504_173213.npz
all_left,zl0926,left,zl0926_0504_left,zl-0926__20260504-left-2_v71__20260504_173436.npz
all_left,zl0926,left,zl0926_0504_left,zl-0926__20260504-left-2_v71__20260504_173652.npz
all_left,zl0926,left,zl0926_0504_left,zl-0926__20260504-left-2_v71__20260504_173912.npz
all_left,zl0926,left,zl0926_0504_left,zl-0926__20260504-left-2_v71__20260504_174126.npz
all_left,zl0926,left,zl0926_0504_left,zl-0926__20260504-left-2_v71__20260504_174356.npz
all_left,zl0926,left,zl0926_0504_left,zl-0926__20260504-left-2_v71__20260504_174611.npz
all_left,zl0926,left,zl0926_0504_left,zl-0926__20260504-left-2_v71__20260504_174831.npz
all_left,zl0926,left,zl0926_0504_left,zl-0926__20260504-left-2_v71__20260504_175103.npz
all_left,zl0926,left,zl0926_0504_left,zl-0926__20260504-left-2_v71__20260504_175417.npz
all_left,zl0926,left,zl0926_0504_left,zl-0926__20260504-left-2_v71__20260504_175633.npz
all_left,zl0926,left,zl0926_0504_left,zl-0926__20260504-left-2_v71__20260504_175847.npz
all_left,zl0926,left,zl0926_0504_left,zl-0926__20260504-left-2_v71__20260504_180104.npz
all_left,zl0926,left,zl0926_0504_left,zl-0926__20260504-left-2_v71__20260504_180321.npz
all_left,zl0926,left,zl0926_0504_left,zl-0926__20260504-left-2_v71__20260504_180535.npz
all_left,zl0926,left,zl0926_0504_left,zl-0926__20260504-left-2_v71__20260504_180751.npz
all_left,zl0926,left,zl0926_0504_left,zl-0926__20260504-left-2_v71__20260504_181007.npz
all_left,zl0926,left,zl0926_0504_left,zl-0926__20260504-left-2_v71__20260504_181223.npz
all_left,zl0926,left,zl0926_0504_left,zl-0926__20260504-left-3_v71__20260504_182220.npz
all_left,zl0926,left,zl0926_0504_left,zl-0926__20260504-left-3_v71__20260504_182438.npz
all_left,zl0926,left,zl0926_0504_left,zl-0926__20260504-left-3_v71__20260504_182655.npz
all_left,zl0926,left,zl0926_0504_left,zl-0926__20260504-left-3_v71__20260504_182910.npz
all_left,zl0926,left,zl0926_0504_left,zl-0926__20260504-left-3_v71__20260504_183127.npz
all_left,zl0926,left,zl0926_0504_left,zl-0926__20260504-left-3_v71__20260504_183344.npz
all_left,zl0926,left,zl0926_0504_left,zl-0926__20260504-left-3_v71__20260504_183559.npz
all_left,zl0926,left,zl0926_0504_left,zl-0926__20260504-left-3_v71__20260504_183816.npz
all_left,zl0926,left,zl0926_0504_left,zl-0926__20260504-left-3_v71__20260504_184111.npz
all_left,zl0926,left,zl0926_0504_left,zl-0926__20260504-left-3_v71__20260504_184347.npz
all_left,zl0926,left,zl0926_0504_left,zl-0926__20260504-left-3_v71__20260504_184607.npz
all_left,zl0926,left,zl0926_0504_left,zl-0926__20260504-left-3_v71__20260504_184833.npz
all_left,zl0926,left,zl0926_0504_left,zl-0926__20260504-left-3_v71__20260504_185048.npz
all_left,zl0926,left,zl0926_0504_left,zl-0926__20260504-left-3_v71__20260504_185303.npz
all_left,zl0926,left,zl0926_0504_left,zl-0926__20260504-left-3_v71__20260504_185523.npz
all_left,zl0926,left,zl0926_0504_left,zl-0926__20260504-left-4_v71__20260504_185810.npz
all_left,zl0926,left,zl0926_0504_left,zl-0926__20260504-left-4_v71__20260504_190024.npz
all_left,zl0926,left,zl0926_0504_left,zl-0926__20260504-left-4_v71__20260504_190238.npz
all_left,zl0926,left,zl0926_0504_left,zl-0926__20260504-left-4_v71__20260504_190453.npz
